Packet (53 bytes):
0000  1c 00 60 04 39 84 03 ad ff ff 00 00 00 00 1b 00   ..`.9...........
0010  00 01 00 01 00 00 02 19 00 00 00 00 21 09 08 02   ............!...
0020  01 00 11 00 08 03 00 00 00 00 00 00 00 00 00 00   ................
0030  00 00 00 00 4a                                    ....J
USB Control (24 bytes):
0000  09 08 02 01 00 11 00 08 03 00 00 00 00 00 00 00   ................
0010  00 00 00 00 00 00 00 4a                           .......J

Packet (53 bytes):
0000  1c 00 60 04 39 84 03 ad ff ff 00 00 00 00 1b 00   ..`.9...........
0010  00 01 00 01 00 00 02 19 00 00 00 00 21 09 08 02   ............!...
0020  01 00 11 00 08 07 00 00 0c 04 01 01 00 53 00 00   .............S..
0030  00 00 00 00 e1                                    .....
USB Control (24 bytes):
0000  09 08 02 01 00 11 00 08 07 00 00 0c 04 01 01 00   ................
0010  53 00 00 00 00 00 00 e1                           S.......

Packet (53 bytes):
0000  1c 00 20 ca b8 85 03 ad ff ff 00 00 00 00 1b 00   .. .............
0010  00 01 00 01 00 00 02 19 00 00 00 00 21 09 08 02   ............!...
0020  01 00 11 00 08 03 00 00 00 00 00 00 00 00 00 00   ................
0030  00 00 00 00 4a                                    ....J
USB Control (24 bytes):
0000  09 08 02 01 00 11 00 08 03 00 00 00 00 00 00 00   ................
0010  00 00 00 00 00 00 00 4a                           .......J

Packet (53 bytes):
0000  1c 00 40 fb ac 85 03 ad ff ff 00 00 00 00 1b 00   ..@.............
0010  00 01 00 01 00 00 02 19 00 00 00 00 21 09 08 02   ............!...
0020  01 00 11 00 08 04 00 00 00 00 00 00 00 00 00 00   ................
0030  00 00 00 00 49                                    ....I
USB Control (24 bytes):
0000  09 08 02 01 00 11 00 08 04 00 00 00 00 00 00 00   ................
0010  00 00 00 00 00 00 00 49                           .......I

Packet (53 bytes):
0000  1c 00 40 8b 77 85 03 ad ff ff 00 00 00 00 1b 00   ..@.w...........
0010  00 01 00 01 00 00 02 19 00 00 00 00 21 09 08 02   ............!...
0020  01 00 11 00 08 03 00 00 00 00 00 00 00 00 00 00   ................
0030  00 00 00 00 4a                                    ....J
USB Control (24 bytes):
0000  09 08 02 01 00 11 00 08 03 00 00 00 00 00 00 00   ................
0010  00 00 00 00 00 00 00 4a                           .......J

Packet (53 bytes):
0000  1c 00 10 10 ee 7e 03 ad ff ff 00 00 00 00 1b 00   .....~..........
0010  00 01 00 01 00 00 02 19 00 00 00 00 21 09 08 02   ............!...
0020  01 00 11 00 08 07 00 00 0c 04 00 00 00 55 00 00   .............U..
0030  00 00 00 00 e1                                    .....
USB Control (24 bytes):
0000  09 08 02 01 00 11 00 08 07 00 00 0c 04 00 00 00   ................
0010  55 00 00 00 00 00 00 e1                           U.......

Packet (53 bytes):
0000  1c 00 20 9a f4 80 03 ad ff ff 00 00 00 00 1b 00   .. .............
0010  00 01 00 01 00 00 02 19 00 00 00 00 21 09 08 02   ............!...
0020  01 00 11 00 08 03 00 00 00 00 00 00 00 00 00 00   ................
0030  00 00 00 00 4a                                    ....J
USB Control (24 bytes):
0000  09 08 02 01 00 11 00 08 03 00 00 00 00 00 00 00   ................
0010  00 00 00 00 00 00 00 4a                           .......J

Packet (53 bytes):
0000  1c 00 10 c0 76 85 03 ad ff ff 00 00 00 00 1b 00   ....v...........
0010  00 01 00 01 00 00 02 19 00 00 00 00 21 09 08 02   ............!...
0020  01 00 11 00 08 04 00 00 00 00 00 00 00 00 00 00   ................
0030  00 00 00 00 49                                    ....I
USB Control (24 bytes):
0000  09 08 02 01 00 11 00 08 04 00 00 00 00 00 00 00   ................
0010  00 00 00 00 00 00 00 49                           .......I

Packet (53 bytes):
0000  1c 00 60 14 ee 7e 03 ad ff ff 00 00 00 00 1b 00   ..`..~..........
0010  00 01 00 01 00 00 02 19 00 00 00 00 21 09 08 02   ............!...
0020  01 00 11 00 08 03 00 00 00 00 00 00 00 00 00 00   ................
0030  00 00 00 00 4a                                    ....J
USB Control (24 bytes):
0000  09 08 02 01 00 11 00 08 03 00 00 00 00 00 00 00   ................
0010  00 00 00 00 00 00 00 4a                           .......J

Packet (53 bytes):
0000  1c 00 10 d0 53 7e 03 ad ff ff 00 00 00 00 1b 00   ....S~..........
0010  00 01 00 01 00 00 02 19 00 00 00 00 21 09 08 02   ............!...
0020  01 00 11 00 08 07 00 00 0c 04 01 01 00 53 00 00   .............S..
0030  00 00 00 00 e1                                    .....
USB Control (24 bytes):
0000  09 08 02 01 00 11 00 08 07 00 00 0c 04 01 01 00   ................
0010  53 00 00 00 00 00 00 e1                           S.......

Packet (53 bytes):
0000  1c 00 10 d0 53 7e 03 ad ff ff 00 00 00 00 1b 00   ....S~..........
0010  00 01 00 01 00 00 02 19 00 00 00 00 21 09 08 02   ............!...
0020  01 00 11 00 08 03 00 00 00 00 00 00 00 00 00 00   ................
0030  00 00 00 00 4a                                    ....J
USB Control (24 bytes):
0000  09 08 02 01 00 11 00 08 03 00 00 00 00 00 00 00   ................
0010  00 00 00 00 00 00 00 4a                           .......J

Packet (53 bytes):
0000  1c 00 20 ba a0 85 03 ad ff ff 00 00 00 00 1b 00   .. .............
0010  00 01 00 01 00 00 02 19 00 00 00 00 21 09 08 02   ............!...
0020  01 00 11 00 08 07 00 00 0c 04 02 02 00 51 00 00   .............Q..
0030  00 00 00 00 e1                                    .....
USB Control (24 bytes):
0000  09 08 02 01 00 11 00 08 07 00 00 0c 04 02 02 00   ................
0010  51 00 00 00 00 00 00 e1                           Q.......

Packet (53 bytes):
0000  1c 00 60 54 9e 86 03 ad ff ff 00 00 00 00 1b 00   ..`T............
0010  00 01 00 01 00 00 02 19 00 00 00 00 21 09 08 02   ............!...
0020  01 00 11 00 08 03 00 00 00 00 00 00 00 00 00 00   ................
0030  00 00 00 00 4a                                    ....J
USB Control (24 bytes):
0000  09 08 02 01 00 11 00 08 03 00 00 00 00 00 00 00   ................
0010  00 00 00 00 00 00 00 4a                           .......J

Packet (53 bytes):
0000  1c 00 10 50 a2 85 03 ad ff ff 00 00 00 00 1b 00   ...P............
0010  00 01 00 01 00 00 02 19 00 00 00 00 21 09 08 02   ............!...
0020  01 00 11 00 08 04 00 00 00 00 00 00 00 00 00 00   ................
0030  00 00 00 00 49                                    ....I
USB Control (24 bytes):
0000  09 08 02 01 00 11 00 08 04 00 00 00 00 00 00 00   ................
0010  00 00 00 00 00 00 00 49                           .......I

Packet (53 bytes):
0000  1c 00 20 ba a0 85 03 ad ff ff 00 00 00 00 1b 00   .. .............
0010  00 01 00 01 00 00 02 19 00 00 00 00 21 09 08 02   ............!...
0020  01 00 11 00 08 03 00 00 00 00 00 00 00 00 00 00   ................
0030  00 00 00 00 4a                                    ....J
USB Control (24 bytes):
0000  09 08 02 01 00 11 00 08 03 00 00 00 00 00 00 00   ................
0010  00 00 00 00 00 00 00 4a                           .......J

Packet (53 bytes):
0000  1c 00 20 ca b8 85 03 ad ff ff 00 00 00 00 1b 00   .. .............
0010  00 01 00 01 00 00 02 19 00 00 00 00 21 09 08 02   ............!...
0020  01 00 11 00 08 07 00 00 0c 04 03 03 00 4f 00 00   .............O..
0030  00 00 00 00 e1                                    .....
USB Control (24 bytes):
0000  09 08 02 01 00 11 00 08 07 00 00 0c 04 03 03 00   ................
0010  4f 00 00 00 00 00 00 e1                           O.......

Packet (53 bytes):
0000  1c 00 10 90 f6 80 03 ad ff ff 00 00 00 00 1b 00   ................
0010  00 01 00 01 00 00 02 19 00 00 00 00 21 09 08 02   ............!...
0020  01 00 11 00 08 03 00 00 00 00 00 00 00 00 00 00   ................
0030  00 00 00 00 4a                                    ....J
USB Control (24 bytes):
0000  09 08 02 01 00 11 00 08 03 00 00 00 00 00 00 00   ................
0010  00 00 00 00 00 00 00 4a                           .......J

Packet (53 bytes):
0000  1c 00 10 d0 53 7e 03 ad ff ff 00 00 00 00 1b 00   ....S~..........
0010  00 01 00 01 00 00 02 19 00 00 00 00 21 09 08 02   ............!...
0020  01 00 11 00 08 07 00 00 0c 04 04 04 00 4d 00 00   .............M..
0030  00 00 00 00 e1                                    .....
USB Control (24 bytes):
0000  09 08 02 01 00 11 00 08 07 00 00 0c 04 04 04 00   ................
0010  4d 00 00 00 00 00 00 e1                           M.......

Packet (53 bytes):
0000  1c 00 40 8b 77 85 03 ad ff ff 00 00 00 00 1b 00   ..@.w...........
0010  00 01 00 01 00 00 02 19 00 00 00 00 21 09 08 02   ............!...
0020  01 00 11 00 08 03 00 00 00 00 00 00 00 00 00 00   ................
0030  00 00 00 00 4a                                    ....J
USB Control (24 bytes):
0000  09 08 02 01 00 11 00 08 03 00 00 00 00 00 00 00   ................
0010  00 00 00 00 00 00 00 4a                           .......J

Packet (53 bytes):
0000  1c 00 20 ba a0 85 03 ad ff ff 00 00 00 00 1b 00   .. .............
0010  00 01 00 01 00 00 02 19 00 00 00 00 21 09 08 02   ............!...
0020  01 00 11 00 08 07 00 00 0c 04 05 05 00 4b 00 00   .............K..
0030  00 00 00 00 e1                                    .....
USB Control (24 bytes):
0000  09 08 02 01 00 11 00 08 07 00 00 0c 04 05 05 00   ................
0010  4b 00 00 00 00 00 00 e1                           K.......

Packet (53 bytes):
0000  1c 00 20 ca b8 85 03 ad ff ff 00 00 00 00 1b 00   .. .............
0010  00 01 00 01 00 00 02 19 00 00 00 00 21 09 08 02   ............!...
0020  01 00 11 00 08 03 00 00 00 00 00 00 00 00 00 00   ................
0030  00 00 00 00 4a                                    ....J
USB Control (24 bytes):
0000  09 08 02 01 00 11 00 08 03 00 00 00 00 00 00 00   ................
0010  00 00 00 00 00 00 00 4a                           .......J

Packet (53 bytes):
0000  1c 00 10 c0 76 85 03 ad ff ff 00 00 00 00 1b 00   ....v...........
0010  00 01 00 01 00 00 02 19 00 00 00 00 21 09 08 02   ............!...
0020  01 00 11 00 08 04 00 00 00 00 00 00 00 00 00 00   ................
0030  00 00 00 00 49                                    ....I
USB Control (24 bytes):
0000  09 08 02 01 00 11 00 08 04 00 00 00 00 00 00 00   ................
0010  00 00 00 00 00 00 00 49                           .......I

Packet (53 bytes):
0000  1c 00 a0 c8 b8 7e 03 ad ff ff 00 00 00 00 1b 00   .....~..........
0010  00 01 00 01 00 00 02 19 00 00 00 00 21 09 08 02   ............!...
0020  01 00 11 00 08 03 00 00 00 00 00 00 00 00 00 00   ................
0030  00 00 00 00 4a                                    ....J
USB Control (24 bytes):
0000  09 08 02 01 00 11 00 08 03 00 00 00 00 00 00 00   ................
0010  00 00 00 00 00 00 00 4a                           .......J

Packet (53 bytes):
0000  1c 00 20 ca b8 85 03 ad ff ff 00 00 00 00 1b 00   .. .............
0010  00 01 00 01 00 00 02 19 00 00 00 00 21 09 08 02   ............!...
0020  01 00 11 00 08 07 00 00 0c 04 06 06 00 49 00 00   .............I..
0030  00 00 00 00 e1                                    .....
USB Control (24 bytes):
0000  09 08 02 01 00 11 00 08 07 00 00 0c 04 06 06 00   ................
0010  49 00 00 00 00 00 00 e1                           I.......

Packet (53 bytes):
0000  1c 00 10 90 f6 80 03 ad ff ff 00 00 00 00 1b 00   ................
0010  00 01 00 01 00 00 02 19 00 00 00 00 21 09 08 02   ............!...
0020  01 00 11 00 08 03 00 00 00 00 00 00 00 00 00 00   ................
0030  00 00 00 00 4a                                    ....J
USB Control (24 bytes):
0000  09 08 02 01 00 11 00 08 03 00 00 00 00 00 00 00   ................
0010  00 00 00 00 00 00 00 4a                           .......J

Packet (53 bytes):
0000  1c 00 10 90 f6 80 03 ad ff ff 00 00 00 00 1b 00   ................
0010  00 01 00 01 00 00 02 19 00 00 00 00 21 09 08 02   ............!...
0020  01 00 11 00 08 07 00 00 0c 04 07 07 00 47 00 00   .............G..
0030  00 00 00 00 e1                                    .....
USB Control (24 bytes):
0000  09 08 02 01 00 11 00 08 07 00 00 0c 04 07 07 00   ................
0010  47 00 00 00 00 00 00 e1                           G.......

Packet (53 bytes):
0000  1c 00 10 10 a9 85 03 ad ff ff 00 00 00 00 1b 00   ................
0010  00 01 00 01 00 00 02 19 00 00 00 00 21 09 08 02   ............!...
0020  01 00 11 00 08 03 00 00 00 00 00 00 00 00 00 00   ................
0030  00 00 00 00 4a                                    ....J
USB Control (24 bytes):
0000  09 08 02 01 00 11 00 08 03 00 00 00 00 00 00 00   ................
0010  00 00 00 00 00 00 00 4a                           .......J

Packet (53 bytes):
0000  1c 00 20 ba a0 85 03 ad ff ff 00 00 00 00 1b 00   .. .............
0010  00 01 00 01 00 00 02 19 00 00 00 00 21 09 08 02   ............!...
0020  01 00 11 00 08 07 00 00 0c 04 08 08 00 45 00 00   .............E..
0030  00 00 00 00 e1                                    .....
USB Control (24 bytes):
0000  09 08 02 01 00 11 00 08 07 00 00 0c 04 08 08 00   ................
0010  45 00 00 00 00 00 00 e1                           E.......

Packet (53 bytes):
0000  1c 00 40 fb ac 85 03 ad ff ff 00 00 00 00 1b 00   ..@.............
0010  00 01 00 01 00 00 02 19 00 00 00 00 21 09 08 02   ............!...
0020  01 00 11 00 08 03 00 00 00 00 00 00 00 00 00 00   ................
0030  00 00 00 00 4a                                    ....J
USB Control (24 bytes):
0000  09 08 02 01 00 11 00 08 03 00 00 00 00 00 00 00   ................
0010  00 00 00 00 00 00 00 4a                           .......J

Packet (53 bytes):
0000  1c 00 10 d0 53 7e 03 ad ff ff 00 00 00 00 1b 00   ....S~..........
0010  00 01 00 01 00 00 02 19 00 00 00 00 21 09 08 02   ............!...
0020  01 00 11 00 08 07 00 00 0c 04 09 09 00 43 00 00   .............C..
0030  00 00 00 00 e1                                    .....
USB Control (24 bytes):
0000  09 08 02 01 00 11 00 08 07 00 00 0c 04 09 09 00   ................
0010  43 00 00 00 00 00 00 e1                           C.......

Packet (53 bytes):
0000  1c 00 10 d0 53 7e 03 ad ff ff 00 00 00 00 1b 00   ....S~..........
0010  00 01 00 01 00 00 02 19 00 00 00 00 21 09 08 02   ............!...
0020  01 00 11 00 08 03 00 00 00 00 00 00 00 00 00 00   ................
0030  00 00 00 00 4a                                    ....J
USB Control (24 bytes):
0000  09 08 02 01 00 11 00 08 03 00 00 00 00 00 00 00   ................
0010  00 00 00 00 00 00 00 4a                           .......J

Packet (53 bytes):
0000  1c 00 20 ca b8 85 03 ad ff ff 00 00 00 00 1b 00   .. .............
0010  00 01 00 01 00 00 02 19 00 00 00 00 21 09 08 02   ............!...
0020  01 00 11 00 08 07 00 00 0c 04 0a 0a 00 41 00 00   .............A..
0030  00 00 00 00 e1                                    .....
USB Control (24 bytes):
0000  09 08 02 01 00 11 00 08 07 00 00 0c 04 0a 0a 00   ................
0010  41 00 00 00 00 00 00 e1                           A.......

Packet (53 bytes):
0000  1c 00 10 d0 53 7e 03 ad ff ff 00 00 00 00 1b 00   ....S~..........
0010  00 01 00 01 00 00 02 19 00 00 00 00 21 09 08 02   ............!...
0020  01 00 11 00 08 03 00 00 00 00 00 00 00 00 00 00   ................
0030  00 00 00 00 4a                                    ....J
USB Control (24 bytes):
0000  09 08 02 01 00 11 00 08 03 00 00 00 00 00 00 00   ................
0010  00 00 00 00 00 00 00 4a                           .......J

Packet (53 bytes):
0000  1c 00 10 f0 fd 85 03 ad ff ff 00 00 00 00 1b 00   ................
0010  00 01 00 01 00 00 02 19 00 00 00 00 21 09 08 02   ............!...
0020  01 00 11 00 08 04 00 00 00 00 00 00 00 00 00 00   ................
0030  00 00 00 00 49                                    ....I
USB Control (24 bytes):
0000  09 08 02 01 00 11 00 08 04 00 00 00 00 00 00 00   ................
0010  00 00 00 00 00 00 00 49                           .......I

Packet (53 bytes):
0000  1c 00 10 f0 fd 85 03 ad ff ff 00 00 00 00 1b 00   ................
0010  00 01 00 01 00 00 02 19 00 00 00 00 21 09 08 02   ............!...
0020  01 00 11 00 08 03 00 00 00 00 00 00 00 00 00 00   ................
0030  00 00 00 00 4a                                    ....J
USB Control (24 bytes):
0000  09 08 02 01 00 11 00 08 03 00 00 00 00 00 00 00   ................
0010  00 00 00 00 00 00 00 4a                           .......J

Packet (53 bytes):
0000  1c 00 20 ba a0 85 03 ad ff ff 00 00 00 00 1b 00   .. .............
0010  00 01 00 01 00 00 02 19 00 00 00 00 21 09 08 02   ............!...
0020  01 00 11 00 08 07 00 00 0c 04 0b 0b 00 3f 00 00   .............?..
0030  00 00 00 00 e1                                    .....
USB Control (24 bytes):
0000  09 08 02 01 00 11 00 08 07 00 00 0c 04 0b 0b 00   ................
0010  3f 00 00 00 00 00 00 e1                           ?.......

Packet (53 bytes):
0000  1c 00 40 8b 77 85 03 ad ff ff 00 00 00 00 1b 00   ..@.w...........
0010  00 01 00 01 00 00 02 19 00 00 00 00 21 09 08 02   ............!...
0020  01 00 11 00 08 03 00 00 00 00 00 00 00 00 00 00   ................
0030  00 00 00 00 4a                                    ....J
USB Control (24 bytes):
0000  09 08 02 01 00 11 00 08 03 00 00 00 00 00 00 00   ................
0010  00 00 00 00 00 00 00 4a                           .......J

Packet (53 bytes):
0000  1c 00 10 d0 53 7e 03 ad ff ff 00 00 00 00 1b 00   ....S~..........
0010  00 01 00 01 00 00 02 19 00 00 00 00 21 09 08 02   ............!...
0020  01 00 11 00 08 07 00 00 0c 04 0c 0c 00 3d 00 00   .............=..
0030  00 00 00 00 e1                                    .....
USB Control (24 bytes):
0000  09 08 02 01 00 11 00 08 07 00 00 0c 04 0c 0c 00   ................
0010  3d 00 00 00 00 00 00 e1                           =.......

Packet (53 bytes):
0000  1c 00 10 d0 53 7e 03 ad ff ff 00 00 00 00 1b 00   ....S~..........
0010  00 01 00 01 00 00 02 19 00 00 00 00 21 09 08 02   ............!...
0020  01 00 11 00 08 03 00 00 00 00 00 00 00 00 00 00   ................
0030  00 00 00 00 4a                                    ....J
USB Control (24 bytes):
0000  09 08 02 01 00 11 00 08 03 00 00 00 00 00 00 00   ................
0010  00 00 00 00 00 00 00 4a                           .......J

Packet (53 bytes):
0000  1c 00 20 ba a0 85 03 ad ff ff 00 00 00 00 1b 00   .. .............
0010  00 01 00 01 00 00 02 19 00 00 00 00 21 09 08 02   ............!...
0020  01 00 11 00 08 07 00 00 0c 04 0d 0d 00 3b 00 00   .............;..
0030  00 00 00 00 e1                                    .....
USB Control (24 bytes):
0000  09 08 02 01 00 11 00 08 07 00 00 0c 04 0d 0d 00   ................
0010  3b 00 00 00 00 00 00 e1                           ;.......

Packet (53 bytes):
0000  1c 00 10 80 32 81 03 ad ff ff 00 00 00 00 1b 00   ....2...........
0010  00 01 00 01 00 00 02 19 00 00 00 00 21 09 08 02   ............!...
0020  01 00 11 00 08 03 00 00 00 00 00 00 00 00 00 00   ................
0030  00 00 00 00 4a                                    ....J
USB Control (24 bytes):
0000  09 08 02 01 00 11 00 08 03 00 00 00 00 00 00 00   ................
0010  00 00 00 00 00 00 00 4a                           .......J

Packet (53 bytes):
0000  1c 00 10 d0 53 7e 03 ad ff ff 00 00 00 00 1b 00   ....S~..........
0010  00 01 00 01 00 00 02 19 00 00 00 00 21 09 08 02   ............!...
0020  01 00 11 00 08 07 00 00 0c 04 0e 0e 00 39 00 00   .............9..
0030  00 00 00 00 e1                                    .....
USB Control (24 bytes):
0000  09 08 02 01 00 11 00 08 07 00 00 0c 04 0e 0e 00   ................
0010  39 00 00 00 00 00 00 e1                           9.......

Packet (53 bytes):
0000  1c 00 20 ba a0 85 03 ad ff ff 00 00 00 00 1b 00   .. .............
0010  00 01 00 01 00 00 02 19 00 00 00 00 21 09 08 02   ............!...
0020  01 00 11 00 08 03 00 00 00 00 00 00 00 00 00 00   ................
0030  00 00 00 00 4a                                    ....J
USB Control (24 bytes):
0000  09 08 02 01 00 11 00 08 03 00 00 00 00 00 00 00   ................
0010  00 00 00 00 00 00 00 4a                           .......J

Packet (53 bytes):
0000  1c 00 10 c0 76 85 03 ad ff ff 00 00 00 00 1b 00   ....v...........
0010  00 01 00 01 00 00 02 19 00 00 00 00 21 09 08 02   ............!...
0020  01 00 11 00 08 04 00 00 00 00 00 00 00 00 00 00   ................
0030  00 00 00 00 49                                    ....I
USB Control (24 bytes):
0000  09 08 02 01 00 11 00 08 04 00 00 00 00 00 00 00   ................
0010  00 00 00 00 00 00 00 49                           .......I

Packet (53 bytes):
0000  1c 00 10 f0 fd 85 03 ad ff ff 00 00 00 00 1b 00   ................
0010  00 01 00 01 00 00 02 19 00 00 00 00 21 09 08 02   ............!...
0020  01 00 11 00 08 03 00 00 00 00 00 00 00 00 00 00   ................
0030  00 00 00 00 4a                                    ....J
USB Control (24 bytes):
0000  09 08 02 01 00 11 00 08 03 00 00 00 00 00 00 00   ................
0010  00 00 00 00 00 00 00 4a                           .......J

Packet (53 bytes):
0000  1c 00 10 f0 fd 85 03 ad ff ff 00 00 00 00 1b 00   ................
0010  00 01 00 01 00 00 02 19 00 00 00 00 21 09 08 02   ............!...
0020  01 00 11 00 08 07 00 00 0c 04 0f 0f 00 37 00 00   .............7..
0030  00 00 00 00 e1                                    .....
USB Control (24 bytes):
0000  09 08 02 01 00 11 00 08 07 00 00 0c 04 0f 0f 00   ................
0010  37 00 00 00 00 00 00 e1                           7.......

Packet (53 bytes):
0000  1c 00 a0 c8 b8 7e 03 ad ff ff 00 00 00 00 1b 00   .....~..........
0010  00 01 00 01 00 00 02 19 00 00 00 00 21 09 08 02   ............!...
0020  01 00 11 00 08 03 00 00 00 00 00 00 00 00 00 00   ................
0030  00 00 00 00 4a                                    ....J
USB Control (24 bytes):
0000  09 08 02 01 00 11 00 08 03 00 00 00 00 00 00 00   ................
0010  00 00 00 00 00 00 00 4a                           .......J

Packet (53 bytes):
0000  1c 00 10 f0 fd 85 03 ad ff ff 00 00 00 00 1b 00   ................
0010  00 01 00 01 00 00 02 19 00 00 00 00 21 09 08 02   ............!...
0020  01 00 11 00 08 07 00 00 0c 04 10 10 00 35 00 00   .............5..
0030  00 00 00 00 e1                                    .....
USB Control (24 bytes):
0000  09 08 02 01 00 11 00 08 07 00 00 0c 04 10 10 00   ................
0010  35 00 00 00 00 00 00 e1                           5.......

Packet (53 bytes):
0000  1c 00 20 ca b8 85 03 ad ff ff 00 00 00 00 1b 00   .. .............
0010  00 01 00 01 00 00 02 19 00 00 00 00 21 09 08 02   ............!...
0020  01 00 11 00 08 03 00 00 00 00 00 00 00 00 00 00   ................
0030  00 00 00 00 4a                                    ....J
USB Control (24 bytes):
0000  09 08 02 01 00 11 00 08 03 00 00 00 00 00 00 00   ................
0010  00 00 00 00 00 00 00 4a                           .......J

Packet (53 bytes):
0000  1c 00 20 ba a0 85 03 ad ff ff 00 00 00 00 1b 00   .. .............
0010  00 01 00 01 00 00 02 19 00 00 00 00 21 09 08 02   ............!...
0020  01 00 11 00 08 07 00 00 0c 04 11 11 00 33 00 00   .............3..
0030  00 00 00 00 e1                                    .....
USB Control (24 bytes):
0000  09 08 02 01 00 11 00 08 07 00 00 0c 04 11 11 00   ................
0010  33 00 00 00 00 00 00 e1                           3.......

Packet (53 bytes):
0000  1c 00 10 f0 fd 85 03 ad ff ff 00 00 00 00 1b 00   ................
0010  00 01 00 01 00 00 02 19 00 00 00 00 21 09 08 02   ............!...
0020  01 00 11 00 08 03 00 00 00 00 00 00 00 00 00 00   ................
0030  00 00 00 00 4a                                    ....J
USB Control (24 bytes):
0000  09 08 02 01 00 11 00 08 03 00 00 00 00 00 00 00   ................
0010  00 00 00 00 00 00 00 4a                           .......J

Packet (53 bytes):
0000  1c 00 10 10 a9 85 03 ad ff ff 00 00 00 00 1b 00   ................
0010  00 01 00 01 00 00 02 19 00 00 00 00 21 09 08 02   ............!...
0020  01 00 11 00 08 07 00 00 0c 04 12 12 00 31 00 00   .............1..
0030  00 00 00 00 e1                                    .....
USB Control (24 bytes):
0000  09 08 02 01 00 11 00 08 07 00 00 0c 04 12 12 00   ................
0010  31 00 00 00 00 00 00 e1                           1.......

Packet (53 bytes):
0000  1c 00 20 ba a0 85 03 ad ff ff 00 00 00 00 1b 00   .. .............
0010  00 01 00 01 00 00 02 19 00 00 00 00 21 09 08 02   ............!...
0020  01 00 11 00 08 03 00 00 00 00 00 00 00 00 00 00   ................
0030  00 00 00 00 4a                                    ....J
USB Control (24 bytes):
0000  09 08 02 01 00 11 00 08 03 00 00 00 00 00 00 00   ................
0010  00 00 00 00 00 00 00 4a                           .......J

Packet (53 bytes):
0000  1c 00 40 fb ac 85 03 ad ff ff 00 00 00 00 1b 00   ..@.............
0010  00 01 00 01 00 00 02 19 00 00 00 00 21 09 08 02   ............!...
0020  01 00 11 00 08 04 00 00 00 00 00 00 00 00 00 00   ................
0030  00 00 00 00 49                                    ....I
USB Control (24 bytes):
0000  09 08 02 01 00 11 00 08 04 00 00 00 00 00 00 00   ................
0010  00 00 00 00 00 00 00 49                           .......I

Packet (53 bytes):
0000  1c 00 40 8b 77 85 03 ad ff ff 00 00 00 00 1b 00   ..@.w...........
0010  00 01 00 01 00 00 02 19 00 00 00 00 21 09 08 02   ............!...
0020  01 00 11 00 08 03 00 00 00 00 00 00 00 00 00 00   ................
0030  00 00 00 00 4a                                    ....J
USB Control (24 bytes):
0000  09 08 02 01 00 11 00 08 03 00 00 00 00 00 00 00   ................
0010  00 00 00 00 00 00 00 4a                           .......J

Packet (53 bytes):
0000  1c 00 20 ca b8 85 03 ad ff ff 00 00 00 00 1b 00   .. .............
0010  00 01 00 01 00 00 02 19 00 00 00 00 21 09 08 02   ............!...
0020  01 00 11 00 08 07 00 00 0c 04 13 13 00 2f 00 00   ............./..
0030  00 00 00 00 e1                                    .....
USB Control (24 bytes):
0000  09 08 02 01 00 11 00 08 07 00 00 0c 04 13 13 00   ................
0010  2f 00 00 00 00 00 00 e1                           /.......

Packet (53 bytes):
0000  1c 00 10 10 ee 7e 03 ad ff ff 00 00 00 00 1b 00   .....~..........
0010  00 01 00 01 00 00 02 19 00 00 00 00 21 09 08 02   ............!...
0020  01 00 11 00 08 03 00 00 00 00 00 00 00 00 00 00   ................
0030  00 00 00 00 4a                                    ....J
USB Control (24 bytes):
0000  09 08 02 01 00 11 00 08 03 00 00 00 00 00 00 00   ................
0010  00 00 00 00 00 00 00 4a                           .......J

Packet (53 bytes):
0000  1c 00 10 10 a9 85 03 ad ff ff 00 00 00 00 1b 00   ................
0010  00 01 00 01 00 00 02 19 00 00 00 00 21 09 08 02   ............!...
0020  01 00 11 00 08 07 00 00 0c 04 14 14 00 2d 00 00   .............-..
0030  00 00 00 00 e1                                    .....
USB Control (24 bytes):
0000  09 08 02 01 00 11 00 08 07 00 00 0c 04 14 14 00   ................
0010  2d 00 00 00 00 00 00 e1                           -.......

Packet (53 bytes):
0000  1c 00 10 c0 76 85 03 ad ff ff 00 00 00 00 1b 00   ....v...........
0010  00 01 00 01 00 00 02 19 00 00 00 00 21 09 08 02   ............!...
0020  01 00 11 00 08 03 00 00 00 00 00 00 00 00 00 00   ................
0030  00 00 00 00 4a                                    ....J
USB Control (24 bytes):
0000  09 08 02 01 00 11 00 08 03 00 00 00 00 00 00 00   ................
0010  00 00 00 00 00 00 00 4a                           .......J

Packet (53 bytes):
0000  1c 00 60 64 a8 85 03 ad ff ff 00 00 00 00 1b 00   ..`d............
0010  00 01 00 01 00 00 02 19 00 00 00 00 21 09 08 02   ............!...
0020  01 00 11 00 08 07 00 00 0c 04 15 15 00 2b 00 00   .............+..
0030  00 00 00 00 e1                                    .....
USB Control (24 bytes):
0000  09 08 02 01 00 11 00 08 07 00 00 0c 04 15 15 00   ................
0010  2b 00 00 00 00 00 00 e1                           +.......

Packet (53 bytes):
0000  1c 00 10 90 f6 80 03 ad ff ff 00 00 00 00 1b 00   ................
0010  00 01 00 01 00 00 02 19 00 00 00 00 21 09 08 02   ............!...
0020  01 00 11 00 08 03 00 00 00 00 00 00 00 00 00 00   ................
0030  00 00 00 00 4a                                    ....J
USB Control (24 bytes):
0000  09 08 02 01 00 11 00 08 03 00 00 00 00 00 00 00   ................
0010  00 00 00 00 00 00 00 4a                           .......J

Packet (53 bytes):
0000  1c 00 20 ba a0 85 03 ad ff ff 00 00 00 00 1b 00   .. .............
0010  00 01 00 01 00 00 02 19 00 00 00 00 21 09 08 02   ............!...
0020  01 00 11 00 08 07 00 00 0c 04 16 16 00 29 00 00   .............)..
0030  00 00 00 00 e1                                    .....
USB Control (24 bytes):
0000  09 08 02 01 00 11 00 08 07 00 00 0c 04 16 16 00   ................
0010  29 00 00 00 00 00 00 e1                           ).......

Packet (53 bytes):
0000  1c 00 60 64 a8 85 03 ad ff ff 00 00 00 00 1b 00   ..`d............
0010  00 01 00 01 00 00 02 19 00 00 00 00 21 09 08 02   ............!...
0020  01 00 11 00 08 03 00 00 00 00 00 00 00 00 00 00   ................
0030  00 00 00 00 4a                                    ....J
USB Control (24 bytes):
0000  09 08 02 01 00 11 00 08 03 00 00 00 00 00 00 00   ................
0010  00 00 00 00 00 00 00 4a                           .......J

Packet (53 bytes):
0000  1c 00 10 10 a9 85 03 ad ff ff 00 00 00 00 1b 00   ................
0010  00 01 00 01 00 00 02 19 00 00 00 00 21 09 08 02   ............!...
0020  01 00 11 00 08 07 00 00 0c 04 17 17 00 27 00 00   .............'..
0030  00 00 00 00 e1                                    .....
USB Control (24 bytes):
0000  09 08 02 01 00 11 00 08 07 00 00 0c 04 17 17 00   ................
0010  27 00 00 00 00 00 00 e1                           '.......

Packet (53 bytes):
0000  1c 00 20 ca b8 85 03 ad ff ff 00 00 00 00 1b 00   .. .............
0010  00 01 00 01 00 00 02 19 00 00 00 00 21 09 08 02   ............!...
0020  01 00 11 00 08 03 00 00 00 00 00 00 00 00 00 00   ................
0030  00 00 00 00 4a                                    ....J
USB Control (24 bytes):
0000  09 08 02 01 00 11 00 08 03 00 00 00 00 00 00 00   ................
0010  00 00 00 00 00 00 00 4a                           .......J

Packet (53 bytes):
0000  1c 00 20 0b 67 81 03 ad ff ff 00 00 00 00 1b 00   .. .g...........
0010  00 01 00 01 00 00 02 19 00 00 00 00 21 09 08 02   ............!...
0020  01 00 11 00 08 04 00 00 00 00 00 00 00 00 00 00   ................
0030  00 00 00 00 49                                    ....I
USB Control (24 bytes):
0000  09 08 02 01 00 11 00 08 04 00 00 00 00 00 00 00   ................
0010  00 00 00 00 00 00 00 49                           .......I

Packet (53 bytes):
0000  1c 00 20 ba a0 85 03 ad ff ff 00 00 00 00 1b 00   .. .............
0010  00 01 00 01 00 00 02 19 00 00 00 00 21 09 08 02   ............!...
0020  01 00 11 00 08 03 00 00 00 00 00 00 00 00 00 00   ................
0030  00 00 00 00 4a                                    ....J
USB Control (24 bytes):
0000  09 08 02 01 00 11 00 08 03 00 00 00 00 00 00 00   ................
0010  00 00 00 00 00 00 00 4a                           .......J

Packet (53 bytes):
0000  1c 00 10 10 a9 85 03 ad ff ff 00 00 00 00 1b 00   ................
0010  00 01 00 01 00 00 02 19 00 00 00 00 21 09 08 02   ............!...
0020  01 00 11 00 08 07 00 00 0c 04 18 18 00 25 00 00   .............%..
0030  00 00 00 00 e1                                    .....
USB Control (24 bytes):
0000  09 08 02 01 00 11 00 08 07 00 00 0c 04 18 18 00   ................
0010  25 00 00 00 00 00 00 e1                           %.......

Packet (53 bytes):
0000  1c 00 10 f0 fd 85 03 ad ff ff 00 00 00 00 1b 00   ................
0010  00 01 00 01 00 00 02 19 00 00 00 00 21 09 08 02   ............!...
0020  01 00 11 00 08 03 00 00 00 00 00 00 00 00 00 00   ................
0030  00 00 00 00 4a                                    ....J
USB Control (24 bytes):
0000  09 08 02 01 00 11 00 08 03 00 00 00 00 00 00 00   ................
0010  00 00 00 00 00 00 00 4a                           .......J

Packet (53 bytes):
0000  1c 00 20 ba a0 85 03 ad ff ff 00 00 00 00 1b 00   .. .............
0010  00 01 00 01 00 00 02 19 00 00 00 00 21 09 08 02   ............!...
0020  01 00 11 00 08 07 00 00 0c 04 19 19 00 23 00 00   .............#..
0030  00 00 00 00 e1                                    .....
USB Control (24 bytes):
0000  09 08 02 01 00 11 00 08 07 00 00 0c 04 19 19 00   ................
0010  23 00 00 00 00 00 00 e1                           #.......

Packet (53 bytes):
0000  1c 00 10 90 f6 80 03 ad ff ff 00 00 00 00 1b 00   ................
0010  00 01 00 01 00 00 02 19 00 00 00 00 21 09 08 02   ............!...
0020  01 00 11 00 08 03 00 00 00 00 00 00 00 00 00 00   ................
0030  00 00 00 00 4a                                    ....J
USB Control (24 bytes):
0000  09 08 02 01 00 11 00 08 03 00 00 00 00 00 00 00   ................
0010  00 00 00 00 00 00 00 4a                           .......J

Packet (53 bytes):
0000  1c 00 20 ca b8 85 03 ad ff ff 00 00 00 00 1b 00   .. .............
0010  00 01 00 01 00 00 02 19 00 00 00 00 21 09 08 02   ............!...
0020  01 00 11 00 08 07 00 00 0c 04 1a 1a 00 21 00 00   .............!..
0030  00 00 00 00 e1                                    .....
USB Control (24 bytes):
0000  09 08 02 01 00 11 00 08 07 00 00 0c 04 1a 1a 00   ................
0010  21 00 00 00 00 00 00 e1                           !.......

Packet (53 bytes):
0000  1c 00 20 ca b8 85 03 ad ff ff 00 00 00 00 1b 00   .. .............
0010  00 01 00 01 00 00 02 19 00 00 00 00 21 09 08 02   ............!...
0020  01 00 11 00 08 03 00 00 00 00 00 00 00 00 00 00   ................
0030  00 00 00 00 4a                                    ....J
USB Control (24 bytes):
0000  09 08 02 01 00 11 00 08 03 00 00 00 00 00 00 00   ................
0010  00 00 00 00 00 00 00 4a                           .......J

Packet (53 bytes):
0000  1c 00 10 10 a9 85 03 ad ff ff 00 00 00 00 1b 00   ................
0010  00 01 00 01 00 00 02 19 00 00 00 00 21 09 08 02   ............!...
0020  01 00 11 00 08 03 00 00 00 00 00 00 00 00 00 00   ................
0030  00 00 00 00 4a                                    ....J
USB Control (24 bytes):
0000  09 08 02 01 00 11 00 08 03 00 00 00 00 00 00 00   ................
0010  00 00 00 00 00 00 00 4a                           .......J

Packet (53 bytes):
0000  1c 00 10 90 f6 80 03 ad ff ff 00 00 00 00 1b 00   ................
0010  00 01 00 01 00 00 02 19 00 00 00 00 21 09 08 02   ............!...
0020  01 00 11 00 08 04 00 00 00 00 00 00 00 00 00 00   ................
0030  00 00 00 00 49                                    ....I
USB Control (24 bytes):
0000  09 08 02 01 00 11 00 08 04 00 00 00 00 00 00 00   ................
0010  00 00 00 00 00 00 00 49                           .......I

Packet (53 bytes):
0000  1c 00 60 0a fd 85 03 ad ff ff 00 00 00 00 1b 00   ..`.............
0010  00 01 00 01 00 00 02 19 00 00 00 00 21 09 08 02   ............!...
0020  01 00 11 00 08 07 00 00 0c 04 1b 1b 00 1f 00 00   ................
0030  00 00 00 00 e1                                    .....
USB Control (24 bytes):
0000  09 08 02 01 00 11 00 08 07 00 00 0c 04 1b 1b 00   ................
0010  1f 00 00 00 00 00 00 e1                           ........

Packet (53 bytes):
0000  1c 00 60 64 a8 85 03 ad ff ff 00 00 00 00 1b 00   ..`d............
0010  00 01 00 01 00 00 02 19 00 00 00 00 21 09 08 02   ............!...
0020  01 00 11 00 08 03 00 00 00 00 00 00 00 00 00 00   ................
0030  00 00 00 00 4a                                    ....J
USB Control (24 bytes):
0000  09 08 02 01 00 11 00 08 03 00 00 00 00 00 00 00   ................
0010  00 00 00 00 00 00 00 4a                           .......J

Packet (53 bytes):
0000  1c 00 20 ca b8 85 03 ad ff ff 00 00 00 00 1b 00   .. .............
0010  00 01 00 01 00 00 02 19 00 00 00 00 21 09 08 02   ............!...
0020  01 00 11 00 08 07 00 00 0c 04 1c 1c 00 1d 00 00   ................
0030  00 00 00 00 e1                                    .....
USB Control (24 bytes):
0000  09 08 02 01 00 11 00 08 07 00 00 0c 04 1c 1c 00   ................
0010  1d 00 00 00 00 00 00 e1                           ........

Packet (53 bytes):
0000  1c 00 20 ba a0 85 03 ad ff ff 00 00 00 00 1b 00   .. .............
0010  00 01 00 01 00 00 02 19 00 00 00 00 21 09 08 02   ............!...
0020  01 00 11 00 08 03 00 00 00 00 00 00 00 00 00 00   ................
0030  00 00 00 00 4a                                    ....J
USB Control (24 bytes):
0000  09 08 02 01 00 11 00 08 03 00 00 00 00 00 00 00   ................
0010  00 00 00 00 00 00 00 4a                           .......J

Packet (53 bytes):
0000  1c 00 20 ca b8 85 03 ad ff ff 00 00 00 00 1b 00   .. .............
0010  00 01 00 01 00 00 02 19 00 00 00 00 21 09 08 02   ............!...
0020  01 00 11 00 08 07 00 00 0c 04 1d 1d 00 1b 00 00   ................
0030  00 00 00 00 e1                                    .....
USB Control (24 bytes):
0000  09 08 02 01 00 11 00 08 07 00 00 0c 04 1d 1d 00   ................
0010  1b 00 00 00 00 00 00 e1                           ........

Packet (53 bytes):
0000  1c 00 10 90 f6 80 03 ad ff ff 00 00 00 00 1b 00   ................
0010  00 01 00 01 00 00 02 19 00 00 00 00 21 09 08 02   ............!...
0020  01 00 11 00 08 03 00 00 00 00 00 00 00 00 00 00   ................
0030  00 00 00 00 4a                                    ....J
USB Control (24 bytes):
0000  09 08 02 01 00 11 00 08 03 00 00 00 00 00 00 00   ................
0010  00 00 00 00 00 00 00 4a                           .......J

Packet (53 bytes):
0000  1c 00 10 10 a9 85 03 ad ff ff 00 00 00 00 1b 00   ................
0010  00 01 00 01 00 00 02 19 00 00 00 00 21 09 08 02   ............!...
0020  01 00 11 00 08 07 00 00 0c 04 1e 1e 00 19 00 00   ................
0030  00 00 00 00 e1                                    .....
USB Control (24 bytes):
0000  09 08 02 01 00 11 00 08 07 00 00 0c 04 1e 1e 00   ................
0010  19 00 00 00 00 00 00 e1                           ........

Packet (53 bytes):
0000  1c 00 10 10 a9 85 03 ad ff ff 00 00 00 00 1b 00   ................
0010  00 01 00 01 00 00 02 19 00 00 00 00 21 09 08 02   ............!...
0020  01 00 11 00 08 03 00 00 00 00 00 00 00 00 00 00   ................
0030  00 00 00 00 4a                                    ....J
USB Control (24 bytes):
0000  09 08 02 01 00 11 00 08 03 00 00 00 00 00 00 00   ................
0010  00 00 00 00 00 00 00 4a                           .......J

Packet (53 bytes):
0000  1c 00 20 ba a0 85 03 ad ff ff 00 00 00 00 1b 00   .. .............
0010  00 01 00 01 00 00 02 19 00 00 00 00 21 09 08 02   ............!...
0020  01 00 11 00 08 07 00 00 0c 04 1f 1f 00 17 00 00   ................
0030  00 00 00 00 e1                                    .....
USB Control (24 bytes):
0000  09 08 02 01 00 11 00 08 07 00 00 0c 04 1f 1f 00   ................
0010  17 00 00 00 00 00 00 e1                           ........

Packet (53 bytes):
0000  1c 00 20 9a f4 80 03 ad ff ff 00 00 00 00 1b 00   .. .............
0010  00 01 00 01 00 00 02 19 00 00 00 00 21 09 08 02   ............!...
0020  01 00 11 00 08 03 00 00 00 00 00 00 00 00 00 00   ................
0030  00 00 00 00 4a                                    ....J
USB Control (24 bytes):
0000  09 08 02 01 00 11 00 08 03 00 00 00 00 00 00 00   ................
0010  00 00 00 00 00 00 00 4a                           .......J

Packet (53 bytes):
0000  1c 00 10 60 a8 85 03 ad ff ff 00 00 00 00 1b 00   ...`............
0010  00 01 00 01 00 00 02 19 00 00 00 00 21 09 08 02   ............!...
0020  01 00 11 00 08 04 00 00 00 00 00 00 00 00 00 00   ................
0030  00 00 00 00 49                                    ....I
USB Control (24 bytes):
0000  09 08 02 01 00 11 00 08 04 00 00 00 00 00 00 00   ................
0010  00 00 00 00 00 00 00 49                           .......I

Packet (53 bytes):
0000  1c 00 20 0b 67 81 03 ad ff ff 00 00 00 00 1b 00   .. .g...........
0010  00 01 00 01 00 00 02 19 00 00 00 00 21 09 08 02   ............!...
0020  01 00 11 00 08 03 00 00 00 00 00 00 00 00 00 00   ................
0030  00 00 00 00 4a                                    ....J
USB Control (24 bytes):
0000  09 08 02 01 00 11 00 08 03 00 00 00 00 00 00 00   ................
0010  00 00 00 00 00 00 00 4a                           .......J

Packet (53 bytes):
0000  1c 00 20 ca b8 85 03 ad ff ff 00 00 00 00 1b 00   .. .............
0010  00 01 00 01 00 00 02 19 00 00 00 00 21 09 08 02   ............!...
0020  01 00 11 00 08 07 00 00 0c 04 20 20 00 15 00 00   ..........  ....
0030  00 00 00 00 e1                                    .....
USB Control (24 bytes):
0000  09 08 02 01 00 11 00 08 07 00 00 0c 04 20 20 00   .............  .
0010  15 00 00 00 00 00 00 e1                           ........

Packet (53 bytes):
0000  1c 00 10 60 a8 85 03 ad ff ff 00 00 00 00 1b 00   ...`............
0010  00 01 00 01 00 00 02 19 00 00 00 00 21 09 08 02   ............!...
0020  01 00 11 00 08 03 00 00 00 00 00 00 00 00 00 00   ................
0030  00 00 00 00 4a                                    ....J
USB Control (24 bytes):
0000  09 08 02 01 00 11 00 08 03 00 00 00 00 00 00 00   ................
0010  00 00 00 00 00 00 00 4a                           .......J

Packet (53 bytes):
0000  1c 00 20 ba a0 85 03 ad ff ff 00 00 00 00 1b 00   .. .............
0010  00 01 00 01 00 00 02 19 00 00 00 00 21 09 08 02   ............!...
0020  01 00 11 00 08 07 00 00 0c 04 21 21 00 13 00 00   ..........!!....
0030  00 00 00 00 e1                                    .....
USB Control (24 bytes):
0000  09 08 02 01 00 11 00 08 07 00 00 0c 04 21 21 00   .............!!.
0010  13 00 00 00 00 00 00 e1                           ........

Packet (53 bytes):
0000  1c 00 40 fb ac 85 03 ad ff ff 00 00 00 00 1b 00   ..@.............
0010  00 01 00 01 00 00 02 19 00 00 00 00 21 09 08 02   ............!...
0020  01 00 11 00 08 03 00 00 00 00 00 00 00 00 00 00   ................
0030  00 00 00 00 4a                                    ....J
USB Control (24 bytes):
0000  09 08 02 01 00 11 00 08 03 00 00 00 00 00 00 00   ................
0010  00 00 00 00 00 00 00 4a                           .......J

Packet (53 bytes):
0000  1c 00 20 ba a0 85 03 ad ff ff 00 00 00 00 1b 00   .. .............
0010  00 01 00 01 00 00 02 19 00 00 00 00 21 09 08 02   ............!...
0020  01 00 11 00 08 07 00 00 0c 04 22 22 00 11 00 00   ..........""....
0030  00 00 00 00 e1                                    .....
USB Control (24 bytes):
0000  09 08 02 01 00 11 00 08 07 00 00 0c 04 22 22 00   ............."".
0010  11 00 00 00 00 00 00 e1                           ........

Packet (53 bytes):
0000  1c 00 20 9a f4 80 03 ad ff ff 00 00 00 00 1b 00   .. .............
0010  00 01 00 01 00 00 02 19 00 00 00 00 21 09 08 02   ............!...
0020  01 00 11 00 08 03 00 00 00 00 00 00 00 00 00 00   ................
0030  00 00 00 00 4a                                    ....J
USB Control (24 bytes):
0000  09 08 02 01 00 11 00 08 03 00 00 00 00 00 00 00   ................
0010  00 00 00 00 00 00 00 4a                           .......J

Packet (53 bytes):
0000  1c 00 20 ca b8 85 03 ad ff ff 00 00 00 00 1b 00   .. .............
0010  00 01 00 01 00 00 02 19 00 00 00 00 21 09 08 02   ............!...
0020  01 00 11 00 08 07 00 00 0c 04 23 23 00 0f 00 00   ..........##....
0030  00 00 00 00 e1                                    .....
USB Control (24 bytes):
0000  09 08 02 01 00 11 00 08 07 00 00 0c 04 23 23 00   .............##.
0010  0f 00 00 00 00 00 00 e1                           ........

Packet (53 bytes):
0000  1c 00 20 9a f4 80 03 ad ff ff 00 00 00 00 1b 00   .. .............
0010  00 01 00 01 00 00 02 19 00 00 00 00 21 09 08 02   ............!...
0020  01 00 11 00 08 03 00 00 00 00 00 00 00 00 00 00   ................
0030  00 00 00 00 4a                                    ....J
USB Control (24 bytes):
0000  09 08 02 01 00 11 00 08 03 00 00 00 00 00 00 00   ................
0010  00 00 00 00 00 00 00 4a                           .......J

Packet (53 bytes):
0000  1c 00 20 8a b3 82 03 ad ff ff 00 00 00 00 1b 00   .. .............
0010  00 01 00 01 00 00 02 19 00 00 00 00 21 09 08 02   ............!...
0020  01 00 11 00 08 04 00 00 00 00 00 00 00 00 00 00   ................
0030  00 00 00 00 49                                    ....I
USB Control (24 bytes):
0000  09 08 02 01 00 11 00 08 04 00 00 00 00 00 00 00   ................
0010  00 00 00 00 00 00 00 49                           .......I

Packet (53 bytes):
0000  1c 00 10 c0 76 85 03 ad ff ff 00 00 00 00 1b 00   ....v...........
0010  00 01 00 01 00 00 02 19 00 00 00 00 21 09 08 02   ............!...
0020  01 00 11 00 08 03 00 00 00 00 00 00 00 00 00 00   ................
0030  00 00 00 00 4a                                    ....J
USB Control (24 bytes):
0000  09 08 02 01 00 11 00 08 03 00 00 00 00 00 00 00   ................
0010  00 00 00 00 00 00 00 4a                           .......J

Packet (53 bytes):
0000  1c 00 20 ba a0 85 03 ad ff ff 00 00 00 00 1b 00   .. .............
0010  00 01 00 01 00 00 02 19 00 00 00 00 21 09 08 02   ............!...
0020  01 00 11 00 08 07 00 00 0c 04 24 24 00 0d 00 00   ..........$$....
0030  00 00 00 00 e1                                    .....
USB Control (24 bytes):
0000  09 08 02 01 00 11 00 08 07 00 00 0c 04 24 24 00   .............$$.
0010  0d 00 00 00 00 00 00 e1                           ........

Packet (53 bytes):
0000  1c 00 10 c0 76 85 03 ad ff ff 00 00 00 00 1b 00   ....v...........
0010  00 01 00 01 00 00 02 19 00 00 00 00 21 09 08 02   ............!...
0020  01 00 11 00 08 03 00 00 00 00 00 00 00 00 00 00   ................
0030  00 00 00 00 4a                                    ....J
USB Control (24 bytes):
0000  09 08 02 01 00 11 00 08 03 00 00 00 00 00 00 00   ................
0010  00 00 00 00 00 00 00 4a                           .......J

Packet (53 bytes):
0000  1c 00 20 9a f4 80 03 ad ff ff 00 00 00 00 1b 00   .. .............
0010  00 01 00 01 00 00 02 19 00 00 00 00 21 09 08 02   ............!...
0020  01 00 11 00 08 07 00 00 0c 04 25 25 00 0b 00 00   ..........%%....
0030  00 00 00 00 e1                                    .....
USB Control (24 bytes):
0000  09 08 02 01 00 11 00 08 07 00 00 0c 04 25 25 00   .............%%.
0010  0b 00 00 00 00 00 00 e1                           ........

Packet (53 bytes):
0000  1c 00 20 9a f4 80 03 ad ff ff 00 00 00 00 1b 00   .. .............
0010  00 01 00 01 00 00 02 19 00 00 00 00 21 09 08 02   ............!...
0020  01 00 11 00 08 03 00 00 00 00 00 00 00 00 00 00   ................
0030  00 00 00 00 4a                                    ....J
USB Control (24 bytes):
0000  09 08 02 01 00 11 00 08 03 00 00 00 00 00 00 00   ................
0010  00 00 00 00 00 00 00 4a                           .......J

Packet (53 bytes):
0000  1c 00 20 ba a0 85 03 ad ff ff 00 00 00 00 1b 00   .. .............
0010  00 01 00 01 00 00 02 19 00 00 00 00 21 09 08 02   ............!...
0020  01 00 11 00 08 07 00 00 0c 04 26 26 00 09 00 00   ..........&&....
0030  00 00 00 00 e1                                    .....
USB Control (24 bytes):
0000  09 08 02 01 00 11 00 08 07 00 00 0c 04 26 26 00   .............&&.
0010  09 00 00 00 00 00 00 e1                           ........

Packet (53 bytes):
0000  1c 00 20 9a f4 80 03 ad ff ff 00 00 00 00 1b 00   .. .............
0010  00 01 00 01 00 00 02 19 00 00 00 00 21 09 08 02   ............!...
0020  01 00 11 00 08 03 00 00 00 00 00 00 00 00 00 00   ................
0030  00 00 00 00 4a                                    ....J
USB Control (24 bytes):
0000  09 08 02 01 00 11 00 08 03 00 00 00 00 00 00 00   ................
0010  00 00 00 00 00 00 00 4a                           .......J

Packet (53 bytes):
0000  1c 00 10 2a 7e 7f 03 ad ff ff 00 00 00 00 1b 00   ...*~...........
0010  00 01 00 01 00 00 02 19 00 00 00 00 21 09 08 02   ............!...
0020  01 00 11 00 08 07 00 00 0c 04 27 27 00 07 00 00   ..........''....
0030  00 00 00 00 e1                                    .....
USB Control (24 bytes):
0000  09 08 02 01 00 11 00 08 07 00 00 0c 04 27 27 00   .............''.
0010  07 00 00 00 00 00 00 e1                           ........

Packet (53 bytes):
0000  1c 00 10 20 23 7f 03 ad ff ff 00 00 00 00 1b 00   ... #...........
0010  00 01 00 01 00 00 02 19 00 00 00 00 21 09 08 02   ............!...
0020  01 00 11 00 08 03 00 00 00 00 00 00 00 00 00 00   ................
0030  00 00 00 00 4a                                    ....J
USB Control (24 bytes):
0000  09 08 02 01 00 11 00 08 03 00 00 00 00 00 00 00   ................
0010  00 00 00 00 00 00 00 4a                           .......J

Packet (53 bytes):
0000  1c 00 20 6a e8 7e 03 ad ff ff 00 00 00 00 1b 00   .. j.~..........
0010  00 01 00 01 00 00 02 19 00 00 00 00 21 09 08 02   ............!...
0020  01 00 11 00 08 03 00 00 00 00 00 00 00 00 00 00   ................
0030  00 00 00 00 4a                                    ....J
USB Control (24 bytes):
0000  09 08 02 01 00 11 00 08 03 00 00 00 00 00 00 00   ................
0010  00 00 00 00 00 00 00 4a                           .......J

Packet (53 bytes):
0000  1c 00 60 f4 ed 7e 03 ad ff ff 00 00 00 00 1b 00   ..`..~..........
0010  00 01 00 01 00 00 02 19 00 00 00 00 21 09 08 02   ............!...
0020  01 00 11 00 08 04 00 00 00 00 00 00 00 00 00 00   ................
0030  00 00 00 00 49                                    ....I
USB Control (24 bytes):
0000  09 08 02 01 00 11 00 08 04 00 00 00 00 00 00 00   ................
0010  00 00 00 00 00 00 00 49                           .......I

Packet (53 bytes):
0000  1c 00 60 f4 ed 7e 03 ad ff ff 00 00 00 00 1b 00   ..`..~..........
0010  00 01 00 01 00 00 02 19 00 00 00 00 21 09 08 02   ............!...
0020  01 00 11 00 08 07 00 00 0c 04 28 28 00 05 00 00   ..........((....
0030  00 00 00 00 e1                                    .....
USB Control (24 bytes):
0000  09 08 02 01 00 11 00 08 07 00 00 0c 04 28 28 00   .............((.
0010  05 00 00 00 00 00 00 e1                           ........

Packet (53 bytes):
0000  1c 00 b0 f9 9e 85 03 ad ff ff 00 00 00 00 1b 00   ................
0010  00 01 00 01 00 00 02 19 00 00 00 00 21 09 08 02   ............!...
0020  01 00 11 00 08 03 00 00 00 00 00 00 00 00 00 00   ................
0030  00 00 00 00 4a                                    ....J
USB Control (24 bytes):
0000  09 08 02 01 00 11 00 08 03 00 00 00 00 00 00 00   ................
0010  00 00 00 00 00 00 00 4a                           .......J

Packet (53 bytes):
0000  1c 00 b0 e9 9e 85 03 ad ff ff 00 00 00 00 1b 00   ................
0010  00 01 00 01 00 00 02 19 00 00 00 00 21 09 08 02   ............!...
0020  01 00 11 00 08 07 00 00 0c 04 29 29 00 03 00 00   ..........))....
0030  00 00 00 00 e1                                    .....
USB Control (24 bytes):
0000  09 08 02 01 00 11 00 08 07 00 00 0c 04 29 29 00   .............)).
0010  03 00 00 00 00 00 00 e1                           ........

Packet (53 bytes):
0000  1c 00 b0 f9 9e 85 03 ad ff ff 00 00 00 00 1b 00   ................
0010  00 01 00 01 00 00 02 19 00 00 00 00 21 09 08 02   ............!...
0020  01 00 11 00 08 03 00 00 00 00 00 00 00 00 00 00   ................
0030  00 00 00 00 4a                                    ....J
USB Control (24 bytes):
0000  09 08 02 01 00 11 00 08 03 00 00 00 00 00 00 00   ................
0010  00 00 00 00 00 00 00 4a                           .......J

Packet (53 bytes):
0000  1c 00 b0 c9 9e 85 03 ad ff ff 00 00 00 00 1b 00   ................
0010  00 01 00 01 00 00 02 19 00 00 00 00 21 09 08 02   ............!...
0020  01 00 11 00 08 07 00 00 0c 04 2a 2a 00 01 00 00   ..........**....
0030  00 00 00 00 e1                                    .....
USB Control (24 bytes):
0000  09 08 02 01 00 11 00 08 07 00 00 0c 04 2a 2a 00   .............**.
0010  01 00 00 00 00 00 00 e1                           ........

Packet (53 bytes):
0000  1c 00 10 e0 9e 85 03 ad ff ff 00 00 00 00 1b 00   ................
0010  00 01 00 01 00 00 02 19 00 00 00 00 21 09 08 02   ............!...
0020  01 00 11 00 08 03 00 00 00 00 00 00 00 00 00 00   ................
0030  00 00 00 00 4a                                    ....J
USB Control (24 bytes):
0000  09 08 02 01 00 11 00 08 03 00 00 00 00 00 00 00   ................
0010  00 00 00 00 00 00 00 4a                           .......J

Packet (53 bytes):
0000  1c 00 10 f0 b5 85 03 ad ff ff 00 00 00 00 1b 00   ................
0010  00 01 00 01 00 00 02 19 00 00 00 00 21 09 08 02   ............!...
0020  01 00 11 00 08 07 00 00 0c 04 2b 2b 00 ff 00 00   ..........++....
0030  00 00 00 00 e1                                    .....
USB Control (24 bytes):
0000  09 08 02 01 00 11 00 08 07 00 00 0c 04 2b 2b 00   .............++.
0010  ff 00 00 00 00 00 00 e1                           ........

Packet (53 bytes):
0000  1c 00 b0 d9 9e 85 03 ad ff ff 00 00 00 00 1b 00   ................
0010  00 01 00 01 00 00 02 19 00 00 00 00 21 09 08 02   ............!...
0020  01 00 11 00 08 03 00 00 00 00 00 00 00 00 00 00   ................
0030  00 00 00 00 4a                                    ....J
USB Control (24 bytes):
0000  09 08 02 01 00 11 00 08 03 00 00 00 00 00 00 00   ................
0010  00 00 00 00 00 00 00 4a                           .......J

Packet (53 bytes):
0000  1c 00 e0 d4 9e 85 03 ad ff ff 00 00 00 00 1b 00   ................
0010  00 01 00 01 00 00 02 19 00 00 00 00 21 09 08 02   ............!...
0020  01 00 11 00 08 07 00 00 0c 04 2c 2c 00 fd 00 00   ..........,,....
0030  00 00 00 00 e1                                    .....
USB Control (24 bytes):
0000  09 08 02 01 00 11 00 08 07 00 00 0c 04 2c 2c 00   .............,,.
0010  fd 00 00 00 00 00 00 e1                           ........

Packet (53 bytes):
0000  1c 00 e0 d4 9e 85 03 ad ff ff 00 00 00 00 1b 00   ................
0010  00 01 00 01 00 00 02 19 00 00 00 00 21 09 08 02   ............!...
0020  01 00 11 00 08 03 00 00 00 00 00 00 00 00 00 00   ................
0030  00 00 00 00 4a                                    ....J
USB Control (24 bytes):
0000  09 08 02 01 00 11 00 08 03 00 00 00 00 00 00 00   ................
0010  00 00 00 00 00 00 00 4a                           .......J

Packet (53 bytes):
0000  1c 00 e0 ca 3b 7f 03 ad ff ff 00 00 00 00 1b 00   ....;...........
0010  00 01 00 01 00 00 02 19 00 00 00 00 21 09 08 02   ............!...
0020  01 00 11 00 08 04 00 00 00 00 00 00 00 00 00 00   ................
0030  00 00 00 00 49                                    ....I
USB Control (24 bytes):
0000  09 08 02 01 00 11 00 08 04 00 00 00 00 00 00 00   ................
0010  00 00 00 00 00 00 00 49                           .......I

Packet (53 bytes):
0000  1c 00 10 10 9e 86 03 ad ff ff 00 00 00 00 1b 00   ................
0010  00 01 00 01 00 00 02 19 00 00 00 00 21 09 08 02   ............!...
0020  01 00 11 00 08 03 00 00 00 00 00 00 00 00 00 00   ................
0030  00 00 00 00 4a                                    ....J
USB Control (24 bytes):
0000  09 08 02 01 00 11 00 08 03 00 00 00 00 00 00 00   ................
0010  00 00 00 00 00 00 00 4a                           .......J

Packet (53 bytes):
0000  1c 00 e0 ca 3b 7f 03 ad ff ff 00 00 00 00 1b 00   ....;...........
0010  00 01 00 01 00 00 02 19 00 00 00 00 21 09 08 02   ............!...
0020  01 00 11 00 08 07 00 00 0c 04 2d 2d 00 fb 00 00   ..........--....
0030  00 00 00 00 e1                                    .....
USB Control (24 bytes):
0000  09 08 02 01 00 11 00 08 07 00 00 0c 04 2d 2d 00   .............--.
0010  fb 00 00 00 00 00 00 e1                           ........

Packet (53 bytes):
0000  1c 00 20 ea b5 85 03 ad ff ff 00 00 00 00 1b 00   .. .............
0010  00 01 00 01 00 00 02 19 00 00 00 00 21 09 08 02   ............!...
0020  01 00 11 00 08 03 00 00 00 00 00 00 00 00 00 00   ................
0030  00 00 00 00 4a                                    ....J
USB Control (24 bytes):
0000  09 08 02 01 00 11 00 08 03 00 00 00 00 00 00 00   ................
0010  00 00 00 00 00 00 00 4a                           .......J

Packet (53 bytes):
0000  1c 00 b0 f9 9e 85 03 ad ff ff 00 00 00 00 1b 00   ................
0010  00 01 00 01 00 00 02 19 00 00 00 00 21 09 08 02   ............!...
0020  01 00 11 00 08 07 00 00 0c 04 2e 2e 00 f9 00 00   ................
0030  00 00 00 00 e1                                    .....
USB Control (24 bytes):
0000  09 08 02 01 00 11 00 08 07 00 00 0c 04 2e 2e 00   ................
0010  f9 00 00 00 00 00 00 e1                           ........

Packet (53 bytes):
0000  1c 00 60 ca 7c 80 03 ad ff ff 00 00 00 00 1b 00   ..`.|...........
0010  00 01 00 01 00 00 02 19 00 00 00 00 21 09 08 02   ............!...
0020  01 00 11 00 08 03 00 00 00 00 00 00 00 00 00 00   ................
0030  00 00 00 00 4a                                    ....J
USB Control (24 bytes):
0000  09 08 02 01 00 11 00 08 03 00 00 00 00 00 00 00   ................
0010  00 00 00 00 00 00 00 4a                           .......J

Packet (53 bytes):
0000  1c 00 60 34 f7 80 03 ad ff ff 00 00 00 00 1b 00   ..`4............
0010  00 01 00 01 00 00 02 19 00 00 00 00 21 09 08 02   ............!...
0020  01 00 11 00 08 07 00 00 0c 04 2f 2f 00 f7 00 00   ..........//....
0030  00 00 00 00 e1                                    .....
USB Control (24 bytes):
0000  09 08 02 01 00 11 00 08 07 00 00 0c 04 2f 2f 00   .............//.
0010  f7 00 00 00 00 00 00 e1                           ........

Packet (53 bytes):
0000  1c 00 b0 f9 9e 85 03 ad ff ff 00 00 00 00 1b 00   ................
0010  00 01 00 01 00 00 02 19 00 00 00 00 21 09 08 02   ............!...
0020  01 00 11 00 08 03 00 00 00 00 00 00 00 00 00 00   ................
0030  00 00 00 00 4a                                    ....J
USB Control (24 bytes):
0000  09 08 02 01 00 11 00 08 03 00 00 00 00 00 00 00   ................
0010  00 00 00 00 00 00 00 4a                           .......J

Packet (53 bytes):
0000  1c 00 b0 c9 9e 85 03 ad ff ff 00 00 00 00 1b 00   ................
0010  00 01 00 01 00 00 02 19 00 00 00 00 21 09 08 02   ............!...
0020  01 00 11 00 08 07 00 00 0c 04 30 30 00 f5 00 00   ..........00....
0030  00 00 00 00 e1                                    .....
USB Control (24 bytes):
0000  09 08 02 01 00 11 00 08 07 00 00 0c 04 30 30 00   .............00.
0010  f5 00 00 00 00 00 00 e1                           ........

Packet (53 bytes):
0000  1c 00 20 ea b5 85 03 ad ff ff 00 00 00 00 1b 00   .. .............
0010  00 01 00 01 00 00 02 19 00 00 00 00 21 09 08 02   ............!...
0020  01 00 11 00 08 03 00 00 00 00 00 00 00 00 00 00   ................
0030  00 00 00 00 4a                                    ....J
USB Control (24 bytes):
0000  09 08 02 01 00 11 00 08 03 00 00 00 00 00 00 00   ................
0010  00 00 00 00 00 00 00 4a                           .......J

Packet (53 bytes):
0000  1c 00 10 f0 b5 85 03 ad ff ff 00 00 00 00 1b 00   ................
0010  00 01 00 01 00 00 02 19 00 00 00 00 21 09 08 02   ............!...
0020  01 00 11 00 08 07 00 00 0c 04 31 31 00 f3 00 00   ..........11....
0030  00 00 00 00 e1                                    .....
USB Control (24 bytes):
0000  09 08 02 01 00 11 00 08 07 00 00 0c 04 31 31 00   .............11.
0010  f3 00 00 00 00 00 00 e1                           ........

Packet (53 bytes):
0000  1c 00 60 ca 7c 80 03 ad ff ff 00 00 00 00 1b 00   ..`.|...........
0010  00 01 00 01 00 00 02 19 00 00 00 00 21 09 08 02   ............!...
0020  01 00 11 00 08 03 00 00 00 00 00 00 00 00 00 00   ................
0030  00 00 00 00 4a                                    ....J
USB Control (24 bytes):
0000  09 08 02 01 00 11 00 08 03 00 00 00 00 00 00 00   ................
0010  00 00 00 00 00 00 00 4a                           .......J

Packet (53 bytes):
0000  1c 00 e0 c4 9e 85 03 ad ff ff 00 00 00 00 1b 00   ................
0010  00 01 00 01 00 00 02 19 00 00 00 00 21 09 08 02   ............!...
0020  01 00 11 00 08 04 00 00 00 00 00 00 00 00 00 00   ................
0030  00 00 00 00 49                                    ....I
USB Control (24 bytes):
0000  09 08 02 01 00 11 00 08 04 00 00 00 00 00 00 00   ................
0010  00 00 00 00 00 00 00 49                           .......I

Packet (53 bytes):
0000  1c 00 60 34 f7 80 03 ad ff ff 00 00 00 00 1b 00   ..`4............
0010  00 01 00 01 00 00 02 19 00 00 00 00 21 09 08 02   ............!...
0020  01 00 11 00 08 03 00 00 00 00 00 00 00 00 00 00   ................
0030  00 00 00 00 4a                                    ....J
USB Control (24 bytes):
0000  09 08 02 01 00 11 00 08 03 00 00 00 00 00 00 00   ................
0010  00 00 00 00 00 00 00 4a                           .......J

Packet (53 bytes):
0000  1c 00 20 ea b5 85 03 ad ff ff 00 00 00 00 1b 00   .. .............
0010  00 01 00 01 00 00 02 19 00 00 00 00 21 09 08 02   ............!...
0020  01 00 11 00 08 07 00 00 0c 04 32 32 00 f1 00 00   ..........22....
0030  00 00 00 00 e1                                    .....
USB Control (24 bytes):
0000  09 08 02 01 00 11 00 08 07 00 00 0c 04 32 32 00   .............22.
0010  f1 00 00 00 00 00 00 e1                           ........

Packet (53 bytes):
0000  1c 00 10 d0 9e 85 03 ad ff ff 00 00 00 00 1b 00   ................
0010  00 01 00 01 00 00 02 19 00 00 00 00 21 09 08 02   ............!...
0020  01 00 11 00 08 03 00 00 00 00 00 00 00 00 00 00   ................
0030  00 00 00 00 4a                                    ....J
USB Control (24 bytes):
0000  09 08 02 01 00 11 00 08 03 00 00 00 00 00 00 00   ................
0010  00 00 00 00 00 00 00 4a                           .......J

Packet (53 bytes):
0000  1c 00 10 d0 9e 85 03 ad ff ff 00 00 00 00 1b 00   ................
0010  00 01 00 01 00 00 02 19 00 00 00 00 21 09 08 02   ............!...
0020  01 00 11 00 08 07 00 00 0c 04 33 33 00 ef 00 00   ..........33....
0030  00 00 00 00 e1                                    .....
USB Control (24 bytes):
0000  09 08 02 01 00 11 00 08 07 00 00 0c 04 33 33 00   .............33.
0010  ef 00 00 00 00 00 00 e1                           ........

Packet (53 bytes):
0000  1c 00 60 34 f7 80 03 ad ff ff 00 00 00 00 1b 00   ..`4............
0010  00 01 00 01 00 00 02 19 00 00 00 00 21 09 08 02   ............!...
0020  01 00 11 00 08 03 00 00 00 00 00 00 00 00 00 00   ................
0030  00 00 00 00 4a                                    ....J
USB Control (24 bytes):
0000  09 08 02 01 00 11 00 08 03 00 00 00 00 00 00 00   ................
0010  00 00 00 00 00 00 00 4a                           .......J

Packet (53 bytes):
0000  1c 00 10 f0 b5 85 03 ad ff ff 00 00 00 00 1b 00   ................
0010  00 01 00 01 00 00 02 19 00 00 00 00 21 09 08 02   ............!...
0020  01 00 11 00 08 07 00 00 0c 04 34 34 00 ed 00 00   ..........44....
0030  00 00 00 00 e1                                    .....
USB Control (24 bytes):
0000  09 08 02 01 00 11 00 08 07 00 00 0c 04 34 34 00   .............44.
0010  ed 00 00 00 00 00 00 e1                           ........

Packet (53 bytes):
0000  1c 00 e0 ca 3b 7f 03 ad ff ff 00 00 00 00 1b 00   ....;...........
0010  00 01 00 01 00 00 02 19 00 00 00 00 21 09 08 02   ............!...
0020  01 00 11 00 08 03 00 00 00 00 00 00 00 00 00 00   ................
0030  00 00 00 00 4a                                    ....J
USB Control (24 bytes):
0000  09 08 02 01 00 11 00 08 03 00 00 00 00 00 00 00   ................
0010  00 00 00 00 00 00 00 4a                           .......J

Packet (53 bytes):
0000  1c 00 60 34 f7 80 03 ad ff ff 00 00 00 00 1b 00   ..`4............
0010  00 01 00 01 00 00 02 19 00 00 00 00 21 09 08 02   ............!...
0020  01 00 11 00 08 07 00 00 0c 04 35 35 00 eb 00 00   ..........55....
0030  00 00 00 00 e1                                    .....
USB Control (24 bytes):
0000  09 08 02 01 00 11 00 08 07 00 00 0c 04 35 35 00   .............55.
0010  eb 00 00 00 00 00 00 e1                           ........

Packet (53 bytes):
0000  1c 00 b0 c9 9e 85 03 ad ff ff 00 00 00 00 1b 00   ................
0010  00 01 00 01 00 00 02 19 00 00 00 00 21 09 08 02   ............!...
0020  01 00 11 00 08 03 00 00 00 00 00 00 00 00 00 00   ................
0030  00 00 00 00 4a                                    ....J
USB Control (24 bytes):
0000  09 08 02 01 00 11 00 08 03 00 00 00 00 00 00 00   ................
0010  00 00 00 00 00 00 00 4a                           .......J

Packet (53 bytes):
0000  1c 00 10 f0 b5 85 03 ad ff ff 00 00 00 00 1b 00   ................
0010  00 01 00 01 00 00 02 19 00 00 00 00 21 09 08 02   ............!...
0020  01 00 11 00 08 04 00 00 00 00 00 00 00 00 00 00   ................
0030  00 00 00 00 49                                    ....I
USB Control (24 bytes):
0000  09 08 02 01 00 11 00 08 04 00 00 00 00 00 00 00   ................
0010  00 00 00 00 00 00 00 49                           .......I

Packet (53 bytes):
0000  1c 00 b0 d9 9e 85 03 ad ff ff 00 00 00 00 1b 00   ................
0010  00 01 00 01 00 00 02 19 00 00 00 00 21 09 08 02   ............!...
0020  01 00 11 00 08 03 00 00 00 00 00 00 00 00 00 00   ................
0030  00 00 00 00 4a                                    ....J
USB Control (24 bytes):
0000  09 08 02 01 00 11 00 08 03 00 00 00 00 00 00 00   ................
0010  00 00 00 00 00 00 00 4a                           .......J

Packet (53 bytes):
0000  1c 00 b0 d9 9e 85 03 ad ff ff 00 00 00 00 1b 00   ................
0010  00 01 00 01 00 00 02 19 00 00 00 00 21 09 08 02   ............!...
0020  01 00 11 00 08 07 00 00 0c 04 36 36 00 e9 00 00   ..........66....
0030  00 00 00 00 e1                                    .....
USB Control (24 bytes):
0000  09 08 02 01 00 11 00 08 07 00 00 0c 04 36 36 00   .............66.
0010  e9 00 00 00 00 00 00 e1                           ........

Packet (53 bytes):
0000  1c 00 b0 f9 9e 85 03 ad ff ff 00 00 00 00 1b 00   ................
0010  00 01 00 01 00 00 02 19 00 00 00 00 21 09 08 02   ............!...
0020  01 00 11 00 08 03 00 00 00 00 00 00 00 00 00 00   ................
0030  00 00 00 00 4a                                    ....J
USB Control (24 bytes):
0000  09 08 02 01 00 11 00 08 03 00 00 00 00 00 00 00   ................
0010  00 00 00 00 00 00 00 4a                           .......J

Packet (53 bytes):
0000  1c 00 b0 c9 9e 85 03 ad ff ff 00 00 00 00 1b 00   ................
0010  00 01 00 01 00 00 02 19 00 00 00 00 21 09 08 02   ............!...
0020  01 00 11 00 08 07 00 00 0c 04 37 37 00 e7 00 00   ..........77....
0030  00 00 00 00 e1                                    .....
USB Control (24 bytes):
0000  09 08 02 01 00 11 00 08 07 00 00 0c 04 37 37 00   .............77.
0010  e7 00 00 00 00 00 00 e1                           ........

Packet (53 bytes):
0000  1c 00 b0 f9 9e 85 03 ad ff ff 00 00 00 00 1b 00   ................
0010  00 01 00 01 00 00 02 19 00 00 00 00 21 09 08 02   ............!...
0020  01 00 11 00 08 03 00 00 00 00 00 00 00 00 00 00   ................
0030  00 00 00 00 4a                                    ....J
USB Control (24 bytes):
0000  09 08 02 01 00 11 00 08 03 00 00 00 00 00 00 00   ................
0010  00 00 00 00 00 00 00 4a                           .......J

Packet (53 bytes):
0000  1c 00 b0 c9 9e 85 03 ad ff ff 00 00 00 00 1b 00   ................
0010  00 01 00 01 00 00 02 19 00 00 00 00 21 09 08 02   ............!...
0020  01 00 11 00 08 07 00 00 0c 04 38 38 00 e5 00 00   ..........88....
0030  00 00 00 00 e1                                    .....
USB Control (24 bytes):
0000  09 08 02 01 00 11 00 08 07 00 00 0c 04 38 38 00   .............88.
0010  e5 00 00 00 00 00 00 e1                           ........

Packet (53 bytes):
0000  1c 00 10 f0 b5 85 03 ad ff ff 00 00 00 00 1b 00   ................
0010  00 01 00 01 00 00 02 19 00 00 00 00 21 09 08 02   ............!...
0020  01 00 11 00 08 03 00 00 00 00 00 00 00 00 00 00   ................
0030  00 00 00 00 4a                                    ....J
USB Control (24 bytes):
0000  09 08 02 01 00 11 00 08 03 00 00 00 00 00 00 00   ................
0010  00 00 00 00 00 00 00 4a                           .......J

Packet (53 bytes):
0000  1c 00 b0 d9 9e 85 03 ad ff ff 00 00 00 00 1b 00   ................
0010  00 01 00 01 00 00 02 19 00 00 00 00 21 09 08 02   ............!...
0020  01 00 11 00 08 07 00 00 0c 04 39 39 00 e3 00 00   ..........99....
0030  00 00 00 00 e1                                    .....
USB Control (24 bytes):
0000  09 08 02 01 00 11 00 08 07 00 00 0c 04 39 39 00   .............99.
0010  e3 00 00 00 00 00 00 e1                           ........

Packet (53 bytes):
0000  1c 00 e0 ca 3b 7f 03 ad ff ff 00 00 00 00 1b 00   ....;...........
0010  00 01 00 01 00 00 02 19 00 00 00 00 21 09 08 02   ............!...
0020  01 00 11 00 08 03 00 00 00 00 00 00 00 00 00 00   ................
0030  00 00 00 00 4a                                    ....J
USB Control (24 bytes):
0000  09 08 02 01 00 11 00 08 03 00 00 00 00 00 00 00   ................
0010  00 00 00 00 00 00 00 4a                           .......J

Packet (53 bytes):
0000  1c 00 b0 c9 9e 85 03 ad ff ff 00 00 00 00 1b 00   ................
0010  00 01 00 01 00 00 02 19 00 00 00 00 21 09 08 02   ............!...
0020  01 00 11 00 08 07 00 00 0c 04 3a 3a 00 e1 00 00   ..........::....
0030  00 00 00 00 e1                                    .....
USB Control (24 bytes):
0000  09 08 02 01 00 11 00 08 07 00 00 0c 04 3a 3a 00   .............::.
0010  e1 00 00 00 00 00 00 e1                           ........

Packet (53 bytes):
0000  1c 00 10 d0 9e 85 03 ad ff ff 00 00 00 00 1b 00   ................
0010  00 01 00 01 00 00 02 19 00 00 00 00 21 09 08 02   ............!...
0020  01 00 11 00 08 03 00 00 00 00 00 00 00 00 00 00   ................
0030  00 00 00 00 4a                                    ....J
USB Control (24 bytes):
0000  09 08 02 01 00 11 00 08 03 00 00 00 00 00 00 00   ................
0010  00 00 00 00 00 00 00 4a                           .......J

Packet (53 bytes):
0000  1c 00 b0 d9 9e 85 03 ad ff ff 00 00 00 00 1b 00   ................
0010  00 01 00 01 00 00 02 19 00 00 00 00 21 09 08 02   ............!...
0020  01 00 11 00 08 07 00 00 0c 04 3b 3b 00 df 00 00   ..........;;....
0030  00 00 00 00 e1                                    .....
USB Control (24 bytes):
0000  09 08 02 01 00 11 00 08 07 00 00 0c 04 3b 3b 00   .............;;.
0010  df 00 00 00 00 00 00 e1                           ........

Packet (53 bytes):
0000  1c 00 b0 c9 9e 85 03 ad ff ff 00 00 00 00 1b 00   ................
0010  00 01 00 01 00 00 02 19 00 00 00 00 21 09 08 02   ............!...
0020  01 00 11 00 08 03 00 00 00 00 00 00 00 00 00 00   ................
0030  00 00 00 00 4a                                    ....J
USB Control (24 bytes):
0000  09 08 02 01 00 11 00 08 03 00 00 00 00 00 00 00   ................
0010  00 00 00 00 00 00 00 4a                           .......J

Packet (53 bytes):
0000  1c 00 60 ca 7c 80 03 ad ff ff 00 00 00 00 1b 00   ..`.|...........
0010  00 01 00 01 00 00 02 19 00 00 00 00 21 09 08 02   ............!...
0020  01 00 11 00 08 04 00 00 00 00 00 00 00 00 00 00   ................
0030  00 00 00 00 49                                    ....I
USB Control (24 bytes):
0000  09 08 02 01 00 11 00 08 04 00 00 00 00 00 00 00   ................
0010  00 00 00 00 00 00 00 49                           .......I

Packet (53 bytes):
0000  1c 00 e0 ca 3b 7f 03 ad ff ff 00 00 00 00 1b 00   ....;...........
0010  00 01 00 01 00 00 02 19 00 00 00 00 21 09 08 02   ............!...
0020  01 00 11 00 08 03 00 00 00 00 00 00 00 00 00 00   ................
0030  00 00 00 00 4a                                    ....J
USB Control (24 bytes):
0000  09 08 02 01 00 11 00 08 03 00 00 00 00 00 00 00   ................
0010  00 00 00 00 00 00 00 4a                           .......J

Packet (53 bytes):
0000  1c 00 10 f0 b5 85 03 ad ff ff 00 00 00 00 1b 00   ................
0010  00 01 00 01 00 00 02 19 00 00 00 00 21 09 08 02   ............!...
0020  01 00 11 00 08 07 00 00 0c 04 3c 3c 00 dd 00 00   ..........<<....
0030  00 00 00 00 e1                                    .....
USB Control (24 bytes):
0000  09 08 02 01 00 11 00 08 07 00 00 0c 04 3c 3c 00   .............<<.
0010  dd 00 00 00 00 00 00 e1                           ........

Packet (53 bytes):
0000  1c 00 e0 c4 9e 85 03 ad ff ff 00 00 00 00 1b 00   ................
0010  00 01 00 01 00 00 02 19 00 00 00 00 21 09 08 02   ............!...
0020  01 00 11 00 08 03 00 00 00 00 00 00 00 00 00 00   ................
0030  00 00 00 00 4a                                    ....J
USB Control (24 bytes):
0000  09 08 02 01 00 11 00 08 03 00 00 00 00 00 00 00   ................
0010  00 00 00 00 00 00 00 4a                           .......J

Packet (53 bytes):
0000  1c 00 60 34 f7 80 03 ad ff ff 00 00 00 00 1b 00   ..`4............
0010  00 01 00 01 00 00 02 19 00 00 00 00 21 09 08 02   ............!...
0020  01 00 11 00 08 07 00 00 0c 04 3d 3d 00 db 00 00   ..........==....
0030  00 00 00 00 e1                                    .....
USB Control (24 bytes):
0000  09 08 02 01 00 11 00 08 07 00 00 0c 04 3d 3d 00   .............==.
0010  db 00 00 00 00 00 00 e1                           ........

Packet (53 bytes):
0000  1c 00 60 34 f7 80 03 ad ff ff 00 00 00 00 1b 00   ..`4............
0010  00 01 00 01 00 00 02 19 00 00 00 00 21 09 08 02   ............!...
0020  01 00 11 00 08 03 00 00 00 00 00 00 00 00 00 00   ................
0030  00 00 00 00 4a                                    ....J
USB Control (24 bytes):
0000  09 08 02 01 00 11 00 08 03 00 00 00 00 00 00 00   ................
0010  00 00 00 00 00 00 00 4a                           .......J

Packet (53 bytes):
0000  1c 00 60 34 f7 80 03 ad ff ff 00 00 00 00 1b 00   ..`4............
0010  00 01 00 01 00 00 02 19 00 00 00 00 21 09 08 02   ............!...
0020  01 00 11 00 08 07 00 00 0c 04 3e 3e 00 d9 00 00   ..........>>....
0030  00 00 00 00 e1                                    .....
USB Control (24 bytes):
0000  09 08 02 01 00 11 00 08 07 00 00 0c 04 3e 3e 00   .............>>.
0010  d9 00 00 00 00 00 00 e1                           ........

Packet (53 bytes):
0000  1c 00 b0 c9 9e 85 03 ad ff ff 00 00 00 00 1b 00   ................
0010  00 01 00 01 00 00 02 19 00 00 00 00 21 09 08 02   ............!...
0020  01 00 11 00 08 03 00 00 00 00 00 00 00 00 00 00   ................
0030  00 00 00 00 4a                                    ....J
USB Control (24 bytes):
0000  09 08 02 01 00 11 00 08 03 00 00 00 00 00 00 00   ................
0010  00 00 00 00 00 00 00 4a                           .......J

Packet (53 bytes):
0000  1c 00 60 34 f7 80 03 ad ff ff 00 00 00 00 1b 00   ..`4............
0010  00 01 00 01 00 00 02 19 00 00 00 00 21 09 08 02   ............!...
0020  01 00 11 00 08 07 00 00 0c 04 3f 3f 00 d7 00 00   ..........??....
0030  00 00 00 00 e1                                    .....
USB Control (24 bytes):
0000  09 08 02 01 00 11 00 08 07 00 00 0c 04 3f 3f 00   .............??.
0010  d7 00 00 00 00 00 00 e1                           ........

Packet (53 bytes):
0000  1c 00 e0 d4 9e 85 03 ad ff ff 00 00 00 00 1b 00   ................
0010  00 01 00 01 00 00 02 19 00 00 00 00 21 09 08 02   ............!...
0020  01 00 11 00 08 03 00 00 00 00 00 00 00 00 00 00   ................
0030  00 00 00 00 4a                                    ....J
USB Control (24 bytes):
0000  09 08 02 01 00 11 00 08 03 00 00 00 00 00 00 00   ................
0010  00 00 00 00 00 00 00 4a                           .......J

Packet (53 bytes):
0000  1c 00 b0 c9 9e 85 03 ad ff ff 00 00 00 00 1b 00   ................
0010  00 01 00 01 00 00 02 19 00 00 00 00 21 09 08 02   ............!...
0020  01 00 11 00 08 07 00 00 0c 04 40 40 00 d5 00 00   ..........@@....
0030  00 00 00 00 e1                                    .....
USB Control (24 bytes):
0000  09 08 02 01 00 11 00 08 07 00 00 0c 04 40 40 00   .............@@.
0010  d5 00 00 00 00 00 00 e1                           ........

Packet (53 bytes):
0000  1c 00 60 34 f7 80 03 ad ff ff 00 00 00 00 1b 00   ..`4............
0010  00 01 00 01 00 00 02 19 00 00 00 00 21 09 08 02   ............!...
0020  01 00 11 00 08 03 00 00 00 00 00 00 00 00 00 00   ................
0030  00 00 00 00 4a                                    ....J
USB Control (24 bytes):
0000  09 08 02 01 00 11 00 08 03 00 00 00 00 00 00 00   ................
0010  00 00 00 00 00 00 00 4a                           .......J

Packet (53 bytes):
0000  1c 00 10 d0 9e 85 03 ad ff ff 00 00 00 00 1b 00   ................
0010  00 01 00 01 00 00 02 19 00 00 00 00 21 09 08 02   ............!...
0020  01 00 11 00 08 04 00 00 00 00 00 00 00 00 00 00   ................
0030  00 00 00 00 49                                    ....I
USB Control (24 bytes):
0000  09 08 02 01 00 11 00 08 04 00 00 00 00 00 00 00   ................
0010  00 00 00 00 00 00 00 49                           .......I

Packet (53 bytes):
0000  1c 00 10 d0 9e 85 03 ad ff ff 00 00 00 00 1b 00   ................
0010  00 01 00 01 00 00 02 19 00 00 00 00 21 09 08 02   ............!...
0020  01 00 11 00 08 03 00 00 00 00 00 00 00 00 00 00   ................
0030  00 00 00 00 4a                                    ....J
USB Control (24 bytes):
0000  09 08 02 01 00 11 00 08 03 00 00 00 00 00 00 00   ................
0010  00 00 00 00 00 00 00 4a                           .......J

Packet (53 bytes):
0000  1c 00 10 f0 b5 85 03 ad ff ff 00 00 00 00 1b 00   ................
0010  00 01 00 01 00 00 02 19 00 00 00 00 21 09 08 02   ............!...
0020  01 00 11 00 08 07 00 00 0c 04 41 41 00 d3 00 00   ..........AA....
0030  00 00 00 00 e1                                    .....
USB Control (24 bytes):
0000  09 08 02 01 00 11 00 08 07 00 00 0c 04 41 41 00   .............AA.
0010  d3 00 00 00 00 00 00 e1                           ........

Packet (53 bytes):
0000  1c 00 e0 ca 3b 7f 03 ad ff ff 00 00 00 00 1b 00   ....;...........
0010  00 01 00 01 00 00 02 19 00 00 00 00 21 09 08 02   ............!...
0020  01 00 11 00 08 03 00 00 00 00 00 00 00 00 00 00   ................
0030  00 00 00 00 4a                                    ....J
USB Control (24 bytes):
0000  09 08 02 01 00 11 00 08 03 00 00 00 00 00 00 00   ................
0010  00 00 00 00 00 00 00 4a                           .......J

Packet (53 bytes):
0000  1c 00 b0 c9 9e 85 03 ad ff ff 00 00 00 00 1b 00   ................
0010  00 01 00 01 00 00 02 19 00 00 00 00 21 09 08 02   ............!...
0020  01 00 11 00 08 07 00 00 0c 04 42 42 00 d1 00 00   ..........BB....
0030  00 00 00 00 e1                                    .....
USB Control (24 bytes):
0000  09 08 02 01 00 11 00 08 07 00 00 0c 04 42 42 00   .............BB.
0010  d1 00 00 00 00 00 00 e1                           ........

Packet (53 bytes):
0000  1c 00 b0 f9 9e 85 03 ad ff ff 00 00 00 00 1b 00   ................
0010  00 01 00 01 00 00 02 19 00 00 00 00 21 09 08 02   ............!...
0020  01 00 11 00 08 03 00 00 00 00 00 00 00 00 00 00   ................
0030  00 00 00 00 4a                                    ....J
USB Control (24 bytes):
0000  09 08 02 01 00 11 00 08 03 00 00 00 00 00 00 00   ................
0010  00 00 00 00 00 00 00 4a                           .......J

Packet (53 bytes):
0000  1c 00 60 34 f7 80 03 ad ff ff 00 00 00 00 1b 00   ..`4............
0010  00 01 00 01 00 00 02 19 00 00 00 00 21 09 08 02   ............!...
0020  01 00 11 00 08 07 00 00 0c 04 43 43 00 cf 00 00   ..........CC....
0030  00 00 00 00 e1                                    .....
USB Control (24 bytes):
0000  09 08 02 01 00 11 00 08 07 00 00 0c 04 43 43 00   .............CC.
0010  cf 00 00 00 00 00 00 e1                           ........

Packet (53 bytes):
0000  1c 00 10 e0 b9 85 03 ad ff ff 00 00 00 00 1b 00   ................
0010  00 01 00 01 00 00 02 19 00 00 00 00 21 09 08 02   ............!...
0020  01 00 11 00 08 03 00 00 00 00 00 00 00 00 00 00   ................
0030  00 00 00 00 4a                                    ....J
USB Control (24 bytes):
0000  09 08 02 01 00 11 00 08 03 00 00 00 00 00 00 00   ................
0010  00 00 00 00 00 00 00 4a                           .......J

Packet (53 bytes):
0000  1c 00 b0 c9 9e 85 03 ad ff ff 00 00 00 00 1b 00   ................
0010  00 01 00 01 00 00 02 19 00 00 00 00 21 09 08 02   ............!...
0020  01 00 11 00 08 07 00 00 0c 04 44 44 00 cd 00 00   ..........DD....
0030  00 00 00 00 e1                                    .....
USB Control (24 bytes):
0000  09 08 02 01 00 11 00 08 07 00 00 0c 04 44 44 00   .............DD.
0010  cd 00 00 00 00 00 00 e1                           ........

Packet (53 bytes):
0000  1c 00 e0 ea 93 7e 03 ad ff ff 00 00 00 00 1b 00   .....~..........
0010  00 01 00 01 00 00 02 19 00 00 00 00 21 09 08 02   ............!...
0020  01 00 11 00 08 03 00 00 00 00 00 00 00 00 00 00   ................
0030  00 00 00 00 4a                                    ....J
USB Control (24 bytes):
0000  09 08 02 01 00 11 00 08 03 00 00 00 00 00 00 00   ................
0010  00 00 00 00 00 00 00 4a                           .......J

Packet (53 bytes):
0000  1c 00 10 f0 b5 85 03 ad ff ff 00 00 00 00 1b 00   ................
0010  00 01 00 01 00 00 02 19 00 00 00 00 21 09 08 02   ............!...
0020  01 00 11 00 08 07 00 00 0c 04 45 45 00 cb 00 00   ..........EE....
0030  00 00 00 00 e1                                    .....
USB Control (24 bytes):
0000  09 08 02 01 00 11 00 08 07 00 00 0c 04 45 45 00   .............EE.
0010  cb 00 00 00 00 00 00 e1                           ........

Packet (53 bytes):
0000  1c 00 60 34 f7 80 03 ad ff ff 00 00 00 00 1b 00   ..`4............
0010  00 01 00 01 00 00 02 19 00 00 00 00 21 09 08 02   ............!...
0020  01 00 11 00 08 03 00 00 00 00 00 00 00 00 00 00   ................
0030  00 00 00 00 4a                                    ....J
USB Control (24 bytes):
0000  09 08 02 01 00 11 00 08 03 00 00 00 00 00 00 00   ................
0010  00 00 00 00 00 00 00 4a                           .......J

Packet (53 bytes):
0000  1c 00 b0 f9 9e 85 03 ad ff ff 00 00 00 00 1b 00   ................
0010  00 01 00 01 00 00 02 19 00 00 00 00 21 09 08 02   ............!...
0020  01 00 11 00 08 04 00 00 00 00 00 00 00 00 00 00   ................
0030  00 00 00 00 49                                    ....I
USB Control (24 bytes):
0000  09 08 02 01 00 11 00 08 04 00 00 00 00 00 00 00   ................
0010  00 00 00 00 00 00 00 49                           .......I

Packet (53 bytes):
0000  1c 00 e0 ca 3b 7f 03 ad ff ff 00 00 00 00 1b 00   ....;...........
0010  00 01 00 01 00 00 02 19 00 00 00 00 21 09 08 02   ............!...
0020  01 00 11 00 08 03 00 00 00 00 00 00 00 00 00 00   ................
0030  00 00 00 00 4a                                    ....J
USB Control (24 bytes):
0000  09 08 02 01 00 11 00 08 03 00 00 00 00 00 00 00   ................
0010  00 00 00 00 00 00 00 4a                           .......J

Packet (53 bytes):
0000  1c 00 e0 ca 3b 7f 03 ad ff ff 00 00 00 00 1b 00   ....;...........
0010  00 01 00 01 00 00 02 19 00 00 00 00 21 09 08 02   ............!...
0020  01 00 11 00 08 07 00 00 0c 04 46 46 00 c9 00 00   ..........FF....
0030  00 00 00 00 e1                                    .....
USB Control (24 bytes):
0000  09 08 02 01 00 11 00 08 07 00 00 0c 04 46 46 00   .............FF.
0010  c9 00 00 00 00 00 00 e1                           ........

Packet (53 bytes):
0000  1c 00 10 d0 9e 85 03 ad ff ff 00 00 00 00 1b 00   ................
0010  00 01 00 01 00 00 02 19 00 00 00 00 21 09 08 02   ............!...
0020  01 00 11 00 08 03 00 00 00 00 00 00 00 00 00 00   ................
0030  00 00 00 00 4a                                    ....J
USB Control (24 bytes):
0000  09 08 02 01 00 11 00 08 03 00 00 00 00 00 00 00   ................
0010  00 00 00 00 00 00 00 4a                           .......J

Packet (53 bytes):
0000  1c 00 b0 f9 9e 85 03 ad ff ff 00 00 00 00 1b 00   ................
0010  00 01 00 01 00 00 02 19 00 00 00 00 21 09 08 02   ............!...
0020  01 00 11 00 08 07 00 00 0c 04 47 47 00 c7 00 00   ..........GG....
0030  00 00 00 00 e1                                    .....
USB Control (24 bytes):
0000  09 08 02 01 00 11 00 08 07 00 00 0c 04 47 47 00   .............GG.
0010  c7 00 00 00 00 00 00 e1                           ........

Packet (53 bytes):
0000  1c 00 10 f0 b5 85 03 ad ff ff 00 00 00 00 1b 00   ................
0010  00 01 00 01 00 00 02 19 00 00 00 00 21 09 08 02   ............!...
0020  01 00 11 00 08 03 00 00 00 00 00 00 00 00 00 00   ................
0030  00 00 00 00 4a                                    ....J
USB Control (24 bytes):
0000  09 08 02 01 00 11 00 08 03 00 00 00 00 00 00 00   ................
0010  00 00 00 00 00 00 00 4a                           .......J

Packet (53 bytes):
0000  1c 00 b0 c9 9e 85 03 ad ff ff 00 00 00 00 1b 00   ................
0010  00 01 00 01 00 00 02 19 00 00 00 00 21 09 08 02   ............!...
0020  01 00 11 00 08 07 00 00 0c 04 48 48 00 c5 00 00   ..........HH....
0030  00 00 00 00 e1                                    .....
USB Control (24 bytes):
0000  09 08 02 01 00 11 00 08 07 00 00 0c 04 48 48 00   .............HH.
0010  c5 00 00 00 00 00 00 e1                           ........

Packet (53 bytes):
0000  1c 00 60 34 f7 80 03 ad ff ff 00 00 00 00 1b 00   ..`4............
0010  00 01 00 01 00 00 02 19 00 00 00 00 21 09 08 02   ............!...
0020  01 00 11 00 08 03 00 00 00 00 00 00 00 00 00 00   ................
0030  00 00 00 00 4a                                    ....J
USB Control (24 bytes):
0000  09 08 02 01 00 11 00 08 03 00 00 00 00 00 00 00   ................
0010  00 00 00 00 00 00 00 4a                           .......J

Packet (53 bytes):
0000  1c 00 b0 c9 9e 85 03 ad ff ff 00 00 00 00 1b 00   ................
0010  00 01 00 01 00 00 02 19 00 00 00 00 21 09 08 02   ............!...
0020  01 00 11 00 08 07 00 00 0c 04 49 49 00 c3 00 00   ..........II....
0030  00 00 00 00 e1                                    .....
USB Control (24 bytes):
0000  09 08 02 01 00 11 00 08 07 00 00 0c 04 49 49 00   .............II.
0010  c3 00 00 00 00 00 00 e1                           ........

Packet (53 bytes):
0000  1c 00 10 d0 9e 85 03 ad ff ff 00 00 00 00 1b 00   ................
0010  00 01 00 01 00 00 02 19 00 00 00 00 21 09 08 02   ............!...
0020  01 00 11 00 08 03 00 00 00 00 00 00 00 00 00 00   ................
0030  00 00 00 00 4a                                    ....J
USB Control (24 bytes):
0000  09 08 02 01 00 11 00 08 03 00 00 00 00 00 00 00   ................
0010  00 00 00 00 00 00 00 4a                           .......J

Packet (53 bytes):
0000  1c 00 b0 c9 9e 85 03 ad ff ff 00 00 00 00 1b 00   ................
0010  00 01 00 01 00 00 02 19 00 00 00 00 21 09 08 02   ............!...
0020  01 00 11 00 08 07 00 00 0c 04 4a 4a 00 c1 00 00   ..........JJ....
0030  00 00 00 00 e1                                    .....
USB Control (24 bytes):
0000  09 08 02 01 00 11 00 08 07 00 00 0c 04 4a 4a 00   .............JJ.
0010  c1 00 00 00 00 00 00 e1                           ........

Packet (53 bytes):
0000  1c 00 b0 d9 9e 85 03 ad ff ff 00 00 00 00 1b 00   ................
0010  00 01 00 01 00 00 02 19 00 00 00 00 21 09 08 02   ............!...
0020  01 00 11 00 08 03 00 00 00 00 00 00 00 00 00 00   ................
0030  00 00 00 00 4a                                    ....J
USB Control (24 bytes):
0000  09 08 02 01 00 11 00 08 03 00 00 00 00 00 00 00   ................
0010  00 00 00 00 00 00 00 4a                           .......J

Packet (53 bytes):
0000  1c 00 10 f0 b5 85 03 ad ff ff 00 00 00 00 1b 00   ................
0010  00 01 00 01 00 00 02 19 00 00 00 00 21 09 08 02   ............!...
0020  01 00 11 00 08 04 00 00 00 00 00 00 00 00 00 00   ................
0030  00 00 00 00 49                                    ....I
USB Control (24 bytes):
0000  09 08 02 01 00 11 00 08 04 00 00 00 00 00 00 00   ................
0010  00 00 00 00 00 00 00 49                           .......I

Packet (53 bytes):
0000  1c 00 10 d0 9e 85 03 ad ff ff 00 00 00 00 1b 00   ................
0010  00 01 00 01 00 00 02 19 00 00 00 00 21 09 08 02   ............!...
0020  01 00 11 00 08 03 00 00 00 00 00 00 00 00 00 00   ................
0030  00 00 00 00 4a                                    ....J
USB Control (24 bytes):
0000  09 08 02 01 00 11 00 08 03 00 00 00 00 00 00 00   ................
0010  00 00 00 00 00 00 00 4a                           .......J

Packet (53 bytes):
0000  1c 00 b0 c9 9e 85 03 ad ff ff 00 00 00 00 1b 00   ................
0010  00 01 00 01 00 00 02 19 00 00 00 00 21 09 08 02   ............!...
0020  01 00 11 00 08 07 00 00 0c 04 4b 4b 00 bf 00 00   ..........KK....
0030  00 00 00 00 e1                                    .....
USB Control (24 bytes):
0000  09 08 02 01 00 11 00 08 07 00 00 0c 04 4b 4b 00   .............KK.
0010  bf 00 00 00 00 00 00 e1                           ........

Packet (53 bytes):
0000  1c 00 b0 f9 9e 85 03 ad ff ff 00 00 00 00 1b 00   ................
0010  00 01 00 01 00 00 02 19 00 00 00 00 21 09 08 02   ............!...
0020  01 00 11 00 08 03 00 00 00 00 00 00 00 00 00 00   ................
0030  00 00 00 00 4a                                    ....J
USB Control (24 bytes):
0000  09 08 02 01 00 11 00 08 03 00 00 00 00 00 00 00   ................
0010  00 00 00 00 00 00 00 4a                           .......J

Packet (53 bytes):
0000  1c 00 b0 d9 9e 85 03 ad ff ff 00 00 00 00 1b 00   ................
0010  00 01 00 01 00 00 02 19 00 00 00 00 21 09 08 02   ............!...
0020  01 00 11 00 08 07 00 00 0c 04 4c 4c 00 bd 00 00   ..........LL....
0030  00 00 00 00 e1                                    .....
USB Control (24 bytes):
0000  09 08 02 01 00 11 00 08 07 00 00 0c 04 4c 4c 00   .............LL.
0010  bd 00 00 00 00 00 00 e1                           ........

Packet (53 bytes):
0000  1c 00 30 b6 9e 85 03 ad ff ff 00 00 00 00 1b 00   ..0.............
0010  00 01 00 01 00 00 02 19 00 00 00 00 21 09 08 02   ............!...
0020  01 00 11 00 08 03 00 00 00 00 00 00 00 00 00 00   ................
0030  00 00 00 00 4a                                    ....J
USB Control (24 bytes):
0000  09 08 02 01 00 11 00 08 03 00 00 00 00 00 00 00   ................
0010  00 00 00 00 00 00 00 4a                           .......J

Packet (53 bytes):
0000  1c 00 b0 c9 9e 85 03 ad ff ff 00 00 00 00 1b 00   ................
0010  00 01 00 01 00 00 02 19 00 00 00 00 21 09 08 02   ............!...
0020  01 00 11 00 08 07 00 00 0c 04 4d 4d 00 bb 00 00   ..........MM....
0030  00 00 00 00 e1                                    .....
USB Control (24 bytes):
0000  09 08 02 01 00 11 00 08 07 00 00 0c 04 4d 4d 00   .............MM.
0010  bb 00 00 00 00 00 00 e1                           ........

Packet (53 bytes):
0000  1c 00 b0 d9 9e 85 03 ad ff ff 00 00 00 00 1b 00   ................
0010  00 01 00 01 00 00 02 19 00 00 00 00 21 09 08 02   ............!...
0020  01 00 11 00 08 03 00 00 00 00 00 00 00 00 00 00   ................
0030  00 00 00 00 4a                                    ....J
USB Control (24 bytes):
0000  09 08 02 01 00 11 00 08 03 00 00 00 00 00 00 00   ................
0010  00 00 00 00 00 00 00 4a                           .......J

Packet (53 bytes):
0000  1c 00 b0 c9 9e 85 03 ad ff ff 00 00 00 00 1b 00   ................
0010  00 01 00 01 00 00 02 19 00 00 00 00 21 09 08 02   ............!...
0020  01 00 11 00 08 07 00 00 0c 04 4e 4e 00 b9 00 00   ..........NN....
0030  00 00 00 00 e1                                    .....
USB Control (24 bytes):
0000  09 08 02 01 00 11 00 08 07 00 00 0c 04 4e 4e 00   .............NN.
0010  b9 00 00 00 00 00 00 e1                           ........

Packet (53 bytes):
0000  1c 00 e0 ea 93 7e 03 ad ff ff 00 00 00 00 1b 00   .....~..........
0010  00 01 00 01 00 00 02 19 00 00 00 00 21 09 08 02   ............!...
0020  01 00 11 00 08 03 00 00 00 00 00 00 00 00 00 00   ................
0030  00 00 00 00 4a                                    ....J
USB Control (24 bytes):
0000  09 08 02 01 00 11 00 08 03 00 00 00 00 00 00 00   ................
0010  00 00 00 00 00 00 00 4a                           .......J

Packet (53 bytes):
0000  1c 00 60 34 f7 80 03 ad ff ff 00 00 00 00 1b 00   ..`4............
0010  00 01 00 01 00 00 02 19 00 00 00 00 21 09 08 02   ............!...
0020  01 00 11 00 08 07 00 00 0c 04 4f 4f 00 b7 00 00   ..........OO....
0030  00 00 00 00 e1                                    .....
USB Control (24 bytes):
0000  09 08 02 01 00 11 00 08 07 00 00 0c 04 4f 4f 00   .............OO.
0010  b7 00 00 00 00 00 00 e1                           ........

Packet (53 bytes):
0000  1c 00 60 34 f7 80 03 ad ff ff 00 00 00 00 1b 00   ..`4............
0010  00 01 00 01 00 00 02 19 00 00 00 00 21 09 08 02   ............!...
0020  01 00 11 00 08 03 00 00 00 00 00 00 00 00 00 00   ................
0030  00 00 00 00 4a                                    ....J
USB Control (24 bytes):
0000  09 08 02 01 00 11 00 08 03 00 00 00 00 00 00 00   ................
0010  00 00 00 00 00 00 00 4a                           .......J

Packet (53 bytes):
0000  1c 00 e0 ca 3b 7f 03 ad ff ff 00 00 00 00 1b 00   ....;...........
0010  00 01 00 01 00 00 02 19 00 00 00 00 21 09 08 02   ............!...
0020  01 00 11 00 08 04 00 00 00 00 00 00 00 00 00 00   ................
0030  00 00 00 00 49                                    ....I
USB Control (24 bytes):
0000  09 08 02 01 00 11 00 08 04 00 00 00 00 00 00 00   ................
0010  00 00 00 00 00 00 00 49                           .......I

Packet (53 bytes):
0000  1c 00 a0 18 b9 7e 03 ad ff ff 00 00 00 00 1b 00   .....~..........
0010  00 01 00 01 00 00 02 19 00 00 00 00 21 09 08 02   ............!...
0020  01 00 11 00 08 03 00 00 00 00 00 00 00 00 00 00   ................
0030  00 00 00 00 4a                                    ....J
USB Control (24 bytes):
0000  09 08 02 01 00 11 00 08 03 00 00 00 00 00 00 00   ................
0010  00 00 00 00 00 00 00 4a                           .......J

Packet (53 bytes):
0000  1c 00 b0 c9 9e 85 03 ad ff ff 00 00 00 00 1b 00   ................
0010  00 01 00 01 00 00 02 19 00 00 00 00 21 09 08 02   ............!...
0020  01 00 11 00 08 07 00 00 0c 04 50 50 00 b5 00 00   ..........PP....
0030  00 00 00 00 e1                                    .....
USB Control (24 bytes):
0000  09 08 02 01 00 11 00 08 07 00 00 0c 04 50 50 00   .............PP.
0010  b5 00 00 00 00 00 00 e1                           ........

Packet (53 bytes):
0000  1c 00 60 34 f7 80 03 ad ff ff 00 00 00 00 1b 00   ..`4............
0010  00 01 00 01 00 00 02 19 00 00 00 00 21 09 08 02   ............!...
0020  01 00 11 00 08 03 00 00 00 00 00 00 00 00 00 00   ................
0030  00 00 00 00 4a                                    ....J
USB Control (24 bytes):
0000  09 08 02 01 00 11 00 08 03 00 00 00 00 00 00 00   ................
0010  00 00 00 00 00 00 00 4a                           .......J

Packet (53 bytes):
0000  1c 00 b0 c9 9e 85 03 ad ff ff 00 00 00 00 1b 00   ................
0010  00 01 00 01 00 00 02 19 00 00 00 00 21 09 08 02   ............!...
0020  01 00 11 00 08 07 00 00 0c 04 51 51 00 b3 00 00   ..........QQ....
0030  00 00 00 00 e1                                    .....
USB Control (24 bytes):
0000  09 08 02 01 00 11 00 08 07 00 00 0c 04 51 51 00   .............QQ.
0010  b3 00 00 00 00 00 00 e1                           ........

Packet (53 bytes):
0000  1c 00 10 d0 9e 85 03 ad ff ff 00 00 00 00 1b 00   ................
0010  00 01 00 01 00 00 02 19 00 00 00 00 21 09 08 02   ............!...
0020  01 00 11 00 08 03 00 00 00 00 00 00 00 00 00 00   ................
0030  00 00 00 00 4a                                    ....J
USB Control (24 bytes):
0000  09 08 02 01 00 11 00 08 03 00 00 00 00 00 00 00   ................
0010  00 00 00 00 00 00 00 4a                           .......J

Packet (53 bytes):
0000  1c 00 60 34 f7 80 03 ad ff ff 00 00 00 00 1b 00   ..`4............
0010  00 01 00 01 00 00 02 19 00 00 00 00 21 09 08 02   ............!...
0020  01 00 11 00 08 07 00 00 0c 04 52 52 00 b1 00 00   ..........RR....
0030  00 00 00 00 e1                                    .....
USB Control (24 bytes):
0000  09 08 02 01 00 11 00 08 07 00 00 0c 04 52 52 00   .............RR.
0010  b1 00 00 00 00 00 00 e1                           ........

Packet (53 bytes):
0000  1c 00 10 e0 b9 85 03 ad ff ff 00 00 00 00 1b 00   ................
0010  00 01 00 01 00 00 02 19 00 00 00 00 21 09 08 02   ............!...
0020  01 00 11 00 08 03 00 00 00 00 00 00 00 00 00 00   ................
0030  00 00 00 00 4a                                    ....J
USB Control (24 bytes):
0000  09 08 02 01 00 11 00 08 03 00 00 00 00 00 00 00   ................
0010  00 00 00 00 00 00 00 4a                           .......J

Packet (53 bytes):
0000  1c 00 60 34 f7 80 03 ad ff ff 00 00 00 00 1b 00   ..`4............
0010  00 01 00 01 00 00 02 19 00 00 00 00 21 09 08 02   ............!...
0020  01 00 11 00 08 07 00 00 0c 04 53 53 00 af 00 00   ..........SS....
0030  00 00 00 00 e1                                    .....
USB Control (24 bytes):
0000  09 08 02 01 00 11 00 08 07 00 00 0c 04 53 53 00   .............SS.
0010  af 00 00 00 00 00 00 e1                           ........

Packet (53 bytes):
0000  1c 00 10 f0 b5 85 03 ad ff ff 00 00 00 00 1b 00   ................
0010  00 01 00 01 00 00 02 19 00 00 00 00 21 09 08 02   ............!...
0020  01 00 11 00 08 03 00 00 00 00 00 00 00 00 00 00   ................
0030  00 00 00 00 4a                                    ....J
USB Control (24 bytes):
0000  09 08 02 01 00 11 00 08 03 00 00 00 00 00 00 00   ................
0010  00 00 00 00 00 00 00 4a                           .......J

Packet (53 bytes):
0000  1c 00 60 34 f7 80 03 ad ff ff 00 00 00 00 1b 00   ..`4............
0010  00 01 00 01 00 00 02 19 00 00 00 00 21 09 08 02   ............!...
0020  01 00 11 00 08 07 00 00 0c 04 54 54 00 ad 00 00   ..........TT....
0030  00 00 00 00 e1                                    .....
USB Control (24 bytes):
0000  09 08 02 01 00 11 00 08 07 00 00 0c 04 54 54 00   .............TT.
0010  ad 00 00 00 00 00 00 e1                           ........

Packet (53 bytes):
0000  1c 00 b0 c9 9e 85 03 ad ff ff 00 00 00 00 1b 00   ................
0010  00 01 00 01 00 00 02 19 00 00 00 00 21 09 08 02   ............!...
0020  01 00 11 00 08 03 00 00 00 00 00 00 00 00 00 00   ................
0030  00 00 00 00 4a                                    ....J
USB Control (24 bytes):
0000  09 08 02 01 00 11 00 08 03 00 00 00 00 00 00 00   ................
0010  00 00 00 00 00 00 00 4a                           .......J

Packet (53 bytes):
0000  1c 00 60 34 f7 80 03 ad ff ff 00 00 00 00 1b 00   ..`4............
0010  00 01 00 01 00 00 02 19 00 00 00 00 21 09 08 02   ............!...
0020  01 00 11 00 08 03 00 00 00 00 00 00 00 00 00 00   ................
0030  00 00 00 00 4a                                    ....J
USB Control (24 bytes):
0000  09 08 02 01 00 11 00 08 03 00 00 00 00 00 00 00   ................
0010  00 00 00 00 00 00 00 4a                           .......J

Packet (53 bytes):
0000  1c 00 10 d0 9e 85 03 ad ff ff 00 00 00 00 1b 00   ................
0010  00 01 00 01 00 00 02 19 00 00 00 00 21 09 08 02   ............!...
0020  01 00 11 00 08 04 00 00 00 00 00 00 00 00 00 00   ................
0030  00 00 00 00 49                                    ....I
USB Control (24 bytes):
0000  09 08 02 01 00 11 00 08 04 00 00 00 00 00 00 00   ................
0010  00 00 00 00 00 00 00 49                           .......I

Packet (53 bytes):
0000  1c 00 60 34 f7 80 03 ad ff ff 00 00 00 00 1b 00   ..`4............
0010  00 01 00 01 00 00 02 19 00 00 00 00 21 09 08 02   ............!...
0020  01 00 11 00 08 07 00 00 0c 04 55 55 00 ab 00 00   ..........UU....
0030  00 00 00 00 e1                                    .....
USB Control (24 bytes):
0000  09 08 02 01 00 11 00 08 07 00 00 0c 04 55 55 00   .............UU.
0010  ab 00 00 00 00 00 00 e1                           ........

Packet (53 bytes):
0000  1c 00 a0 18 b9 7e 03 ad ff ff 00 00 00 00 1b 00   .....~..........
0010  00 01 00 01 00 00 02 19 00 00 00 00 21 09 08 02   ............!...
0020  01 00 11 00 08 03 00 00 00 00 00 00 00 00 00 00   ................
0030  00 00 00 00 4a                                    ....J
USB Control (24 bytes):
0000  09 08 02 01 00 11 00 08 03 00 00 00 00 00 00 00   ................
0010  00 00 00 00 00 00 00 4a                           .......J

Packet (53 bytes):
0000  1c 00 b0 c9 9e 85 03 ad ff ff 00 00 00 00 1b 00   ................
0010  00 01 00 01 00 00 02 19 00 00 00 00 21 09 08 02   ............!...
0020  01 00 11 00 08 07 00 00 0c 04 56 56 00 a9 00 00   ..........VV....
0030  00 00 00 00 e1                                    .....
USB Control (24 bytes):
0000  09 08 02 01 00 11 00 08 07 00 00 0c 04 56 56 00   .............VV.
0010  a9 00 00 00 00 00 00 e1                           ........

Packet (53 bytes):
0000  1c 00 10 10 9e 86 03 ad ff ff 00 00 00 00 1b 00   ................
0010  00 01 00 01 00 00 02 19 00 00 00 00 21 09 08 02   ............!...
0020  01 00 11 00 08 03 00 00 00 00 00 00 00 00 00 00   ................
0030  00 00 00 00 4a                                    ....J
USB Control (24 bytes):
0000  09 08 02 01 00 11 00 08 03 00 00 00 00 00 00 00   ................
0010  00 00 00 00 00 00 00 4a                           .......J

Packet (53 bytes):
0000  1c 00 10 f0 b5 85 03 ad ff ff 00 00 00 00 1b 00   ................
0010  00 01 00 01 00 00 02 19 00 00 00 00 21 09 08 02   ............!...
0020  01 00 11 00 08 07 00 00 0c 04 57 57 00 a7 00 00   ..........WW....
0030  00 00 00 00 e1                                    .....
USB Control (24 bytes):
0000  09 08 02 01 00 11 00 08 07 00 00 0c 04 57 57 00   .............WW.
0010  a7 00 00 00 00 00 00 e1                           ........

Packet (53 bytes):
0000  1c 00 b0 b2 69 81 03 ad ff ff 00 00 00 00 1b 00   ....i...........
0010  00 01 00 01 00 00 02 19 00 00 00 00 21 09 08 02   ............!...
0020  01 00 11 00 08 03 00 00 00 00 00 00 00 00 00 00   ................
0030  00 00 00 00 4a                                    ....J
USB Control (24 bytes):
0000  09 08 02 01 00 11 00 08 03 00 00 00 00 00 00 00   ................
0010  00 00 00 00 00 00 00 4a                           .......J

Packet (53 bytes):
0000  1c 00 b0 c9 9e 85 03 ad ff ff 00 00 00 00 1b 00   ................
0010  00 01 00 01 00 00 02 19 00 00 00 00 21 09 08 02   ............!...
0020  01 00 11 00 08 07 00 00 0c 04 58 58 00 a5 00 00   ..........XX....
0030  00 00 00 00 e1                                    .....
USB Control (24 bytes):
0000  09 08 02 01 00 11 00 08 07 00 00 0c 04 58 58 00   .............XX.
0010  a5 00 00 00 00 00 00 e1                           ........

Packet (53 bytes):
0000  1c 00 b0 d9 9e 85 03 ad ff ff 00 00 00 00 1b 00   ................
0010  00 01 00 01 00 00 02 19 00 00 00 00 21 09 08 02   ............!...
0020  01 00 11 00 08 03 00 00 00 00 00 00 00 00 00 00   ................
0030  00 00 00 00 4a                                    ....J
USB Control (24 bytes):
0000  09 08 02 01 00 11 00 08 03 00 00 00 00 00 00 00   ................
0010  00 00 00 00 00 00 00 4a                           .......J

Packet (53 bytes):
0000  1c 00 b0 c9 9e 85 03 ad ff ff 00 00 00 00 1b 00   ................
0010  00 01 00 01 00 00 02 19 00 00 00 00 21 09 08 02   ............!...
0020  01 00 11 00 08 07 00 00 0c 04 59 59 00 a3 00 00   ..........YY....
0030  00 00 00 00 e1                                    .....
USB Control (24 bytes):
0000  09 08 02 01 00 11 00 08 07 00 00 0c 04 59 59 00   .............YY.
0010  a3 00 00 00 00 00 00 e1                           ........

Packet (53 bytes):
0000  1c 00 b0 d9 9e 85 03 ad ff ff 00 00 00 00 1b 00   ................
0010  00 01 00 01 00 00 02 19 00 00 00 00 21 09 08 02   ............!...
0020  01 00 11 00 08 03 00 00 00 00 00 00 00 00 00 00   ................
0030  00 00 00 00 4a                                    ....J
USB Control (24 bytes):
0000  09 08 02 01 00 11 00 08 03 00 00 00 00 00 00 00   ................
0010  00 00 00 00 00 00 00 4a                           .......J

Packet (53 bytes):
0000  1c 00 10 d0 9e 85 03 ad ff ff 00 00 00 00 1b 00   ................
0010  00 01 00 01 00 00 02 19 00 00 00 00 21 09 08 02   ............!...
0020  01 00 11 00 08 04 00 00 00 00 00 00 00 00 00 00   ................
0030  00 00 00 00 49                                    ....I
USB Control (24 bytes):
0000  09 08 02 01 00 11 00 08 04 00 00 00 00 00 00 00   ................
0010  00 00 00 00 00 00 00 49                           .......I

Packet (53 bytes):
0000  1c 00 10 d0 fd 85 03 ad ff ff 00 00 00 00 1b 00   ................
0010  00 01 00 01 00 00 02 19 00 00 00 00 21 09 08 02   ............!...
0020  01 00 11 00 08 03 00 00 00 00 00 00 00 00 00 00   ................
0030  00 00 00 00 4a                                    ....J
USB Control (24 bytes):
0000  09 08 02 01 00 11 00 08 03 00 00 00 00 00 00 00   ................
0010  00 00 00 00 00 00 00 4a                           .......J

Packet (53 bytes):
0000  1c 00 b0 c9 9e 85 03 ad ff ff 00 00 00 00 1b 00   ................
0010  00 01 00 01 00 00 02 19 00 00 00 00 21 09 08 02   ............!...
0020  01 00 11 00 08 07 00 00 0c 04 5a 5a 00 a1 00 00   ..........ZZ....
0030  00 00 00 00 e1                                    .....
USB Control (24 bytes):
0000  09 08 02 01 00 11 00 08 07 00 00 0c 04 5a 5a 00   .............ZZ.
0010  a1 00 00 00 00 00 00 e1                           ........

Packet (53 bytes):
0000  1c 00 20 ea b5 85 03 ad ff ff 00 00 00 00 1b 00   .. .............
0010  00 01 00 01 00 00 02 19 00 00 00 00 21 09 08 02   ............!...
0020  01 00 11 00 08 03 00 00 00 00 00 00 00 00 00 00   ................
0030  00 00 00 00 4a                                    ....J
USB Control (24 bytes):
0000  09 08 02 01 00 11 00 08 03 00 00 00 00 00 00 00   ................
0010  00 00 00 00 00 00 00 4a                           .......J

Packet (53 bytes):
0000  1c 00 b0 d9 9e 85 03 ad ff ff 00 00 00 00 1b 00   ................
0010  00 01 00 01 00 00 02 19 00 00 00 00 21 09 08 02   ............!...
0020  01 00 11 00 08 07 00 00 0c 04 5b 5b 00 9f 00 00   ..........[[....
0030  00 00 00 00 e1                                    .....
USB Control (24 bytes):
0000  09 08 02 01 00 11 00 08 07 00 00 0c 04 5b 5b 00   .............[[.
0010  9f 00 00 00 00 00 00 e1                           ........

Packet (53 bytes):
0000  1c 00 10 d0 fd 85 03 ad ff ff 00 00 00 00 1b 00   ................
0010  00 01 00 01 00 00 02 19 00 00 00 00 21 09 08 02   ............!...
0020  01 00 11 00 08 03 00 00 00 00 00 00 00 00 00 00   ................
0030  00 00 00 00 4a                                    ....J
USB Control (24 bytes):
0000  09 08 02 01 00 11 00 08 03 00 00 00 00 00 00 00   ................
0010  00 00 00 00 00 00 00 4a                           .......J

Packet (53 bytes):
0000  1c 00 b0 d9 9e 85 03 ad ff ff 00 00 00 00 1b 00   ................
0010  00 01 00 01 00 00 02 19 00 00 00 00 21 09 08 02   ............!...
0020  01 00 11 00 08 07 00 00 0c 04 5c 5c 00 9d 00 00   ..........\\....
0030  00 00 00 00 e1                                    .....
USB Control (24 bytes):
0000  09 08 02 01 00 11 00 08 07 00 00 0c 04 5c 5c 00   .............\\.
0010  9d 00 00 00 00 00 00 e1                           ........

Packet (53 bytes):
0000  1c 00 b0 f9 9e 85 03 ad ff ff 00 00 00 00 1b 00   ................
0010  00 01 00 01 00 00 02 19 00 00 00 00 21 09 08 02   ............!...
0020  01 00 11 00 08 03 00 00 00 00 00 00 00 00 00 00   ................
0030  00 00 00 00 4a                                    ....J
USB Control (24 bytes):
0000  09 08 02 01 00 11 00 08 03 00 00 00 00 00 00 00   ................
0010  00 00 00 00 00 00 00 4a                           .......J

Packet (53 bytes):
0000  1c 00 20 ea b5 85 03 ad ff ff 00 00 00 00 1b 00   .. .............
0010  00 01 00 01 00 00 02 19 00 00 00 00 21 09 08 02   ............!...
0020  01 00 11 00 08 07 00 00 0c 04 5d 5d 00 9b 00 00   ..........]]....
0030  00 00 00 00 e1                                    .....
USB Control (24 bytes):
0000  09 08 02 01 00 11 00 08 07 00 00 0c 04 5d 5d 00   .............]].
0010  9b 00 00 00 00 00 00 e1                           ........

Packet (53 bytes):
0000  1c 00 00 bb 9e 85 03 ad ff ff 00 00 00 00 1b 00   ................
0010  00 01 00 01 00 00 02 19 00 00 00 00 21 09 08 02   ............!...
0020  01 00 11 00 08 03 00 00 00 00 00 00 00 00 00 00   ................
0030  00 00 00 00 4a                                    ....J
USB Control (24 bytes):
0000  09 08 02 01 00 11 00 08 03 00 00 00 00 00 00 00   ................
0010  00 00 00 00 00 00 00 4a                           .......J

Packet (53 bytes):
0000  1c 00 20 ea b5 85 03 ad ff ff 00 00 00 00 1b 00   .. .............
0010  00 01 00 01 00 00 02 19 00 00 00 00 21 09 08 02   ............!...
0020  01 00 11 00 08 07 00 00 0c 04 5e 5e 00 99 00 00   ..........^^....
0030  00 00 00 00 e1                                    .....
USB Control (24 bytes):
0000  09 08 02 01 00 11 00 08 07 00 00 0c 04 5e 5e 00   .............^^.
0010  99 00 00 00 00 00 00 e1                           ........

Packet (53 bytes):
0000  1c 00 20 ea b5 85 03 ad ff ff 00 00 00 00 1b 00   .. .............
0010  00 01 00 01 00 00 02 19 00 00 00 00 21 09 08 02   ............!...
0020  01 00 11 00 08 03 00 00 00 00 00 00 00 00 00 00   ................
0030  00 00 00 00 4a                                    ....J
USB Control (24 bytes):
0000  09 08 02 01 00 11 00 08 03 00 00 00 00 00 00 00   ................
0010  00 00 00 00 00 00 00 4a                           .......J

Packet (53 bytes):
0000  1c 00 b0 d9 9e 85 03 ad ff ff 00 00 00 00 1b 00   ................
0010  00 01 00 01 00 00 02 19 00 00 00 00 21 09 08 02   ............!...
0020  01 00 11 00 08 03 00 00 00 00 00 00 00 00 00 00   ................
0030  00 00 00 00 4a                                    ....J
USB Control (24 bytes):
0000  09 08 02 01 00 11 00 08 03 00 00 00 00 00 00 00   ................
0010  00 00 00 00 00 00 00 4a                           .......J

Packet (53 bytes):
0000  1c 00 b0 b2 69 81 03 ad ff ff 00 00 00 00 1b 00   ....i...........
0010  00 01 00 01 00 00 02 19 00 00 00 00 21 09 08 02   ............!...
0020  01 00 11 00 08 04 00 00 00 00 00 00 00 00 00 00   ................
0030  00 00 00 00 49                                    ....I
USB Control (24 bytes):
0000  09 08 02 01 00 11 00 08 04 00 00 00 00 00 00 00   ................
0010  00 00 00 00 00 00 00 49                           .......I

Packet (53 bytes):
0000  1c 00 b0 b2 69 81 03 ad ff ff 00 00 00 00 1b 00   ....i...........
0010  00 01 00 01 00 00 02 19 00 00 00 00 21 09 08 02   ............!...
0020  01 00 11 00 08 07 00 00 0c 04 5f 5f 00 97 00 00   ..........__....
0030  00 00 00 00 e1                                    .....
USB Control (24 bytes):
0000  09 08 02 01 00 11 00 08 07 00 00 0c 04 5f 5f 00   .............__.
0010  97 00 00 00 00 00 00 e1                           ........

Packet (53 bytes):
0000  1c 00 a0 18 b9 7e 03 ad ff ff 00 00 00 00 1b 00   .....~..........
0010  00 01 00 01 00 00 02 19 00 00 00 00 21 09 08 02   ............!...
0020  01 00 11 00 08 03 00 00 00 00 00 00 00 00 00 00   ................
0030  00 00 00 00 4a                                    ....J
USB Control (24 bytes):
0000  09 08 02 01 00 11 00 08 03 00 00 00 00 00 00 00   ................
0010  00 00 00 00 00 00 00 4a                           .......J

Packet (53 bytes):
0000  1c 00 b0 c9 9e 85 03 ad ff ff 00 00 00 00 1b 00   ................
0010  00 01 00 01 00 00 02 19 00 00 00 00 21 09 08 02   ............!...
0020  01 00 11 00 08 07 00 00 0c 04 60 60 00 95 00 00   ..........``....
0030  00 00 00 00 e1                                    .....
USB Control (24 bytes):
0000  09 08 02 01 00 11 00 08 07 00 00 0c 04 60 60 00   .............``.
0010  95 00 00 00 00 00 00 e1                           ........

Packet (53 bytes):
0000  1c 00 10 f0 b5 85 03 ad ff ff 00 00 00 00 1b 00   ................
0010  00 01 00 01 00 00 02 19 00 00 00 00 21 09 08 02   ............!...
0020  01 00 11 00 08 03 00 00 00 00 00 00 00 00 00 00   ................
0030  00 00 00 00 4a                                    ....J
USB Control (24 bytes):
0000  09 08 02 01 00 11 00 08 03 00 00 00 00 00 00 00   ................
0010  00 00 00 00 00 00 00 4a                           .......J

Packet (53 bytes):
0000  1c 00 b0 c9 9e 85 03 ad ff ff 00 00 00 00 1b 00   ................
0010  00 01 00 01 00 00 02 19 00 00 00 00 21 09 08 02   ............!...
0020  01 00 11 00 08 07 00 00 0c 04 61 61 00 93 00 00   ..........aa....
0030  00 00 00 00 e1                                    .....
USB Control (24 bytes):
0000  09 08 02 01 00 11 00 08 07 00 00 0c 04 61 61 00   .............aa.
0010  93 00 00 00 00 00 00 e1                           ........

Packet (53 bytes):
0000  1c 00 b0 d9 9e 85 03 ad ff ff 00 00 00 00 1b 00   ................
0010  00 01 00 01 00 00 02 19 00 00 00 00 21 09 08 02   ............!...
0020  01 00 11 00 08 03 00 00 00 00 00 00 00 00 00 00   ................
0030  00 00 00 00 4a                                    ....J
USB Control (24 bytes):
0000  09 08 02 01 00 11 00 08 03 00 00 00 00 00 00 00   ................
0010  00 00 00 00 00 00 00 4a                           .......J

Packet (53 bytes):
0000  1c 00 b0 f9 9e 85 03 ad ff ff 00 00 00 00 1b 00   ................
0010  00 01 00 01 00 00 02 19 00 00 00 00 21 09 08 02   ............!...
0020  01 00 11 00 08 07 00 00 0c 04 62 62 00 91 00 00   ..........bb....
0030  00 00 00 00 e1                                    .....
USB Control (24 bytes):
0000  09 08 02 01 00 11 00 08 07 00 00 0c 04 62 62 00   .............bb.
0010  91 00 00 00 00 00 00 e1                           ........

Packet (53 bytes):
0000  1c 00 a0 18 b9 7e 03 ad ff ff 00 00 00 00 1b 00   .....~..........
0010  00 01 00 01 00 00 02 19 00 00 00 00 21 09 08 02   ............!...
0020  01 00 11 00 08 03 00 00 00 00 00 00 00 00 00 00   ................
0030  00 00 00 00 4a                                    ....J
USB Control (24 bytes):
0000  09 08 02 01 00 11 00 08 03 00 00 00 00 00 00 00   ................
0010  00 00 00 00 00 00 00 4a                           .......J

Packet (53 bytes):
0000  1c 00 b0 f9 9e 85 03 ad ff ff 00 00 00 00 1b 00   ................
0010  00 01 00 01 00 00 02 19 00 00 00 00 21 09 08 02   ............!...
0020  01 00 11 00 08 07 00 00 0c 04 63 63 00 8f 00 00   ..........cc....
0030  00 00 00 00 e1                                    .....
USB Control (24 bytes):
0000  09 08 02 01 00 11 00 08 07 00 00 0c 04 63 63 00   .............cc.
0010  8f 00 00 00 00 00 00 e1                           ........

Packet (53 bytes):
0000  1c 00 b0 c9 9e 85 03 ad ff ff 00 00 00 00 1b 00   ................
0010  00 01 00 01 00 00 02 19 00 00 00 00 21 09 08 02   ............!...
0020  01 00 11 00 08 03 00 00 00 00 00 00 00 00 00 00   ................
0030  00 00 00 00 4a                                    ....J
USB Control (24 bytes):
0000  09 08 02 01 00 11 00 08 03 00 00 00 00 00 00 00   ................
0010  00 00 00 00 00 00 00 4a                           .......J

Packet (53 bytes):
0000  1c 00 b0 d9 9e 85 03 ad ff ff 00 00 00 00 1b 00   ................
0010  00 01 00 01 00 00 02 19 00 00 00 00 21 09 08 02   ............!...
0020  01 00 11 00 08 07 00 00 0c 04 64 64 00 8d 00 00   ..........dd....
0030  00 00 00 00 e1                                    .....
USB Control (24 bytes):
0000  09 08 02 01 00 11 00 08 07 00 00 0c 04 64 64 00   .............dd.
0010  8d 00 00 00 00 00 00 e1                           ........

Packet (53 bytes):
0000  1c 00 b0 c9 9e 85 03 ad ff ff 00 00 00 00 1b 00   ................
0010  00 01 00 01 00 00 02 19 00 00 00 00 21 09 08 02   ............!...
0020  01 00 11 00 08 03 00 00 00 00 00 00 00 00 00 00   ................
0030  00 00 00 00 4a                                    ....J
USB Control (24 bytes):
0000  09 08 02 01 00 11 00 08 03 00 00 00 00 00 00 00   ................
0010  00 00 00 00 00 00 00 4a                           .......J

Packet (53 bytes):
0000  1c 00 10 f0 b5 85 03 ad ff ff 00 00 00 00 1b 00   ................
0010  00 01 00 01 00 00 02 19 00 00 00 00 21 09 08 02   ............!...
0020  01 00 11 00 08 04 00 00 00 00 00 00 00 00 00 00   ................
0030  00 00 00 00 49                                    ....I
USB Control (24 bytes):
0000  09 08 02 01 00 11 00 08 04 00 00 00 00 00 00 00   ................
0010  00 00 00 00 00 00 00 49                           .......I

Packet (53 bytes):
0000  1c 00 b0 d9 9e 85 03 ad ff ff 00 00 00 00 1b 00   ................
0010  00 01 00 01 00 00 02 19 00 00 00 00 21 09 08 02   ............!...
0020  01 00 11 00 08 03 00 00 00 00 00 00 00 00 00 00   ................
0030  00 00 00 00 4a                                    ....J
USB Control (24 bytes):
0000  09 08 02 01 00 11 00 08 03 00 00 00 00 00 00 00   ................
0010  00 00 00 00 00 00 00 4a                           .......J

Packet (53 bytes):
0000  1c 00 10 d0 9e 85 03 ad ff ff 00 00 00 00 1b 00   ................
0010  00 01 00 01 00 00 02 19 00 00 00 00 21 09 08 02   ............!...
0020  01 00 11 00 08 07 00 00 0c 04 65 65 00 8b 00 00   ..........ee....
0030  00 00 00 00 e1                                    .....
USB Control (24 bytes):
0000  09 08 02 01 00 11 00 08 07 00 00 0c 04 65 65 00   .............ee.
0010  8b 00 00 00 00 00 00 e1                           ........

Packet (53 bytes):
0000  1c 00 b0 f9 9e 85 03 ad ff ff 00 00 00 00 1b 00   ................
0010  00 01 00 01 00 00 02 19 00 00 00 00 21 09 08 02   ............!...
0020  01 00 11 00 08 03 00 00 00 00 00 00 00 00 00 00   ................
0030  00 00 00 00 4a                                    ....J
USB Control (24 bytes):
0000  09 08 02 01 00 11 00 08 03 00 00 00 00 00 00 00   ................
0010  00 00 00 00 00 00 00 4a                           .......J

Packet (53 bytes):
0000  1c 00 b0 c9 9e 85 03 ad ff ff 00 00 00 00 1b 00   ................
0010  00 01 00 01 00 00 02 19 00 00 00 00 21 09 08 02   ............!...
0020  01 00 11 00 08 07 00 00 0c 04 66 66 00 89 00 00   ..........ff....
0030  00 00 00 00 e1                                    .....
USB Control (24 bytes):
0000  09 08 02 01 00 11 00 08 07 00 00 0c 04 66 66 00   .............ff.
0010  89 00 00 00 00 00 00 e1                           ........

Packet (53 bytes):
0000  1c 00 60 34 f7 80 03 ad ff ff 00 00 00 00 1b 00   ..`4............
0010  00 01 00 01 00 00 02 19 00 00 00 00 21 09 08 02   ............!...
0020  01 00 11 00 08 03 00 00 00 00 00 00 00 00 00 00   ................
0030  00 00 00 00 4a                                    ....J
USB Control (24 bytes):
0000  09 08 02 01 00 11 00 08 03 00 00 00 00 00 00 00   ................
0010  00 00 00 00 00 00 00 4a                           .......J

Packet (53 bytes):
0000  1c 00 20 ea b5 85 03 ad ff ff 00 00 00 00 1b 00   .. .............
0010  00 01 00 01 00 00 02 19 00 00 00 00 21 09 08 02   ............!...
0020  01 00 11 00 08 07 00 00 0c 04 67 67 00 87 00 00   ..........gg....
0030  00 00 00 00 e1                                    .....
USB Control (24 bytes):
0000  09 08 02 01 00 11 00 08 07 00 00 0c 04 67 67 00   .............gg.
0010  87 00 00 00 00 00 00 e1                           ........

Packet (53 bytes):
0000  1c 00 10 10 9e 86 03 ad ff ff 00 00 00 00 1b 00   ................
0010  00 01 00 01 00 00 02 19 00 00 00 00 21 09 08 02   ............!...
0020  01 00 11 00 08 03 00 00 00 00 00 00 00 00 00 00   ................
0030  00 00 00 00 4a                                    ....J
USB Control (24 bytes):
0000  09 08 02 01 00 11 00 08 03 00 00 00 00 00 00 00   ................
0010  00 00 00 00 00 00 00 4a                           .......J

Packet (53 bytes):
0000  1c 00 60 34 f7 80 03 ad ff ff 00 00 00 00 1b 00   ..`4............
0010  00 01 00 01 00 00 02 19 00 00 00 00 21 09 08 02   ............!...
0020  01 00 11 00 08 07 00 00 0c 04 68 68 00 85 00 00   ..........hh....
0030  00 00 00 00 e1                                    .....
USB Control (24 bytes):
0000  09 08 02 01 00 11 00 08 07 00 00 0c 04 68 68 00   .............hh.
0010  85 00 00 00 00 00 00 e1                           ........

Packet (53 bytes):
0000  1c 00 60 34 f7 80 03 ad ff ff 00 00 00 00 1b 00   ..`4............
0010  00 01 00 01 00 00 02 19 00 00 00 00 21 09 08 02   ............!...
0020  01 00 11 00 08 03 00 00 00 00 00 00 00 00 00 00   ................
0030  00 00 00 00 4a                                    ....J
USB Control (24 bytes):
0000  09 08 02 01 00 11 00 08 03 00 00 00 00 00 00 00   ................
0010  00 00 00 00 00 00 00 4a                           .......J

Packet (53 bytes):
0000  1c 00 20 ea b5 85 03 ad ff ff 00 00 00 00 1b 00   .. .............
0010  00 01 00 01 00 00 02 19 00 00 00 00 21 09 08 02   ............!...
0020  01 00 11 00 08 07 00 00 0c 04 69 69 00 83 00 00   ..........ii....
0030  00 00 00 00 e1                                    .....
USB Control (24 bytes):
0000  09 08 02 01 00 11 00 08 07 00 00 0c 04 69 69 00   .............ii.
0010  83 00 00 00 00 00 00 e1                           ........

Packet (53 bytes):
0000  1c 00 e0 d4 9e 85 03 ad ff ff 00 00 00 00 1b 00   ................
0010  00 01 00 01 00 00 02 19 00 00 00 00 21 09 08 02   ............!...
0020  01 00 11 00 08 03 00 00 00 00 00 00 00 00 00 00   ................
0030  00 00 00 00 4a                                    ....J
USB Control (24 bytes):
0000  09 08 02 01 00 11 00 08 03 00 00 00 00 00 00 00   ................
0010  00 00 00 00 00 00 00 4a                           .......J

Packet (53 bytes):
0000  1c 00 b0 c9 9e 85 03 ad ff ff 00 00 00 00 1b 00   ................
0010  00 01 00 01 00 00 02 19 00 00 00 00 21 09 08 02   ............!...
0020  01 00 11 00 08 07 00 00 0c 04 6a 6a 00 81 00 00   ..........jj....
0030  00 00 00 00 e1                                    .....
USB Control (24 bytes):
0000  09 08 02 01 00 11 00 08 07 00 00 0c 04 6a 6a 00   .............jj.
0010  81 00 00 00 00 00 00 e1                           ........

Packet (53 bytes):
0000  1c 00 20 ea b5 85 03 ad ff ff 00 00 00 00 1b 00   .. .............
0010  00 01 00 01 00 00 02 19 00 00 00 00 21 09 08 02   ............!...
0020  01 00 11 00 08 03 00 00 00 00 00 00 00 00 00 00   ................
0030  00 00 00 00 4a                                    ....J
USB Control (24 bytes):
0000  09 08 02 01 00 11 00 08 03 00 00 00 00 00 00 00   ................
0010  00 00 00 00 00 00 00 4a                           .......J

Packet (53 bytes):
0000  1c 00 10 f0 b5 85 03 ad ff ff 00 00 00 00 1b 00   ................
0010  00 01 00 01 00 00 02 19 00 00 00 00 21 09 08 02   ............!...
0020  01 00 11 00 08 04 00 00 00 00 00 00 00 00 00 00   ................
0030  00 00 00 00 49                                    ....I
USB Control (24 bytes):
0000  09 08 02 01 00 11 00 08 04 00 00 00 00 00 00 00   ................
0010  00 00 00 00 00 00 00 49                           .......I

Packet (53 bytes):
0000  1c 00 a0 18 b9 7e 03 ad ff ff 00 00 00 00 1b 00   .....~..........
0010  00 01 00 01 00 00 02 19 00 00 00 00 21 09 08 02   ............!...
0020  01 00 11 00 08 03 00 00 00 00 00 00 00 00 00 00   ................
0030  00 00 00 00 4a                                    ....J
USB Control (24 bytes):
0000  09 08 02 01 00 11 00 08 03 00 00 00 00 00 00 00   ................
0010  00 00 00 00 00 00 00 4a                           .......J

Packet (53 bytes):
0000  1c 00 10 10 9e 86 03 ad ff ff 00 00 00 00 1b 00   ................
0010  00 01 00 01 00 00 02 19 00 00 00 00 21 09 08 02   ............!...
0020  01 00 11 00 08 07 00 00 0c 04 6b 6b 00 7f 00 00   ..........kk....
0030  00 00 00 00 e1                                    .....
USB Control (24 bytes):
0000  09 08 02 01 00 11 00 08 07 00 00 0c 04 6b 6b 00   .............kk.
0010  7f 00 00 00 00 00 00 e1                           ........

Packet (53 bytes):
0000  1c 00 e0 ca 3b 7f 03 ad ff ff 00 00 00 00 1b 00   ....;...........
0010  00 01 00 01 00 00 02 19 00 00 00 00 21 09 08 02   ............!...
0020  01 00 11 00 08 03 00 00 00 00 00 00 00 00 00 00   ................
0030  00 00 00 00 4a                                    ....J
USB Control (24 bytes):
0000  09 08 02 01 00 11 00 08 03 00 00 00 00 00 00 00   ................
0010  00 00 00 00 00 00 00 4a                           .......J

Packet (53 bytes):
0000  1c 00 e0 ca 3b 7f 03 ad ff ff 00 00 00 00 1b 00   ....;...........
0010  00 01 00 01 00 00 02 19 00 00 00 00 21 09 08 02   ............!...
0020  01 00 11 00 08 07 00 00 0c 04 6c 6c 00 7d 00 00   ..........ll.}..
0030  00 00 00 00 e1                                    .....
USB Control (24 bytes):
0000  09 08 02 01 00 11 00 08 07 00 00 0c 04 6c 6c 00   .............ll.
0010  7d 00 00 00 00 00 00 e1                           }.......

Packet (53 bytes):
0000  1c 00 20 ea b5 85 03 ad ff ff 00 00 00 00 1b 00   .. .............
0010  00 01 00 01 00 00 02 19 00 00 00 00 21 09 08 02   ............!...
0020  01 00 11 00 08 03 00 00 00 00 00 00 00 00 00 00   ................
0030  00 00 00 00 4a                                    ....J
USB Control (24 bytes):
0000  09 08 02 01 00 11 00 08 03 00 00 00 00 00 00 00   ................
0010  00 00 00 00 00 00 00 4a                           .......J

Packet (53 bytes):
0000  1c 00 b0 c9 9e 85 03 ad ff ff 00 00 00 00 1b 00   ................
0010  00 01 00 01 00 00 02 19 00 00 00 00 21 09 08 02   ............!...
0020  01 00 11 00 08 07 00 00 0c 04 6d 6d 00 7b 00 00   ..........mm.{..
0030  00 00 00 00 e1                                    .....
USB Control (24 bytes):
0000  09 08 02 01 00 11 00 08 07 00 00 0c 04 6d 6d 00   .............mm.
0010  7b 00 00 00 00 00 00 e1                           {.......

Packet (53 bytes):
0000  1c 00 10 20 23 7f 03 ad ff ff 00 00 00 00 1b 00   ... #...........
0010  00 01 00 01 00 00 02 19 00 00 00 00 21 09 08 02   ............!...
0020  01 00 11 00 08 03 00 00 00 00 00 00 00 00 00 00   ................
0030  00 00 00 00 4a                                    ....J
USB Control (24 bytes):
0000  09 08 02 01 00 11 00 08 03 00 00 00 00 00 00 00   ................
0010  00 00 00 00 00 00 00 4a                           .......J

Packet (53 bytes):
0000  1c 00 b0 c9 9e 85 03 ad ff ff 00 00 00 00 1b 00   ................
0010  00 01 00 01 00 00 02 19 00 00 00 00 21 09 08 02   ............!...
0020  01 00 11 00 08 07 00 00 0c 04 6e 6e 00 79 00 00   ..........nn.y..
0030  00 00 00 00 e1                                    .....
USB Control (24 bytes):
0000  09 08 02 01 00 11 00 08 07 00 00 0c 04 6e 6e 00   .............nn.
0010  79 00 00 00 00 00 00 e1                           y.......

Packet (53 bytes):
0000  1c 00 10 20 23 7f 03 ad ff ff 00 00 00 00 1b 00   ... #...........
0010  00 01 00 01 00 00 02 19 00 00 00 00 21 09 08 02   ............!...
0020  01 00 11 00 08 03 00 00 00 00 00 00 00 00 00 00   ................
0030  00 00 00 00 4a                                    ....J
USB Control (24 bytes):
0000  09 08 02 01 00 11 00 08 03 00 00 00 00 00 00 00   ................
0010  00 00 00 00 00 00 00 4a                           .......J

Packet (53 bytes):
0000  1c 00 20 ea b5 85 03 ad ff ff 00 00 00 00 1b 00   .. .............
0010  00 01 00 01 00 00 02 19 00 00 00 00 21 09 08 02   ............!...
0020  01 00 11 00 08 07 00 00 0c 04 6f 6f 00 77 00 00   ..........oo.w..
0030  00 00 00 00 e1                                    .....
USB Control (24 bytes):
0000  09 08 02 01 00 11 00 08 07 00 00 0c 04 6f 6f 00   .............oo.
0010  77 00 00 00 00 00 00 e1                           w.......

Packet (53 bytes):
0000  1c 00 b0 c9 9e 85 03 ad ff ff 00 00 00 00 1b 00   ................
0010  00 01 00 01 00 00 02 19 00 00 00 00 21 09 08 02   ............!...
0020  01 00 11 00 08 03 00 00 00 00 00 00 00 00 00 00   ................
0030  00 00 00 00 4a                                    ....J
USB Control (24 bytes):
0000  09 08 02 01 00 11 00 08 03 00 00 00 00 00 00 00   ................
0010  00 00 00 00 00 00 00 4a                           .......J

Packet (53 bytes):
0000  1c 00 20 ea b5 85 03 ad ff ff 00 00 00 00 1b 00   .. .............
0010  00 01 00 01 00 00 02 19 00 00 00 00 21 09 08 02   ............!...
0020  01 00 11 00 08 07 00 00 0c 04 70 70 00 75 00 00   ..........pp.u..
0030  00 00 00 00 e1                                    .....
USB Control (24 bytes):
0000  09 08 02 01 00 11 00 08 07 00 00 0c 04 70 70 00   .............pp.
0010  75 00 00 00 00 00 00 e1                           u.......

Packet (53 bytes):
0000  1c 00 10 e0 b9 85 03 ad ff ff 00 00 00 00 1b 00   ................
0010  00 01 00 01 00 00 02 19 00 00 00 00 21 09 08 02   ............!...
0020  01 00 11 00 08 03 00 00 00 00 00 00 00 00 00 00   ................
0030  00 00 00 00 4a                                    ....J
USB Control (24 bytes):
0000  09 08 02 01 00 11 00 08 03 00 00 00 00 00 00 00   ................
0010  00 00 00 00 00 00 00 4a                           .......J

Packet (53 bytes):
0000  1c 00 60 34 f7 80 03 ad ff ff 00 00 00 00 1b 00   ..`4............
0010  00 01 00 01 00 00 02 19 00 00 00 00 21 09 08 02   ............!...
0020  01 00 11 00 08 03 00 00 00 00 00 00 00 00 00 00   ................
0030  00 00 00 00 4a                                    ....J
USB Control (24 bytes):
0000  09 08 02 01 00 11 00 08 03 00 00 00 00 00 00 00   ................
0010  00 00 00 00 00 00 00 4a                           .......J

Packet (53 bytes):
0000  1c 00 10 f0 b5 85 03 ad ff ff 00 00 00 00 1b 00   ................
0010  00 01 00 01 00 00 02 19 00 00 00 00 21 09 08 02   ............!...
0020  01 00 11 00 08 04 00 00 00 00 00 00 00 00 00 00   ................
0030  00 00 00 00 49                                    ....I
USB Control (24 bytes):
0000  09 08 02 01 00 11 00 08 04 00 00 00 00 00 00 00   ................
0010  00 00 00 00 00 00 00 49                           .......I

Packet (53 bytes):
0000  1c 00 10 f0 b5 85 03 ad ff ff 00 00 00 00 1b 00   ................
0010  00 01 00 01 00 00 02 19 00 00 00 00 21 09 08 02   ............!...
0020  01 00 11 00 08 07 00 00 0c 04 71 71 00 73 00 00   ..........qq.s..
0030  00 00 00 00 e1                                    .....
USB Control (24 bytes):
0000  09 08 02 01 00 11 00 08 07 00 00 0c 04 71 71 00   .............qq.
0010  73 00 00 00 00 00 00 e1                           s.......

Packet (53 bytes):
0000  1c 00 e0 ca 3b 7f 03 ad ff ff 00 00 00 00 1b 00   ....;...........
0010  00 01 00 01 00 00 02 19 00 00 00 00 21 09 08 02   ............!...
0020  01 00 11 00 08 03 00 00 00 00 00 00 00 00 00 00   ................
0030  00 00 00 00 4a                                    ....J
USB Control (24 bytes):
0000  09 08 02 01 00 11 00 08 03 00 00 00 00 00 00 00   ................
0010  00 00 00 00 00 00 00 4a                           .......J

Packet (53 bytes):
0000  1c 00 b0 c9 9e 85 03 ad ff ff 00 00 00 00 1b 00   ................
0010  00 01 00 01 00 00 02 19 00 00 00 00 21 09 08 02   ............!...
0020  01 00 11 00 08 07 00 00 0c 04 72 72 00 71 00 00   ..........rr.q..
0030  00 00 00 00 e1                                    .....
USB Control (24 bytes):
0000  09 08 02 01 00 11 00 08 07 00 00 0c 04 72 72 00   .............rr.
0010  71 00 00 00 00 00 00 e1                           q.......

Packet (53 bytes):
0000  1c 00 10 20 23 7f 03 ad ff ff 00 00 00 00 1b 00   ... #...........
0010  00 01 00 01 00 00 02 19 00 00 00 00 21 09 08 02   ............!...
0020  01 00 11 00 08 03 00 00 00 00 00 00 00 00 00 00   ................
0030  00 00 00 00 4a                                    ....J
USB Control (24 bytes):
0000  09 08 02 01 00 11 00 08 03 00 00 00 00 00 00 00   ................
0010  00 00 00 00 00 00 00 4a                           .......J

Packet (53 bytes):
0000  1c 00 20 ea b5 85 03 ad ff ff 00 00 00 00 1b 00   .. .............
0010  00 01 00 01 00 00 02 19 00 00 00 00 21 09 08 02   ............!...
0020  01 00 11 00 08 07 00 00 0c 04 73 73 00 6f 00 00   ..........ss.o..
0030  00 00 00 00 e1                                    .....
USB Control (24 bytes):
0000  09 08 02 01 00 11 00 08 07 00 00 0c 04 73 73 00   .............ss.
0010  6f 00 00 00 00 00 00 e1                           o.......

Packet (53 bytes):
0000  1c 00 20 ea b5 85 03 ad ff ff 00 00 00 00 1b 00   .. .............
0010  00 01 00 01 00 00 02 19 00 00 00 00 21 09 08 02   ............!...
0020  01 00 11 00 08 03 00 00 00 00 00 00 00 00 00 00   ................
0030  00 00 00 00 4a                                    ....J
USB Control (24 bytes):
0000  09 08 02 01 00 11 00 08 03 00 00 00 00 00 00 00   ................
0010  00 00 00 00 00 00 00 4a                           .......J

Packet (53 bytes):
0000  1c 00 10 f0 b5 85 03 ad ff ff 00 00 00 00 1b 00   ................
0010  00 01 00 01 00 00 02 19 00 00 00 00 21 09 08 02   ............!...
0020  01 00 11 00 08 07 00 00 0c 04 74 74 00 6d 00 00   ..........tt.m..
0030  00 00 00 00 e1                                    .....
USB Control (24 bytes):
0000  09 08 02 01 00 11 00 08 07 00 00 0c 04 74 74 00   .............tt.
0010  6d 00 00 00 00 00 00 e1                           m.......

Packet (53 bytes):
0000  1c 00 10 d0 9e 85 03 ad ff ff 00 00 00 00 1b 00   ................
0010  00 01 00 01 00 00 02 19 00 00 00 00 21 09 08 02   ............!...
0020  01 00 11 00 08 03 00 00 00 00 00 00 00 00 00 00   ................
0030  00 00 00 00 4a                                    ....J
USB Control (24 bytes):
0000  09 08 02 01 00 11 00 08 03 00 00 00 00 00 00 00   ................
0010  00 00 00 00 00 00 00 4a                           .......J

Packet (53 bytes):
0000  1c 00 b0 d9 9e 85 03 ad ff ff 00 00 00 00 1b 00   ................
0010  00 01 00 01 00 00 02 19 00 00 00 00 21 09 08 02   ............!...
0020  01 00 11 00 08 07 00 00 0c 04 75 75 00 6b 00 00   ..........uu.k..
0030  00 00 00 00 e1                                    .....
USB Control (24 bytes):
0000  09 08 02 01 00 11 00 08 07 00 00 0c 04 75 75 00   .............uu.
0010  6b 00 00 00 00 00 00 e1                           k.......

Packet (53 bytes):
0000  1c 00 e0 ca 3b 7f 03 ad ff ff 00 00 00 00 1b 00   ....;...........
0010  00 01 00 01 00 00 02 19 00 00 00 00 21 09 08 02   ............!...
0020  01 00 11 00 08 03 00 00 00 00 00 00 00 00 00 00   ................
0030  00 00 00 00 4a                                    ....J
USB Control (24 bytes):
0000  09 08 02 01 00 11 00 08 03 00 00 00 00 00 00 00   ................
0010  00 00 00 00 00 00 00 4a                           .......J

Packet (53 bytes):
0000  1c 00 e0 ca 3b 7f 03 ad ff ff 00 00 00 00 1b 00   ....;...........
0010  00 01 00 01 00 00 02 19 00 00 00 00 21 09 08 02   ............!...
0020  01 00 11 00 08 07 00 00 0c 04 76 76 00 69 00 00   ..........vv.i..
0030  00 00 00 00 e1                                    .....
USB Control (24 bytes):
0000  09 08 02 01 00 11 00 08 07 00 00 0c 04 76 76 00   .............vv.
0010  69 00 00 00 00 00 00 e1                           i.......

Packet (53 bytes):
0000  1c 00 60 34 f7 80 03 ad ff ff 00 00 00 00 1b 00   ..`4............
0010  00 01 00 01 00 00 02 19 00 00 00 00 21 09 08 02   ............!...
0020  01 00 11 00 08 03 00 00 00 00 00 00 00 00 00 00   ................
0030  00 00 00 00 4a                                    ....J
USB Control (24 bytes):
0000  09 08 02 01 00 11 00 08 03 00 00 00 00 00 00 00   ................
0010  00 00 00 00 00 00 00 4a                           .......J

Packet (53 bytes):
0000  1c 00 20 ea b5 85 03 ad ff ff 00 00 00 00 1b 00   .. .............
0010  00 01 00 01 00 00 02 19 00 00 00 00 21 09 08 02   ............!...
0020  01 00 11 00 08 07 00 00 0c 04 77 77 00 67 00 00   ..........ww.g..
0030  00 00 00 00 e1                                    .....
USB Control (24 bytes):
0000  09 08 02 01 00 11 00 08 07 00 00 0c 04 77 77 00   .............ww.
0010  67 00 00 00 00 00 00 e1                           g.......

Packet (53 bytes):
0000  1c 00 a0 18 b9 7e 03 ad ff ff 00 00 00 00 1b 00   .....~..........
0010  00 01 00 01 00 00 02 19 00 00 00 00 21 09 08 02   ............!...
0020  01 00 11 00 08 03 00 00 00 00 00 00 00 00 00 00   ................
0030  00 00 00 00 4a                                    ....J
USB Control (24 bytes):
0000  09 08 02 01 00 11 00 08 03 00 00 00 00 00 00 00   ................
0010  00 00 00 00 00 00 00 4a                           .......J

Packet (53 bytes):
0000  1c 00 60 34 f7 80 03 ad ff ff 00 00 00 00 1b 00   ..`4............
0010  00 01 00 01 00 00 02 19 00 00 00 00 21 09 08 02   ............!...
0020  01 00 11 00 08 03 00 00 00 00 00 00 00 00 00 00   ................
0030  00 00 00 00 4a                                    ....J
USB Control (24 bytes):
0000  09 08 02 01 00 11 00 08 03 00 00 00 00 00 00 00   ................
0010  00 00 00 00 00 00 00 4a                           .......J

Packet (53 bytes):
0000  1c 00 10 10 9e 86 03 ad ff ff 00 00 00 00 1b 00   ................
0010  00 01 00 01 00 00 02 19 00 00 00 00 21 09 08 02   ............!...
0020  01 00 11 00 08 04 00 00 00 00 00 00 00 00 00 00   ................
0030  00 00 00 00 49                                    ....I
USB Control (24 bytes):
0000  09 08 02 01 00 11 00 08 04 00 00 00 00 00 00 00   ................
0010  00 00 00 00 00 00 00 49                           .......I

Packet (53 bytes):
0000  1c 00 60 34 f7 80 03 ad ff ff 00 00 00 00 1b 00   ..`4............
0010  00 01 00 01 00 00 02 19 00 00 00 00 21 09 08 02   ............!...
0020  01 00 11 00 08 07 00 00 0c 04 78 78 00 65 00 00   ..........xx.e..
0030  00 00 00 00 e1                                    .....
USB Control (24 bytes):
0000  09 08 02 01 00 11 00 08 07 00 00 0c 04 78 78 00   .............xx.
0010  65 00 00 00 00 00 00 e1                           e.......

Packet (53 bytes):
0000  1c 00 b0 b2 69 81 03 ad ff ff 00 00 00 00 1b 00   ....i...........
0010  00 01 00 01 00 00 02 19 00 00 00 00 21 09 08 02   ............!...
0020  01 00 11 00 08 03 00 00 00 00 00 00 00 00 00 00   ................
0030  00 00 00 00 4a                                    ....J
USB Control (24 bytes):
0000  09 08 02 01 00 11 00 08 03 00 00 00 00 00 00 00   ................
0010  00 00 00 00 00 00 00 4a                           .......J

Packet (53 bytes):
0000  1c 00 b0 d9 9e 85 03 ad ff ff 00 00 00 00 1b 00   ................
0010  00 01 00 01 00 00 02 19 00 00 00 00 21 09 08 02   ............!...
0020  01 00 11 00 08 07 00 00 0c 04 79 79 00 63 00 00   ..........yy.c..
0030  00 00 00 00 e1                                    .....
USB Control (24 bytes):
0000  09 08 02 01 00 11 00 08 07 00 00 0c 04 79 79 00   .............yy.
0010  63 00 00 00 00 00 00 e1                           c.......

Packet (53 bytes):
0000  1c 00 e0 d4 9e 85 03 ad ff ff 00 00 00 00 1b 00   ................
0010  00 01 00 01 00 00 02 19 00 00 00 00 21 09 08 02   ............!...
0020  01 00 11 00 08 03 00 00 00 00 00 00 00 00 00 00   ................
0030  00 00 00 00 4a                                    ....J
USB Control (24 bytes):
0000  09 08 02 01 00 11 00 08 03 00 00 00 00 00 00 00   ................
0010  00 00 00 00 00 00 00 4a                           .......J

Packet (53 bytes):
0000  1c 00 b0 b2 69 81 03 ad ff ff 00 00 00 00 1b 00   ....i...........
0010  00 01 00 01 00 00 02 19 00 00 00 00 21 09 08 02   ............!...
0020  01 00 11 00 08 07 00 00 0c 04 7a 7a 00 61 00 00   ..........zz.a..
0030  00 00 00 00 e1                                    .....
USB Control (24 bytes):
0000  09 08 02 01 00 11 00 08 07 00 00 0c 04 7a 7a 00   .............zz.
0010  61 00 00 00 00 00 00 e1                           a.......

Packet (53 bytes):
0000  1c 00 10 d0 9e 85 03 ad ff ff 00 00 00 00 1b 00   ................
0010  00 01 00 01 00 00 02 19 00 00 00 00 21 09 08 02   ............!...
0020  01 00 11 00 08 03 00 00 00 00 00 00 00 00 00 00   ................
0030  00 00 00 00 4a                                    ....J
USB Control (24 bytes):
0000  09 08 02 01 00 11 00 08 03 00 00 00 00 00 00 00   ................
0010  00 00 00 00 00 00 00 4a                           .......J

Packet (53 bytes):
0000  1c 00 b0 c9 9e 85 03 ad ff ff 00 00 00 00 1b 00   ................
0010  00 01 00 01 00 00 02 19 00 00 00 00 21 09 08 02   ............!...
0020  01 00 11 00 08 07 00 00 0c 04 7b 7b 00 5f 00 00   ..........{{._..
0030  00 00 00 00 e1                                    .....
USB Control (24 bytes):
0000  09 08 02 01 00 11 00 08 07 00 00 0c 04 7b 7b 00   .............{{.
0010  5f 00 00 00 00 00 00 e1                           _.......

Packet (53 bytes):
0000  1c 00 e0 ca 3b 7f 03 ad ff ff 00 00 00 00 1b 00   ....;...........
0010  00 01 00 01 00 00 02 19 00 00 00 00 21 09 08 02   ............!...
0020  01 00 11 00 08 03 00 00 00 00 00 00 00 00 00 00   ................
0030  00 00 00 00 4a                                    ....J
USB Control (24 bytes):
0000  09 08 02 01 00 11 00 08 03 00 00 00 00 00 00 00   ................
0010  00 00 00 00 00 00 00 4a                           .......J

Packet (53 bytes):
0000  1c 00 10 d0 9e 85 03 ad ff ff 00 00 00 00 1b 00   ................
0010  00 01 00 01 00 00 02 19 00 00 00 00 21 09 08 02   ............!...
0020  01 00 11 00 08 07 00 00 0c 04 7c 7c 00 5d 00 00   ..........||.]..
0030  00 00 00 00 e1                                    .....
USB Control (24 bytes):
0000  09 08 02 01 00 11 00 08 07 00 00 0c 04 7c 7c 00   .............||.
0010  5d 00 00 00 00 00 00 e1                           ].......

Packet (53 bytes):
0000  1c 00 b0 c9 9e 85 03 ad ff ff 00 00 00 00 1b 00   ................
0010  00 01 00 01 00 00 02 19 00 00 00 00 21 09 08 02   ............!...
0020  01 00 11 00 08 03 00 00 00 00 00 00 00 00 00 00   ................
0030  00 00 00 00 4a                                    ....J
USB Control (24 bytes):
0000  09 08 02 01 00 11 00 08 03 00 00 00 00 00 00 00   ................
0010  00 00 00 00 00 00 00 4a                           .......J

Packet (53 bytes):
0000  1c 00 20 ea b5 85 03 ad ff ff 00 00 00 00 1b 00   .. .............
0010  00 01 00 01 00 00 02 19 00 00 00 00 21 09 08 02   ............!...
0020  01 00 11 00 08 07 00 00 0c 04 7d 7d 00 5b 00 00   ..........}}.[..
0030  00 00 00 00 e1                                    .....
USB Control (24 bytes):
0000  09 08 02 01 00 11 00 08 07 00 00 0c 04 7d 7d 00   .............}}.
0010  5b 00 00 00 00 00 00 e1                           [.......

Packet (53 bytes):
0000  1c 00 a0 18 b9 7e 03 ad ff ff 00 00 00 00 1b 00   .....~..........
0010  00 01 00 01 00 00 02 19 00 00 00 00 21 09 08 02   ............!...
0020  01 00 11 00 08 03 00 00 00 00 00 00 00 00 00 00   ................
0030  00 00 00 00 4a                                    ....J
USB Control (24 bytes):
0000  09 08 02 01 00 11 00 08 03 00 00 00 00 00 00 00   ................
0010  00 00 00 00 00 00 00 4a                           .......J

Packet (53 bytes):
0000  1c 00 20 ea b5 85 03 ad ff ff 00 00 00 00 1b 00   .. .............
0010  00 01 00 01 00 00 02 19 00 00 00 00 21 09 08 02   ............!...
0020  01 00 11 00 08 07 00 00 0c 04 7e 7e 00 59 00 00   ..........~~.Y..
0030  00 00 00 00 e1                                    .....
USB Control (24 bytes):
0000  09 08 02 01 00 11 00 08 07 00 00 0c 04 7e 7e 00   .............~~.
0010  59 00 00 00 00 00 00 e1                           Y.......

Packet (53 bytes):
0000  1c 00 60 34 f7 80 03 ad ff ff 00 00 00 00 1b 00   ..`4............
0010  00 01 00 01 00 00 02 19 00 00 00 00 21 09 08 02   ............!...
0020  01 00 11 00 08 03 00 00 00 00 00 00 00 00 00 00   ................
0030  00 00 00 00 4a                                    ....J
USB Control (24 bytes):
0000  09 08 02 01 00 11 00 08 03 00 00 00 00 00 00 00   ................
0010  00 00 00 00 00 00 00 4a                           .......J

Packet (53 bytes):
0000  1c 00 10 d0 9e 85 03 ad ff ff 00 00 00 00 1b 00   ................
0010  00 01 00 01 00 00 02 19 00 00 00 00 21 09 08 02   ............!...
0020  01 00 11 00 08 04 00 00 00 00 00 00 00 00 00 00   ................
0030  00 00 00 00 49                                    ....I
USB Control (24 bytes):
0000  09 08 02 01 00 11 00 08 04 00 00 00 00 00 00 00   ................
0010  00 00 00 00 00 00 00 49                           .......I

Packet (53 bytes):
0000  1c 00 e0 f4 9e 85 03 ad ff ff 00 00 00 00 1b 00   ................
0010  00 01 00 01 00 00 02 19 00 00 00 00 21 09 08 02   ............!...
0020  01 00 11 00 08 03 00 00 00 00 00 00 00 00 00 00   ................
0030  00 00 00 00 4a                                    ....J
USB Control (24 bytes):
0000  09 08 02 01 00 11 00 08 03 00 00 00 00 00 00 00   ................
0010  00 00 00 00 00 00 00 4a                           .......J

Packet (53 bytes):
0000  1c 00 20 ea b5 85 03 ad ff ff 00 00 00 00 1b 00   .. .............
0010  00 01 00 01 00 00 02 19 00 00 00 00 21 09 08 02   ............!...
0020  01 00 11 00 08 07 00 00 0c 04 7f 7f 00 57 00 00   .............W..
0030  00 00 00 00 e1                                    .....
USB Control (24 bytes):
0000  09 08 02 01 00 11 00 08 07 00 00 0c 04 7f 7f 00   ................
0010  57 00 00 00 00 00 00 e1                           W.......

Packet (53 bytes):
0000  1c 00 b0 c9 9e 85 03 ad ff ff 00 00 00 00 1b 00   ................
0010  00 01 00 01 00 00 02 19 00 00 00 00 21 09 08 02   ............!...
0020  01 00 11 00 08 03 00 00 00 00 00 00 00 00 00 00   ................
0030  00 00 00 00 4a                                    ....J
USB Control (24 bytes):
0000  09 08 02 01 00 11 00 08 03 00 00 00 00 00 00 00   ................
0010  00 00 00 00 00 00 00 4a                           .......J

Packet (53 bytes):
0000  1c 00 60 34 f7 80 03 ad ff ff 00 00 00 00 1b 00   ..`4............
0010  00 01 00 01 00 00 02 19 00 00 00 00 21 09 08 02   ............!...
0020  01 00 11 00 08 07 00 00 0c 04 80 80 00 55 00 00   .............U..
0030  00 00 00 00 e1                                    .....
USB Control (24 bytes):
0000  09 08 02 01 00 11 00 08 07 00 00 0c 04 80 80 00   ................
0010  55 00 00 00 00 00 00 e1                           U.......

Packet (53 bytes):
0000  1c 00 10 d0 9e 85 03 ad ff ff 00 00 00 00 1b 00   ................
0010  00 01 00 01 00 00 02 19 00 00 00 00 21 09 08 02   ............!...
0020  01 00 11 00 08 03 00 00 00 00 00 00 00 00 00 00   ................
0030  00 00 00 00 4a                                    ....J
USB Control (24 bytes):
0000  09 08 02 01 00 11 00 08 03 00 00 00 00 00 00 00   ................
0010  00 00 00 00 00 00 00 4a                           .......J

Packet (53 bytes):
0000  1c 00 60 34 f7 80 03 ad ff ff 00 00 00 00 1b 00   ..`4............
0010  00 01 00 01 00 00 02 19 00 00 00 00 21 09 08 02   ............!...
0020  01 00 11 00 08 07 00 00 0c 04 81 81 00 53 00 00   .............S..
0030  00 00 00 00 e1                                    .....
USB Control (24 bytes):
0000  09 08 02 01 00 11 00 08 07 00 00 0c 04 81 81 00   ................
0010  53 00 00 00 00 00 00 e1                           S.......

Packet (53 bytes):
0000  1c 00 b0 c9 9e 85 03 ad ff ff 00 00 00 00 1b 00   ................
0010  00 01 00 01 00 00 02 19 00 00 00 00 21 09 08 02   ............!...
0020  01 00 11 00 08 03 00 00 00 00 00 00 00 00 00 00   ................
0030  00 00 00 00 4a                                    ....J
USB Control (24 bytes):
0000  09 08 02 01 00 11 00 08 03 00 00 00 00 00 00 00   ................
0010  00 00 00 00 00 00 00 4a                           .......J

Packet (53 bytes):
0000  1c 00 60 34 f7 80 03 ad ff ff 00 00 00 00 1b 00   ..`4............
0010  00 01 00 01 00 00 02 19 00 00 00 00 21 09 08 02   ............!...
0020  01 00 11 00 08 07 00 00 0c 04 82 82 00 51 00 00   .............Q..
0030  00 00 00 00 e1                                    .....
USB Control (24 bytes):
0000  09 08 02 01 00 11 00 08 07 00 00 0c 04 82 82 00   ................
0010  51 00 00 00 00 00 00 e1                           Q.......

Packet (53 bytes):
0000  1c 00 00 bb 9e 85 03 ad ff ff 00 00 00 00 1b 00   ................
0010  00 01 00 01 00 00 02 19 00 00 00 00 21 09 08 02   ............!...
0020  01 00 11 00 08 03 00 00 00 00 00 00 00 00 00 00   ................
0030  00 00 00 00 4a                                    ....J
USB Control (24 bytes):
0000  09 08 02 01 00 11 00 08 03 00 00 00 00 00 00 00   ................
0010  00 00 00 00 00 00 00 4a                           .......J

Packet (53 bytes):
0000  1c 00 b0 c9 9e 85 03 ad ff ff 00 00 00 00 1b 00   ................
0010  00 01 00 01 00 00 02 19 00 00 00 00 21 09 08 02   ............!...
0020  01 00 11 00 08 07 00 00 0c 04 83 83 00 4f 00 00   .............O..
0030  00 00 00 00 e1                                    .....
USB Control (24 bytes):
0000  09 08 02 01 00 11 00 08 07 00 00 0c 04 83 83 00   ................
0010  4f 00 00 00 00 00 00 e1                           O.......

Packet (53 bytes):
0000  1c 00 10 20 23 7f 03 ad ff ff 00 00 00 00 1b 00   ... #...........
0010  00 01 00 01 00 00 02 19 00 00 00 00 21 09 08 02   ............!...
0020  01 00 11 00 08 03 00 00 00 00 00 00 00 00 00 00   ................
0030  00 00 00 00 4a                                    ....J
USB Control (24 bytes):
0000  09 08 02 01 00 11 00 08 03 00 00 00 00 00 00 00   ................
0010  00 00 00 00 00 00 00 4a                           .......J

Packet (53 bytes):
0000  1c 00 60 34 f7 80 03 ad ff ff 00 00 00 00 1b 00   ..`4............
0010  00 01 00 01 00 00 02 19 00 00 00 00 21 09 08 02   ............!...
0020  01 00 11 00 08 07 00 00 0c 04 84 84 00 4d 00 00   .............M..
0030  00 00 00 00 e1                                    .....
USB Control (24 bytes):
0000  09 08 02 01 00 11 00 08 07 00 00 0c 04 84 84 00   ................
0010  4d 00 00 00 00 00 00 e1                           M.......

Packet (53 bytes):
0000  1c 00 00 bb 9e 85 03 ad ff ff 00 00 00 00 1b 00   ................
0010  00 01 00 01 00 00 02 19 00 00 00 00 21 09 08 02   ............!...
0020  01 00 11 00 08 03 00 00 00 00 00 00 00 00 00 00   ................
0030  00 00 00 00 4a                                    ....J
USB Control (24 bytes):
0000  09 08 02 01 00 11 00 08 03 00 00 00 00 00 00 00   ................
0010  00 00 00 00 00 00 00 4a                           .......J

Packet (53 bytes):
0000  1c 00 b0 c9 9e 85 03 ad ff ff 00 00 00 00 1b 00   ................
0010  00 01 00 01 00 00 02 19 00 00 00 00 21 09 08 02   ............!...
0020  01 00 11 00 08 07 00 00 0c 04 85 85 00 4b 00 00   .............K..
0030  00 00 00 00 e1                                    .....
USB Control (24 bytes):
0000  09 08 02 01 00 11 00 08 07 00 00 0c 04 85 85 00   ................
0010  4b 00 00 00 00 00 00 e1                           K.......

Packet (53 bytes):
0000  1c 00 60 34 f7 80 03 ad ff ff 00 00 00 00 1b 00   ..`4............
0010  00 01 00 01 00 00 02 19 00 00 00 00 21 09 08 02   ............!...
0020  01 00 11 00 08 03 00 00 00 00 00 00 00 00 00 00   ................
0030  00 00 00 00 4a                                    ....J
USB Control (24 bytes):
0000  09 08 02 01 00 11 00 08 03 00 00 00 00 00 00 00   ................
0010  00 00 00 00 00 00 00 4a                           .......J

Packet (53 bytes):
0000  1c 00 10 20 23 7f 03 ad ff ff 00 00 00 00 1b 00   ... #...........
0010  00 01 00 01 00 00 02 19 00 00 00 00 21 09 08 02   ............!...
0020  01 00 11 00 08 04 00 00 00 00 00 00 00 00 00 00   ................
0030  00 00 00 00 49                                    ....I
USB Control (24 bytes):
0000  09 08 02 01 00 11 00 08 04 00 00 00 00 00 00 00   ................
0010  00 00 00 00 00 00 00 49                           .......I

Packet (53 bytes):
0000  1c 00 e0 f4 9e 85 03 ad ff ff 00 00 00 00 1b 00   ................
0010  00 01 00 01 00 00 02 19 00 00 00 00 21 09 08 02   ............!...
0020  01 00 11 00 08 03 00 00 00 00 00 00 00 00 00 00   ................
0030  00 00 00 00 4a                                    ....J
USB Control (24 bytes):
0000  09 08 02 01 00 11 00 08 03 00 00 00 00 00 00 00   ................
0010  00 00 00 00 00 00 00 4a                           .......J

Packet (53 bytes):
0000  1c 00 60 34 f7 80 03 ad ff ff 00 00 00 00 1b 00   ..`4............
0010  00 01 00 01 00 00 02 19 00 00 00 00 21 09 08 02   ............!...
0020  01 00 11 00 08 07 00 00 0c 04 86 86 00 49 00 00   .............I..
0030  00 00 00 00 e1                                    .....
USB Control (24 bytes):
0000  09 08 02 01 00 11 00 08 07 00 00 0c 04 86 86 00   ................
0010  49 00 00 00 00 00 00 e1                           I.......

Packet (53 bytes):
0000  1c 00 10 10 9e 86 03 ad ff ff 00 00 00 00 1b 00   ................
0010  00 01 00 01 00 00 02 19 00 00 00 00 21 09 08 02   ............!...
0020  01 00 11 00 08 03 00 00 00 00 00 00 00 00 00 00   ................
0030  00 00 00 00 4a                                    ....J
USB Control (24 bytes):
0000  09 08 02 01 00 11 00 08 03 00 00 00 00 00 00 00   ................
0010  00 00 00 00 00 00 00 4a                           .......J

Packet (53 bytes):
0000  1c 00 b0 c9 9e 85 03 ad ff ff 00 00 00 00 1b 00   ................
0010  00 01 00 01 00 00 02 19 00 00 00 00 21 09 08 02   ............!...
0020  01 00 11 00 08 07 00 00 0c 04 87 87 00 47 00 00   .............G..
0030  00 00 00 00 e1                                    .....
USB Control (24 bytes):
0000  09 08 02 01 00 11 00 08 07 00 00 0c 04 87 87 00   ................
0010  47 00 00 00 00 00 00 e1                           G.......

Packet (53 bytes):
0000  1c 00 b0 b2 69 81 03 ad ff ff 00 00 00 00 1b 00   ....i...........
0010  00 01 00 01 00 00 02 19 00 00 00 00 21 09 08 02   ............!...
0020  01 00 11 00 08 03 00 00 00 00 00 00 00 00 00 00   ................
0030  00 00 00 00 4a                                    ....J
USB Control (24 bytes):
0000  09 08 02 01 00 11 00 08 03 00 00 00 00 00 00 00   ................
0010  00 00 00 00 00 00 00 4a                           .......J

Packet (53 bytes):
0000  1c 00 60 34 f7 80 03 ad ff ff 00 00 00 00 1b 00   ..`4............
0010  00 01 00 01 00 00 02 19 00 00 00 00 21 09 08 02   ............!...
0020  01 00 11 00 08 07 00 00 0c 04 88 88 00 45 00 00   .............E..
0030  00 00 00 00 e1                                    .....
USB Control (24 bytes):
0000  09 08 02 01 00 11 00 08 07 00 00 0c 04 88 88 00   ................
0010  45 00 00 00 00 00 00 e1                           E.......

Packet (53 bytes):
0000  1c 00 e0 f4 9e 85 03 ad ff ff 00 00 00 00 1b 00   ................
0010  00 01 00 01 00 00 02 19 00 00 00 00 21 09 08 02   ............!...
0020  01 00 11 00 08 03 00 00 00 00 00 00 00 00 00 00   ................
0030  00 00 00 00 4a                                    ....J
USB Control (24 bytes):
0000  09 08 02 01 00 11 00 08 03 00 00 00 00 00 00 00   ................
0010  00 00 00 00 00 00 00 4a                           .......J

Packet (53 bytes):
0000  1c 00 b0 c9 9e 85 03 ad ff ff 00 00 00 00 1b 00   ................
0010  00 01 00 01 00 00 02 19 00 00 00 00 21 09 08 02   ............!...
0020  01 00 11 00 08 07 00 00 0c 04 89 89 00 43 00 00   .............C..
0030  00 00 00 00 e1                                    .....
USB Control (24 bytes):
0000  09 08 02 01 00 11 00 08 07 00 00 0c 04 89 89 00   ................
0010  43 00 00 00 00 00 00 e1                           C.......

Packet (53 bytes):
0000  1c 00 10 10 9e 86 03 ad ff ff 00 00 00 00 1b 00   ................
0010  00 01 00 01 00 00 02 19 00 00 00 00 21 09 08 02   ............!...
0020  01 00 11 00 08 03 00 00 00 00 00 00 00 00 00 00   ................
0030  00 00 00 00 4a                                    ....J
USB Control (24 bytes):
0000  09 08 02 01 00 11 00 08 03 00 00 00 00 00 00 00   ................
0010  00 00 00 00 00 00 00 4a                           .......J

Packet (53 bytes):
0000  1c 00 60 34 f7 80 03 ad ff ff 00 00 00 00 1b 00   ..`4............
0010  00 01 00 01 00 00 02 19 00 00 00 00 21 09 08 02   ............!...
0020  01 00 11 00 08 07 00 00 0c 04 8a 8a 00 41 00 00   .............A..
0030  00 00 00 00 e1                                    .....
USB Control (24 bytes):
0000  09 08 02 01 00 11 00 08 07 00 00 0c 04 8a 8a 00   ................
0010  41 00 00 00 00 00 00 e1                           A.......

Packet (53 bytes):
0000  1c 00 10 f0 b5 85 03 ad ff ff 00 00 00 00 1b 00   ................
0010  00 01 00 01 00 00 02 19 00 00 00 00 21 09 08 02   ............!...
0020  01 00 11 00 08 03 00 00 00 00 00 00 00 00 00 00   ................
0030  00 00 00 00 4a                                    ....J
USB Control (24 bytes):
0000  09 08 02 01 00 11 00 08 03 00 00 00 00 00 00 00   ................
0010  00 00 00 00 00 00 00 4a                           .......J

Packet (53 bytes):
0000  1c 00 10 20 23 7f 03 ad ff ff 00 00 00 00 1b 00   ... #...........
0010  00 01 00 01 00 00 02 19 00 00 00 00 21 09 08 02   ............!...
0020  01 00 11 00 08 07 00 00 0c 04 8b 8b 00 3f 00 00   .............?..
0030  00 00 00 00 e1                                    .....
USB Control (24 bytes):
0000  09 08 02 01 00 11 00 08 07 00 00 0c 04 8b 8b 00   ................
0010  3f 00 00 00 00 00 00 e1                           ?.......

Packet (53 bytes):
0000  1c 00 10 d0 9e 85 03 ad ff ff 00 00 00 00 1b 00   ................
0010  00 01 00 01 00 00 02 19 00 00 00 00 21 09 08 02   ............!...
0020  01 00 11 00 08 03 00 00 00 00 00 00 00 00 00 00   ................
0030  00 00 00 00 4a                                    ....J
USB Control (24 bytes):
0000  09 08 02 01 00 11 00 08 03 00 00 00 00 00 00 00   ................
0010  00 00 00 00 00 00 00 4a                           .......J

Packet (53 bytes):
0000  1c 00 b0 c9 9e 85 03 ad ff ff 00 00 00 00 1b 00   ................
0010  00 01 00 01 00 00 02 19 00 00 00 00 21 09 08 02   ............!...
0020  01 00 11 00 08 07 00 00 0c 04 8c 8c 00 3d 00 00   .............=..
0030  00 00 00 00 e1                                    .....
USB Control (24 bytes):
0000  09 08 02 01 00 11 00 08 07 00 00 0c 04 8c 8c 00   ................
0010  3d 00 00 00 00 00 00 e1                           =.......

Packet (53 bytes):
0000  1c 00 10 20 23 7f 03 ad ff ff 00 00 00 00 1b 00   ... #...........
0010  00 01 00 01 00 00 02 19 00 00 00 00 21 09 08 02   ............!...
0020  01 00 11 00 08 03 00 00 00 00 00 00 00 00 00 00   ................
0030  00 00 00 00 4a                                    ....J
USB Control (24 bytes):
0000  09 08 02 01 00 11 00 08 03 00 00 00 00 00 00 00   ................
0010  00 00 00 00 00 00 00 4a                           .......J

Packet (53 bytes):
0000  1c 00 b0 c9 9e 85 03 ad ff ff 00 00 00 00 1b 00   ................
0010  00 01 00 01 00 00 02 19 00 00 00 00 21 09 08 02   ............!...
0020  01 00 11 00 08 07 00 00 0c 04 8d 8d 00 3b 00 00   .............;..
0030  00 00 00 00 e1                                    .....
USB Control (24 bytes):
0000  09 08 02 01 00 11 00 08 07 00 00 0c 04 8d 8d 00   ................
0010  3b 00 00 00 00 00 00 e1                           ;.......

Packet (53 bytes):
0000  1c 00 b0 b2 69 81 03 ad ff ff 00 00 00 00 1b 00   ....i...........
0010  00 01 00 01 00 00 02 19 00 00 00 00 21 09 08 02   ............!...
0020  01 00 11 00 08 03 00 00 00 00 00 00 00 00 00 00   ................
0030  00 00 00 00 4a                                    ....J
USB Control (24 bytes):
0000  09 08 02 01 00 11 00 08 03 00 00 00 00 00 00 00   ................
0010  00 00 00 00 00 00 00 4a                           .......J

Packet (53 bytes):
0000  1c 00 60 34 f7 80 03 ad ff ff 00 00 00 00 1b 00   ..`4............
0010  00 01 00 01 00 00 02 19 00 00 00 00 21 09 08 02   ............!...
0020  01 00 11 00 08 03 00 00 00 00 00 00 00 00 00 00   ................
0030  00 00 00 00 4a                                    ....J
USB Control (24 bytes):
0000  09 08 02 01 00 11 00 08 03 00 00 00 00 00 00 00   ................
0010  00 00 00 00 00 00 00 4a                           .......J

Packet (53 bytes):
0000  1c 00 10 10 9e 86 03 ad ff ff 00 00 00 00 1b 00   ................
0010  00 01 00 01 00 00 02 19 00 00 00 00 21 09 08 02   ............!...
0020  01 00 11 00 08 04 00 00 00 00 00 00 00 00 00 00   ................
0030  00 00 00 00 49                                    ....I
USB Control (24 bytes):
0000  09 08 02 01 00 11 00 08 04 00 00 00 00 00 00 00   ................
0010  00 00 00 00 00 00 00 49                           .......I

Packet (53 bytes):
0000  1c 00 e0 f4 9e 85 03 ad ff ff 00 00 00 00 1b 00   ................
0010  00 01 00 01 00 00 02 19 00 00 00 00 21 09 08 02   ............!...
0020  01 00 11 00 08 07 00 00 0c 04 8e 8e 00 39 00 00   .............9..
0030  00 00 00 00 e1                                    .....
USB Control (24 bytes):
0000  09 08 02 01 00 11 00 08 07 00 00 0c 04 8e 8e 00   ................
0010  39 00 00 00 00 00 00 e1                           9.......

Packet (53 bytes):
0000  1c 00 b0 b2 69 81 03 ad ff ff 00 00 00 00 1b 00   ....i...........
0010  00 01 00 01 00 00 02 19 00 00 00 00 21 09 08 02   ............!...
0020  01 00 11 00 08 03 00 00 00 00 00 00 00 00 00 00   ................
0030  00 00 00 00 4a                                    ....J
USB Control (24 bytes):
0000  09 08 02 01 00 11 00 08 03 00 00 00 00 00 00 00   ................
0010  00 00 00 00 00 00 00 4a                           .......J

Packet (53 bytes):
0000  1c 00 20 ea b5 85 03 ad ff ff 00 00 00 00 1b 00   .. .............
0010  00 01 00 01 00 00 02 19 00 00 00 00 21 09 08 02   ............!...
0020  01 00 11 00 08 07 00 00 0c 04 8f 8f 00 37 00 00   .............7..
0030  00 00 00 00 e1                                    .....
USB Control (24 bytes):
0000  09 08 02 01 00 11 00 08 07 00 00 0c 04 8f 8f 00   ................
0010  37 00 00 00 00 00 00 e1                           7.......

Packet (53 bytes):
0000  1c 00 10 c0 9e 85 03 ad ff ff 00 00 00 00 1b 00   ................
0010  00 01 00 01 00 00 02 19 00 00 00 00 21 09 08 02   ............!...
0020  01 00 11 00 08 03 00 00 00 00 00 00 00 00 00 00   ................
0030  00 00 00 00 4a                                    ....J
USB Control (24 bytes):
0000  09 08 02 01 00 11 00 08 03 00 00 00 00 00 00 00   ................
0010  00 00 00 00 00 00 00 4a                           .......J

Packet (53 bytes):
0000  1c 00 20 ea b5 85 03 ad ff ff 00 00 00 00 1b 00   .. .............
0010  00 01 00 01 00 00 02 19 00 00 00 00 21 09 08 02   ............!...
0020  01 00 11 00 08 07 00 00 0c 04 90 90 00 35 00 00   .............5..
0030  00 00 00 00 e1                                    .....
USB Control (24 bytes):
0000  09 08 02 01 00 11 00 08 07 00 00 0c 04 90 90 00   ................
0010  35 00 00 00 00 00 00 e1                           5.......

Packet (53 bytes):
0000  1c 00 10 10 9e 86 03 ad ff ff 00 00 00 00 1b 00   ................
0010  00 01 00 01 00 00 02 19 00 00 00 00 21 09 08 02   ............!...
0020  01 00 11 00 08 03 00 00 00 00 00 00 00 00 00 00   ................
0030  00 00 00 00 4a                                    ....J
USB Control (24 bytes):
0000  09 08 02 01 00 11 00 08 03 00 00 00 00 00 00 00   ................
0010  00 00 00 00 00 00 00 4a                           .......J

Packet (53 bytes):
0000  1c 00 b0 c9 9e 85 03 ad ff ff 00 00 00 00 1b 00   ................
0010  00 01 00 01 00 00 02 19 00 00 00 00 21 09 08 02   ............!...
0020  01 00 11 00 08 07 00 00 0c 04 91 91 00 33 00 00   .............3..
0030  00 00 00 00 e1                                    .....
USB Control (24 bytes):
0000  09 08 02 01 00 11 00 08 07 00 00 0c 04 91 91 00   ................
0010  33 00 00 00 00 00 00 e1                           3.......

Packet (53 bytes):
0000  1c 00 00 bb 9e 85 03 ad ff ff 00 00 00 00 1b 00   ................
0010  00 01 00 01 00 00 02 19 00 00 00 00 21 09 08 02   ............!...
0020  01 00 11 00 08 03 00 00 00 00 00 00 00 00 00 00   ................
0030  00 00 00 00 4a                                    ....J
USB Control (24 bytes):
0000  09 08 02 01 00 11 00 08 03 00 00 00 00 00 00 00   ................
0010  00 00 00 00 00 00 00 4a                           .......J

Packet (53 bytes):
0000  1c 00 20 ea b5 85 03 ad ff ff 00 00 00 00 1b 00   .. .............
0010  00 01 00 01 00 00 02 19 00 00 00 00 21 09 08 02   ............!...
0020  01 00 11 00 08 07 00 00 0c 04 92 92 00 31 00 00   .............1..
0030  00 00 00 00 e1                                    .....
USB Control (24 bytes):
0000  09 08 02 01 00 11 00 08 07 00 00 0c 04 92 92 00   ................
0010  31 00 00 00 00 00 00 e1                           1.......

Packet (53 bytes):
0000  1c 00 60 34 f7 80 03 ad ff ff 00 00 00 00 1b 00   ..`4............
0010  00 01 00 01 00 00 02 19 00 00 00 00 21 09 08 02   ............!...
0020  01 00 11 00 08 03 00 00 00 00 00 00 00 00 00 00   ................
0030  00 00 00 00 4a                                    ....J
USB Control (24 bytes):
0000  09 08 02 01 00 11 00 08 03 00 00 00 00 00 00 00   ................
0010  00 00 00 00 00 00 00 4a                           .......J

Packet (53 bytes):
0000  1c 00 b0 c9 9e 85 03 ad ff ff 00 00 00 00 1b 00   ................
0010  00 01 00 01 00 00 02 19 00 00 00 00 21 09 08 02   ............!...
0020  01 00 11 00 08 07 00 00 0c 04 93 93 00 2f 00 00   ............./..
0030  00 00 00 00 e1                                    .....
USB Control (24 bytes):
0000  09 08 02 01 00 11 00 08 07 00 00 0c 04 93 93 00   ................
0010  2f 00 00 00 00 00 00 e1                           /.......

Packet (53 bytes):
0000  1c 00 10 f0 b5 85 03 ad ff ff 00 00 00 00 1b 00   ................
0010  00 01 00 01 00 00 02 19 00 00 00 00 21 09 08 02   ............!...
0020  01 00 11 00 08 03 00 00 00 00 00 00 00 00 00 00   ................
0030  00 00 00 00 4a                                    ....J
USB Control (24 bytes):
0000  09 08 02 01 00 11 00 08 03 00 00 00 00 00 00 00   ................
0010  00 00 00 00 00 00 00 4a                           .......J

Packet (53 bytes):
0000  1c 00 b0 c9 9e 85 03 ad ff ff 00 00 00 00 1b 00   ................
0010  00 01 00 01 00 00 02 19 00 00 00 00 21 09 08 02   ............!...
0020  01 00 11 00 08 07 00 00 0c 04 94 94 00 2d 00 00   .............-..
0030  00 00 00 00 e1                                    .....
USB Control (24 bytes):
0000  09 08 02 01 00 11 00 08 07 00 00 0c 04 94 94 00   ................
0010  2d 00 00 00 00 00 00 e1                           -.......

Packet (53 bytes):
0000  1c 00 20 ea b5 85 03 ad ff ff 00 00 00 00 1b 00   .. .............
0010  00 01 00 01 00 00 02 19 00 00 00 00 21 09 08 02   ............!...
0020  01 00 11 00 08 03 00 00 00 00 00 00 00 00 00 00   ................
0030  00 00 00 00 4a                                    ....J
USB Control (24 bytes):
0000  09 08 02 01 00 11 00 08 03 00 00 00 00 00 00 00   ................
0010  00 00 00 00 00 00 00 4a                           .......J

Packet (53 bytes):
0000  1c 00 20 ea b5 85 03 ad ff ff 00 00 00 00 1b 00   .. .............
0010  00 01 00 01 00 00 02 19 00 00 00 00 21 09 08 02   ............!...
0020  01 00 11 00 08 07 00 00 0c 04 95 95 00 2b 00 00   .............+..
0030  00 00 00 00 e1                                    .....
USB Control (24 bytes):
0000  09 08 02 01 00 11 00 08 07 00 00 0c 04 95 95 00   ................
0010  2b 00 00 00 00 00 00 e1                           +.......

Packet (53 bytes):
0000  1c 00 10 c0 9e 85 03 ad ff ff 00 00 00 00 1b 00   ................
0010  00 01 00 01 00 00 02 19 00 00 00 00 21 09 08 02   ............!...
0020  01 00 11 00 08 03 00 00 00 00 00 00 00 00 00 00   ................
0030  00 00 00 00 4a                                    ....J
USB Control (24 bytes):
0000  09 08 02 01 00 11 00 08 03 00 00 00 00 00 00 00   ................
0010  00 00 00 00 00 00 00 4a                           .......J

Packet (53 bytes):
0000  1c 00 b0 c9 9e 85 03 ad ff ff 00 00 00 00 1b 00   ................
0010  00 01 00 01 00 00 02 19 00 00 00 00 21 09 08 02   ............!...
0020  01 00 11 00 08 07 00 00 0c 04 96 96 00 29 00 00   .............)..
0030  00 00 00 00 e1                                    .....
USB Control (24 bytes):
0000  09 08 02 01 00 11 00 08 07 00 00 0c 04 96 96 00   ................
0010  29 00 00 00 00 00 00 e1                           ).......

Packet (53 bytes):
0000  1c 00 10 10 9e 86 03 ad ff ff 00 00 00 00 1b 00   ................
0010  00 01 00 01 00 00 02 19 00 00 00 00 21 09 08 02   ............!...
0020  01 00 11 00 08 03 00 00 00 00 00 00 00 00 00 00   ................
0030  00 00 00 00 4a                                    ....J
USB Control (24 bytes):
0000  09 08 02 01 00 11 00 08 03 00 00 00 00 00 00 00   ................
0010  00 00 00 00 00 00 00 4a                           .......J

Packet (53 bytes):
0000  1c 00 10 10 9e 86 03 ad ff ff 00 00 00 00 1b 00   ................
0010  00 01 00 01 00 00 02 19 00 00 00 00 21 09 08 02   ............!...
0020  01 00 11 00 08 07 00 00 0c 04 97 97 00 27 00 00   .............'..
0030  00 00 00 00 e1                                    .....
USB Control (24 bytes):
0000  09 08 02 01 00 11 00 08 07 00 00 0c 04 97 97 00   ................
0010  27 00 00 00 00 00 00 e1                           '.......

Packet (53 bytes):
0000  1c 00 60 34 f7 80 03 ad ff ff 00 00 00 00 1b 00   ..`4............
0010  00 01 00 01 00 00 02 19 00 00 00 00 21 09 08 02   ............!...
0020  01 00 11 00 08 03 00 00 00 00 00 00 00 00 00 00   ................
0030  00 00 00 00 4a                                    ....J
USB Control (24 bytes):
0000  09 08 02 01 00 11 00 08 03 00 00 00 00 00 00 00   ................
0010  00 00 00 00 00 00 00 4a                           .......J

Packet (53 bytes):
0000  1c 00 10 c0 9e 85 03 ad ff ff 00 00 00 00 1b 00   ................
0010  00 01 00 01 00 00 02 19 00 00 00 00 21 09 08 02   ............!...
0020  01 00 11 00 08 04 00 00 00 00 00 00 00 00 00 00   ................
0030  00 00 00 00 49                                    ....I
USB Control (24 bytes):
0000  09 08 02 01 00 11 00 08 04 00 00 00 00 00 00 00   ................
0010  00 00 00 00 00 00 00 49                           .......I

Packet (53 bytes):
0000  1c 00 e0 d4 9e 85 03 ad ff ff 00 00 00 00 1b 00   ................
0010  00 01 00 01 00 00 02 19 00 00 00 00 21 09 08 02   ............!...
0020  01 00 11 00 08 03 00 00 00 00 00 00 00 00 00 00   ................
0030  00 00 00 00 4a                                    ....J
USB Control (24 bytes):
0000  09 08 02 01 00 11 00 08 03 00 00 00 00 00 00 00   ................
0010  00 00 00 00 00 00 00 4a                           .......J

Packet (53 bytes):
0000  1c 00 60 34 f7 80 03 ad ff ff 00 00 00 00 1b 00   ..`4............
0010  00 01 00 01 00 00 02 19 00 00 00 00 21 09 08 02   ............!...
0020  01 00 11 00 08 07 00 00 0c 04 98 98 00 25 00 00   .............%..
0030  00 00 00 00 e1                                    .....
USB Control (24 bytes):
0000  09 08 02 01 00 11 00 08 07 00 00 0c 04 98 98 00   ................
0010  25 00 00 00 00 00 00 e1                           %.......

Packet (53 bytes):
0000  1c 00 20 ea b5 85 03 ad ff ff 00 00 00 00 1b 00   .. .............
0010  00 01 00 01 00 00 02 19 00 00 00 00 21 09 08 02   ............!...
0020  01 00 11 00 08 03 00 00 00 00 00 00 00 00 00 00   ................
0030  00 00 00 00 4a                                    ....J
USB Control (24 bytes):
0000  09 08 02 01 00 11 00 08 03 00 00 00 00 00 00 00   ................
0010  00 00 00 00 00 00 00 4a                           .......J

Packet (53 bytes):
0000  1c 00 60 34 f7 80 03 ad ff ff 00 00 00 00 1b 00   ..`4............
0010  00 01 00 01 00 00 02 19 00 00 00 00 21 09 08 02   ............!...
0020  01 00 11 00 08 07 00 00 0c 04 99 99 00 23 00 00   .............#..
0030  00 00 00 00 e1                                    .....
USB Control (24 bytes):
0000  09 08 02 01 00 11 00 08 07 00 00 0c 04 99 99 00   ................
0010  23 00 00 00 00 00 00 e1                           #.......

Packet (53 bytes):
0000  1c 00 e0 f4 9e 85 03 ad ff ff 00 00 00 00 1b 00   ................
0010  00 01 00 01 00 00 02 19 00 00 00 00 21 09 08 02   ............!...
0020  01 00 11 00 08 03 00 00 00 00 00 00 00 00 00 00   ................
0030  00 00 00 00 4a                                    ....J
USB Control (24 bytes):
0000  09 08 02 01 00 11 00 08 03 00 00 00 00 00 00 00   ................
0010  00 00 00 00 00 00 00 4a                           .......J

Packet (53 bytes):
0000  1c 00 10 d0 9e 85 03 ad ff ff 00 00 00 00 1b 00   ................
0010  00 01 00 01 00 00 02 19 00 00 00 00 21 09 08 02   ............!...
0020  01 00 11 00 08 07 00 00 0c 04 9a 9a 00 21 00 00   .............!..
0030  00 00 00 00 e1                                    .....
USB Control (24 bytes):
0000  09 08 02 01 00 11 00 08 07 00 00 0c 04 9a 9a 00   ................
0010  21 00 00 00 00 00 00 e1                           !.......

Packet (53 bytes):
0000  1c 00 b0 b2 69 81 03 ad ff ff 00 00 00 00 1b 00   ....i...........
0010  00 01 00 01 00 00 02 19 00 00 00 00 21 09 08 02   ............!...
0020  01 00 11 00 08 03 00 00 00 00 00 00 00 00 00 00   ................
0030  00 00 00 00 4a                                    ....J
USB Control (24 bytes):
0000  09 08 02 01 00 11 00 08 03 00 00 00 00 00 00 00   ................
0010  00 00 00 00 00 00 00 4a                           .......J

Packet (53 bytes):
0000  1c 00 60 34 f7 80 03 ad ff ff 00 00 00 00 1b 00   ..`4............
0010  00 01 00 01 00 00 02 19 00 00 00 00 21 09 08 02   ............!...
0020  01 00 11 00 08 07 00 00 0c 04 9b 9b 00 1f 00 00   ................
0030  00 00 00 00 e1                                    .....
USB Control (24 bytes):
0000  09 08 02 01 00 11 00 08 07 00 00 0c 04 9b 9b 00   ................
0010  1f 00 00 00 00 00 00 e1                           ........

Packet (53 bytes):
0000  1c 00 10 20 23 7f 03 ad ff ff 00 00 00 00 1b 00   ... #...........
0010  00 01 00 01 00 00 02 19 00 00 00 00 21 09 08 02   ............!...
0020  01 00 11 00 08 03 00 00 00 00 00 00 00 00 00 00   ................
0030  00 00 00 00 4a                                    ....J
USB Control (24 bytes):
0000  09 08 02 01 00 11 00 08 03 00 00 00 00 00 00 00   ................
0010  00 00 00 00 00 00 00 4a                           .......J

Packet (53 bytes):
0000  1c 00 20 ea b5 85 03 ad ff ff 00 00 00 00 1b 00   .. .............
0010  00 01 00 01 00 00 02 19 00 00 00 00 21 09 08 02   ............!...
0020  01 00 11 00 08 07 00 00 0c 04 9c 9c 00 1d 00 00   ................
0030  00 00 00 00 e1                                    .....
USB Control (24 bytes):
0000  09 08 02 01 00 11 00 08 07 00 00 0c 04 9c 9c 00   ................
0010  1d 00 00 00 00 00 00 e1                           ........

Packet (53 bytes):
0000  1c 00 a0 18 b9 7e 03 ad ff ff 00 00 00 00 1b 00   .....~..........
0010  00 01 00 01 00 00 02 19 00 00 00 00 21 09 08 02   ............!...
0020  01 00 11 00 08 03 00 00 00 00 00 00 00 00 00 00   ................
0030  00 00 00 00 4a                                    ....J
USB Control (24 bytes):
0000  09 08 02 01 00 11 00 08 03 00 00 00 00 00 00 00   ................
0010  00 00 00 00 00 00 00 4a                           .......J

Packet (53 bytes):
0000  1c 00 60 34 f7 80 03 ad ff ff 00 00 00 00 1b 00   ..`4............
0010  00 01 00 01 00 00 02 19 00 00 00 00 21 09 08 02   ............!...
0020  01 00 11 00 08 07 00 00 0c 04 9d 9d 00 1b 00 00   ................
0030  00 00 00 00 e1                                    .....
USB Control (24 bytes):
0000  09 08 02 01 00 11 00 08 07 00 00 0c 04 9d 9d 00   ................
0010  1b 00 00 00 00 00 00 e1                           ........

Packet (53 bytes):
0000  1c 00 00 bb 9e 85 03 ad ff ff 00 00 00 00 1b 00   ................
0010  00 01 00 01 00 00 02 19 00 00 00 00 21 09 08 02   ............!...
0020  01 00 11 00 08 03 00 00 00 00 00 00 00 00 00 00   ................
0030  00 00 00 00 4a                                    ....J
USB Control (24 bytes):
0000  09 08 02 01 00 11 00 08 03 00 00 00 00 00 00 00   ................
0010  00 00 00 00 00 00 00 4a                           .......J

Packet (53 bytes):
0000  1c 00 b0 c9 9e 85 03 ad ff ff 00 00 00 00 1b 00   ................
0010  00 01 00 01 00 00 02 19 00 00 00 00 21 09 08 02   ............!...
0020  01 00 11 00 08 07 00 00 0c 04 9e 9e 00 19 00 00   ................
0030  00 00 00 00 e1                                    .....
USB Control (24 bytes):
0000  09 08 02 01 00 11 00 08 07 00 00 0c 04 9e 9e 00   ................
0010  19 00 00 00 00 00 00 e1                           ........

Packet (53 bytes):
0000  1c 00 b0 c9 9e 85 03 ad ff ff 00 00 00 00 1b 00   ................
0010  00 01 00 01 00 00 02 19 00 00 00 00 21 09 08 02   ............!...
0020  01 00 11 00 08 03 00 00 00 00 00 00 00 00 00 00   ................
0030  00 00 00 00 4a                                    ....J
USB Control (24 bytes):
0000  09 08 02 01 00 11 00 08 03 00 00 00 00 00 00 00   ................
0010  00 00 00 00 00 00 00 4a                           .......J

Packet (53 bytes):
0000  1c 00 20 ea b5 85 03 ad ff ff 00 00 00 00 1b 00   .. .............
0010  00 01 00 01 00 00 02 19 00 00 00 00 21 09 08 02   ............!...
0020  01 00 11 00 08 07 00 00 0c 04 9f 9f 00 17 00 00   ................
0030  00 00 00 00 e1                                    .....
USB Control (24 bytes):
0000  09 08 02 01 00 11 00 08 07 00 00 0c 04 9f 9f 00   ................
0010  17 00 00 00 00 00 00 e1                           ........

Packet (53 bytes):
0000  1c 00 b0 b2 69 81 03 ad ff ff 00 00 00 00 1b 00   ....i...........
0010  00 01 00 01 00 00 02 19 00 00 00 00 21 09 08 02   ............!...
0020  01 00 11 00 08 03 00 00 00 00 00 00 00 00 00 00   ................
0030  00 00 00 00 4a                                    ....J
USB Control (24 bytes):
0000  09 08 02 01 00 11 00 08 03 00 00 00 00 00 00 00   ................
0010  00 00 00 00 00 00 00 4a                           .......J

Packet (53 bytes):
0000  1c 00 b0 c9 9e 85 03 ad ff ff 00 00 00 00 1b 00   ................
0010  00 01 00 01 00 00 02 19 00 00 00 00 21 09 08 02   ............!...
0020  01 00 11 00 08 07 00 00 0c 04 a0 a0 00 15 00 00   ................
0030  00 00 00 00 e1                                    .....
USB Control (24 bytes):
0000  09 08 02 01 00 11 00 08 07 00 00 0c 04 a0 a0 00   ................
0010  15 00 00 00 00 00 00 e1                           ........

Packet (53 bytes):
0000  1c 00 10 d0 9e 85 03 ad ff ff 00 00 00 00 1b 00   ................
0010  00 01 00 01 00 00 02 19 00 00 00 00 21 09 08 02   ............!...
0020  01 00 11 00 08 03 00 00 00 00 00 00 00 00 00 00   ................
0030  00 00 00 00 4a                                    ....J
USB Control (24 bytes):
0000  09 08 02 01 00 11 00 08 03 00 00 00 00 00 00 00   ................
0010  00 00 00 00 00 00 00 4a                           .......J

Packet (53 bytes):
0000  1c 00 60 34 f7 80 03 ad ff ff 00 00 00 00 1b 00   ..`4............
0010  00 01 00 01 00 00 02 19 00 00 00 00 21 09 08 02   ............!...
0020  01 00 11 00 08 07 00 00 0c 04 a1 a1 00 13 00 00   ................
0030  00 00 00 00 e1                                    .....
USB Control (24 bytes):
0000  09 08 02 01 00 11 00 08 07 00 00 0c 04 a1 a1 00   ................
0010  13 00 00 00 00 00 00 e1                           ........

Packet (53 bytes):
0000  1c 00 10 c0 9e 85 03 ad ff ff 00 00 00 00 1b 00   ................
0010  00 01 00 01 00 00 02 19 00 00 00 00 21 09 08 02   ............!...
0020  01 00 11 00 08 03 00 00 00 00 00 00 00 00 00 00   ................
0030  00 00 00 00 4a                                    ....J
USB Control (24 bytes):
0000  09 08 02 01 00 11 00 08 03 00 00 00 00 00 00 00   ................
0010  00 00 00 00 00 00 00 4a                           .......J

Packet (53 bytes):
0000  1c 00 10 d0 9e 85 03 ad ff ff 00 00 00 00 1b 00   ................
0010  00 01 00 01 00 00 02 19 00 00 00 00 21 09 08 02   ............!...
0020  01 00 11 00 08 04 00 00 00 00 00 00 00 00 00 00   ................
0030  00 00 00 00 49                                    ....I
USB Control (24 bytes):
0000  09 08 02 01 00 11 00 08 04 00 00 00 00 00 00 00   ................
0010  00 00 00 00 00 00 00 49                           .......I

Packet (53 bytes):
0000  1c 00 00 bb 9e 85 03 ad ff ff 00 00 00 00 1b 00   ................
0010  00 01 00 01 00 00 02 19 00 00 00 00 21 09 08 02   ............!...
0020  01 00 11 00 08 03 00 00 00 00 00 00 00 00 00 00   ................
0030  00 00 00 00 4a                                    ....J
USB Control (24 bytes):
0000  09 08 02 01 00 11 00 08 03 00 00 00 00 00 00 00   ................
0010  00 00 00 00 00 00 00 4a                           .......J

Packet (53 bytes):
0000  1c 00 20 ea b5 85 03 ad ff ff 00 00 00 00 1b 00   .. .............
0010  00 01 00 01 00 00 02 19 00 00 00 00 21 09 08 02   ............!...
0020  01 00 11 00 08 07 00 00 0c 04 a2 a2 00 11 00 00   ................
0030  00 00 00 00 e1                                    .....
USB Control (24 bytes):
0000  09 08 02 01 00 11 00 08 07 00 00 0c 04 a2 a2 00   ................
0010  11 00 00 00 00 00 00 e1                           ........

Packet (53 bytes):
0000  1c 00 b0 b2 69 81 03 ad ff ff 00 00 00 00 1b 00   ....i...........
0010  00 01 00 01 00 00 02 19 00 00 00 00 21 09 08 02   ............!...
0020  01 00 11 00 08 03 00 00 00 00 00 00 00 00 00 00   ................
0030  00 00 00 00 4a                                    ....J
USB Control (24 bytes):
0000  09 08 02 01 00 11 00 08 03 00 00 00 00 00 00 00   ................
0010  00 00 00 00 00 00 00 4a                           .......J

Packet (53 bytes):
0000  1c 00 20 ea b5 85 03 ad ff ff 00 00 00 00 1b 00   .. .............
0010  00 01 00 01 00 00 02 19 00 00 00 00 21 09 08 02   ............!...
0020  01 00 11 00 08 07 00 00 0c 04 a3 a3 00 0f 00 00   ................
0030  00 00 00 00 e1                                    .....
USB Control (24 bytes):
0000  09 08 02 01 00 11 00 08 07 00 00 0c 04 a3 a3 00   ................
0010  0f 00 00 00 00 00 00 e1                           ........

Packet (53 bytes):
0000  1c 00 b0 c9 9e 85 03 ad ff ff 00 00 00 00 1b 00   ................
0010  00 01 00 01 00 00 02 19 00 00 00 00 21 09 08 02   ............!...
0020  01 00 11 00 08 03 00 00 00 00 00 00 00 00 00 00   ................
0030  00 00 00 00 4a                                    ....J
USB Control (24 bytes):
0000  09 08 02 01 00 11 00 08 03 00 00 00 00 00 00 00   ................
0010  00 00 00 00 00 00 00 4a                           .......J

Packet (53 bytes):
0000  1c 00 20 ea b5 85 03 ad ff ff 00 00 00 00 1b 00   .. .............
0010  00 01 00 01 00 00 02 19 00 00 00 00 21 09 08 02   ............!...
0020  01 00 11 00 08 07 00 00 0c 04 a4 a4 00 0d 00 00   ................
0030  00 00 00 00 e1                                    .....
USB Control (24 bytes):
0000  09 08 02 01 00 11 00 08 07 00 00 0c 04 a4 a4 00   ................
0010  0d 00 00 00 00 00 00 e1                           ........

Packet (53 bytes):
0000  1c 00 b0 c9 9e 85 03 ad ff ff 00 00 00 00 1b 00   ................
0010  00 01 00 01 00 00 02 19 00 00 00 00 21 09 08 02   ............!...
0020  01 00 11 00 08 03 00 00 00 00 00 00 00 00 00 00   ................
0030  00 00 00 00 4a                                    ....J
USB Control (24 bytes):
0000  09 08 02 01 00 11 00 08 03 00 00 00 00 00 00 00   ................
0010  00 00 00 00 00 00 00 4a                           .......J

Packet (53 bytes):
0000  1c 00 b0 b2 69 81 03 ad ff ff 00 00 00 00 1b 00   ....i...........
0010  00 01 00 01 00 00 02 19 00 00 00 00 21 09 08 02   ............!...
0020  01 00 11 00 08 07 00 00 0c 04 a5 a5 00 0b 00 00   ................
0030  00 00 00 00 e1                                    .....
USB Control (24 bytes):
0000  09 08 02 01 00 11 00 08 07 00 00 0c 04 a5 a5 00   ................
0010  0b 00 00 00 00 00 00 e1                           ........

Packet (53 bytes):
0000  1c 00 10 10 9e 86 03 ad ff ff 00 00 00 00 1b 00   ................
0010  00 01 00 01 00 00 02 19 00 00 00 00 21 09 08 02   ............!...
0020  01 00 11 00 08 03 00 00 00 00 00 00 00 00 00 00   ................
0030  00 00 00 00 4a                                    ....J
USB Control (24 bytes):
0000  09 08 02 01 00 11 00 08 03 00 00 00 00 00 00 00   ................
0010  00 00 00 00 00 00 00 4a                           .......J

Packet (53 bytes):
0000  1c 00 20 ea b5 85 03 ad ff ff 00 00 00 00 1b 00   .. .............
0010  00 01 00 01 00 00 02 19 00 00 00 00 21 09 08 02   ............!...
0020  01 00 11 00 08 07 00 00 0c 04 a6 a6 00 09 00 00   ................
0030  00 00 00 00 e1                                    .....
USB Control (24 bytes):
0000  09 08 02 01 00 11 00 08 07 00 00 0c 04 a6 a6 00   ................
0010  09 00 00 00 00 00 00 e1                           ........

Packet (53 bytes):
0000  1c 00 10 20 23 7f 03 ad ff ff 00 00 00 00 1b 00   ... #...........
0010  00 01 00 01 00 00 02 19 00 00 00 00 21 09 08 02   ............!...
0020  01 00 11 00 08 03 00 00 00 00 00 00 00 00 00 00   ................
0030  00 00 00 00 4a                                    ....J
USB Control (24 bytes):
0000  09 08 02 01 00 11 00 08 03 00 00 00 00 00 00 00   ................
0010  00 00 00 00 00 00 00 4a                           .......J

Packet (53 bytes):
0000  1c 00 b0 c9 9e 85 03 ad ff ff 00 00 00 00 1b 00   ................
0010  00 01 00 01 00 00 02 19 00 00 00 00 21 09 08 02   ............!...
0020  01 00 11 00 08 07 00 00 0c 04 a7 a7 00 07 00 00   ................
0030  00 00 00 00 e1                                    .....
USB Control (24 bytes):
0000  09 08 02 01 00 11 00 08 07 00 00 0c 04 a7 a7 00   ................
0010  07 00 00 00 00 00 00 e1                           ........

Packet (53 bytes):
0000  1c 00 e0 d4 9e 85 03 ad ff ff 00 00 00 00 1b 00   ................
0010  00 01 00 01 00 00 02 19 00 00 00 00 21 09 08 02   ............!...
0020  01 00 11 00 08 03 00 00 00 00 00 00 00 00 00 00   ................
0030  00 00 00 00 4a                                    ....J
USB Control (24 bytes):
0000  09 08 02 01 00 11 00 08 03 00 00 00 00 00 00 00   ................
0010  00 00 00 00 00 00 00 4a                           .......J

Packet (53 bytes):
0000  1c 00 60 34 f7 80 03 ad ff ff 00 00 00 00 1b 00   ..`4............
0010  00 01 00 01 00 00 02 19 00 00 00 00 21 09 08 02   ............!...
0020  01 00 11 00 08 07 00 00 0c 04 a8 a8 00 05 00 00   ................
0030  00 00 00 00 e1                                    .....
USB Control (24 bytes):
0000  09 08 02 01 00 11 00 08 07 00 00 0c 04 a8 a8 00   ................
0010  05 00 00 00 00 00 00 e1                           ........

Packet (53 bytes):
0000  1c 00 60 34 f7 80 03 ad ff ff 00 00 00 00 1b 00   ..`4............
0010  00 01 00 01 00 00 02 19 00 00 00 00 21 09 08 02   ............!...
0020  01 00 11 00 08 03 00 00 00 00 00 00 00 00 00 00   ................
0030  00 00 00 00 4a                                    ....J
USB Control (24 bytes):
0000  09 08 02 01 00 11 00 08 03 00 00 00 00 00 00 00   ................
0010  00 00 00 00 00 00 00 4a                           .......J

Packet (53 bytes):
0000  1c 00 20 ea b5 85 03 ad ff ff 00 00 00 00 1b 00   .. .............
0010  00 01 00 01 00 00 02 19 00 00 00 00 21 09 08 02   ............!...
0020  01 00 11 00 08 07 00 00 0c 04 a9 a9 00 03 00 00   ................
0030  00 00 00 00 e1                                    .....
USB Control (24 bytes):
0000  09 08 02 01 00 11 00 08 07 00 00 0c 04 a9 a9 00   ................
0010  03 00 00 00 00 00 00 e1                           ........

Packet (53 bytes):
0000  1c 00 60 34 f7 80 03 ad ff ff 00 00 00 00 1b 00   ..`4............
0010  00 01 00 01 00 00 02 19 00 00 00 00 21 09 08 02   ............!...
0020  01 00 11 00 08 03 00 00 00 00 00 00 00 00 00 00   ................
0030  00 00 00 00 4a                                    ....J
USB Control (24 bytes):
0000  09 08 02 01 00 11 00 08 03 00 00 00 00 00 00 00   ................
0010  00 00 00 00 00 00 00 4a                           .......J

Packet (53 bytes):
0000  1c 00 10 20 23 7f 03 ad ff ff 00 00 00 00 1b 00   ... #...........
0010  00 01 00 01 00 00 02 19 00 00 00 00 21 09 08 02   ............!...
0020  01 00 11 00 08 04 00 00 00 00 00 00 00 00 00 00   ................
0030  00 00 00 00 49                                    ....I
USB Control (24 bytes):
0000  09 08 02 01 00 11 00 08 04 00 00 00 00 00 00 00   ................
0010  00 00 00 00 00 00 00 49                           .......I

Packet (53 bytes):
0000  1c 00 a0 18 b9 7e 03 ad ff ff 00 00 00 00 1b 00   .....~..........
0010  00 01 00 01 00 00 02 19 00 00 00 00 21 09 08 02   ............!...
0020  01 00 11 00 08 03 00 00 00 00 00 00 00 00 00 00   ................
0030  00 00 00 00 4a                                    ....J
USB Control (24 bytes):
0000  09 08 02 01 00 11 00 08 03 00 00 00 00 00 00 00   ................
0010  00 00 00 00 00 00 00 4a                           .......J

Packet (53 bytes):
0000  1c 00 60 34 f7 80 03 ad ff ff 00 00 00 00 1b 00   ..`4............
0010  00 01 00 01 00 00 02 19 00 00 00 00 21 09 08 02   ............!...
0020  01 00 11 00 08 07 00 00 0c 04 aa aa 00 01 00 00   ................
0030  00 00 00 00 e1                                    .....
USB Control (24 bytes):
0000  09 08 02 01 00 11 00 08 07 00 00 0c 04 aa aa 00   ................
0010  01 00 00 00 00 00 00 e1                           ........

Packet (53 bytes):
0000  1c 00 10 20 23 7f 03 ad ff ff 00 00 00 00 1b 00   ... #...........
0010  00 01 00 01 00 00 02 19 00 00 00 00 21 09 08 02   ............!...
0020  01 00 11 00 08 03 00 00 00 00 00 00 00 00 00 00   ................
0030  00 00 00 00 4a                                    ....J
USB Control (24 bytes):
0000  09 08 02 01 00 11 00 08 03 00 00 00 00 00 00 00   ................
0010  00 00 00 00 00 00 00 4a                           .......J

Packet (53 bytes):
0000  1c 00 b0 c9 9e 85 03 ad ff ff 00 00 00 00 1b 00   ................
0010  00 01 00 01 00 00 02 19 00 00 00 00 21 09 08 02   ............!...
0020  01 00 11 00 08 07 00 00 0c 04 ab ab 00 ff 00 00   ................
0030  00 00 00 00 e1                                    .....
USB Control (24 bytes):
0000  09 08 02 01 00 11 00 08 07 00 00 0c 04 ab ab 00   ................
0010  ff 00 00 00 00 00 00 e1                           ........

Packet (53 bytes):
0000  1c 00 b0 c9 9e 85 03 ad ff ff 00 00 00 00 1b 00   ................
0010  00 01 00 01 00 00 02 19 00 00 00 00 21 09 08 02   ............!...
0020  01 00 11 00 08 03 00 00 00 00 00 00 00 00 00 00   ................
0030  00 00 00 00 4a                                    ....J
USB Control (24 bytes):
0000  09 08 02 01 00 11 00 08 03 00 00 00 00 00 00 00   ................
0010  00 00 00 00 00 00 00 4a                           .......J

Packet (53 bytes):
0000  1c 00 20 ea b5 85 03 ad ff ff 00 00 00 00 1b 00   .. .............
0010  00 01 00 01 00 00 02 19 00 00 00 00 21 09 08 02   ............!...
0020  01 00 11 00 08 07 00 00 0c 04 ac ac 00 fd 00 00   ................
0030  00 00 00 00 e1                                    .....
USB Control (24 bytes):
0000  09 08 02 01 00 11 00 08 07 00 00 0c 04 ac ac 00   ................
0010  fd 00 00 00 00 00 00 e1                           ........

Packet (53 bytes):
0000  1c 00 b0 b2 69 81 03 ad ff ff 00 00 00 00 1b 00   ....i...........
0010  00 01 00 01 00 00 02 19 00 00 00 00 21 09 08 02   ............!...
0020  01 00 11 00 08 03 00 00 00 00 00 00 00 00 00 00   ................
0030  00 00 00 00 4a                                    ....J
USB Control (24 bytes):
0000  09 08 02 01 00 11 00 08 03 00 00 00 00 00 00 00   ................
0010  00 00 00 00 00 00 00 4a                           .......J

Packet (53 bytes):
0000  1c 00 b0 c9 9e 85 03 ad ff ff 00 00 00 00 1b 00   ................
0010  00 01 00 01 00 00 02 19 00 00 00 00 21 09 08 02   ............!...
0020  01 00 11 00 08 07 00 00 0c 04 ad ad 00 fb 00 00   ................
0030  00 00 00 00 e1                                    .....
USB Control (24 bytes):
0000  09 08 02 01 00 11 00 08 07 00 00 0c 04 ad ad 00   ................
0010  fb 00 00 00 00 00 00 e1                           ........

Packet (53 bytes):
0000  1c 00 20 ea b5 85 03 ad ff ff 00 00 00 00 1b 00   .. .............
0010  00 01 00 01 00 00 02 19 00 00 00 00 21 09 08 02   ............!...
0020  01 00 11 00 08 03 00 00 00 00 00 00 00 00 00 00   ................
0030  00 00 00 00 4a                                    ....J
USB Control (24 bytes):
0000  09 08 02 01 00 11 00 08 03 00 00 00 00 00 00 00   ................
0010  00 00 00 00 00 00 00 4a                           .......J

Packet (53 bytes):
0000  1c 00 b0 c9 9e 85 03 ad ff ff 00 00 00 00 1b 00   ................
0010  00 01 00 01 00 00 02 19 00 00 00 00 21 09 08 02   ............!...
0020  01 00 11 00 08 07 00 00 0c 04 ae ae 00 f9 00 00   ................
0030  00 00 00 00 e1                                    .....
USB Control (24 bytes):
0000  09 08 02 01 00 11 00 08 07 00 00 0c 04 ae ae 00   ................
0010  f9 00 00 00 00 00 00 e1                           ........

Packet (53 bytes):
0000  1c 00 10 f0 b5 85 03 ad ff ff 00 00 00 00 1b 00   ................
0010  00 01 00 01 00 00 02 19 00 00 00 00 21 09 08 02   ............!...
0020  01 00 11 00 08 03 00 00 00 00 00 00 00 00 00 00   ................
0030  00 00 00 00 4a                                    ....J
USB Control (24 bytes):
0000  09 08 02 01 00 11 00 08 03 00 00 00 00 00 00 00   ................
0010  00 00 00 00 00 00 00 4a                           .......J

Packet (53 bytes):
0000  1c 00 20 ea b5 85 03 ad ff ff 00 00 00 00 1b 00   .. .............
0010  00 01 00 01 00 00 02 19 00 00 00 00 21 09 08 02   ............!...
0020  01 00 11 00 08 07 00 00 0c 04 af af 00 f7 00 00   ................
0030  00 00 00 00 e1                                    .....
USB Control (24 bytes):
0000  09 08 02 01 00 11 00 08 07 00 00 0c 04 af af 00   ................
0010  f7 00 00 00 00 00 00 e1                           ........

Packet (53 bytes):
0000  1c 00 10 c0 9e 85 03 ad ff ff 00 00 00 00 1b 00   ................
0010  00 01 00 01 00 00 02 19 00 00 00 00 21 09 08 02   ............!...
0020  01 00 11 00 08 03 00 00 00 00 00 00 00 00 00 00   ................
0030  00 00 00 00 4a                                    ....J
USB Control (24 bytes):
0000  09 08 02 01 00 11 00 08 03 00 00 00 00 00 00 00   ................
0010  00 00 00 00 00 00 00 4a                           .......J

Packet (53 bytes):
0000  1c 00 60 34 f7 80 03 ad ff ff 00 00 00 00 1b 00   ..`4............
0010  00 01 00 01 00 00 02 19 00 00 00 00 21 09 08 02   ............!...
0020  01 00 11 00 08 07 00 00 0c 04 b0 b0 00 f5 00 00   ................
0030  00 00 00 00 e1                                    .....
USB Control (24 bytes):
0000  09 08 02 01 00 11 00 08 07 00 00 0c 04 b0 b0 00   ................
0010  f5 00 00 00 00 00 00 e1                           ........

Packet (53 bytes):
0000  1c 00 10 d0 9e 85 03 ad ff ff 00 00 00 00 1b 00   ................
0010  00 01 00 01 00 00 02 19 00 00 00 00 21 09 08 02   ............!...
0020  01 00 11 00 08 03 00 00 00 00 00 00 00 00 00 00   ................
0030  00 00 00 00 4a                                    ....J
USB Control (24 bytes):
0000  09 08 02 01 00 11 00 08 03 00 00 00 00 00 00 00   ................
0010  00 00 00 00 00 00 00 4a                           .......J

Packet (53 bytes):
0000  1c 00 b0 c9 9e 85 03 ad ff ff 00 00 00 00 1b 00   ................
0010  00 01 00 01 00 00 02 19 00 00 00 00 21 09 08 02   ............!...
0020  01 00 11 00 08 07 00 00 0c 04 b1 b1 00 f3 00 00   ................
0030  00 00 00 00 e1                                    .....
USB Control (24 bytes):
0000  09 08 02 01 00 11 00 08 07 00 00 0c 04 b1 b1 00   ................
0010  f3 00 00 00 00 00 00 e1                           ........

Packet (53 bytes):
0000  1c 00 20 ea b5 85 03 ad ff ff 00 00 00 00 1b 00   .. .............
0010  00 01 00 01 00 00 02 19 00 00 00 00 21 09 08 02   ............!...
0020  01 00 11 00 08 03 00 00 00 00 00 00 00 00 00 00   ................
0030  00 00 00 00 4a                                    ....J
USB Control (24 bytes):
0000  09 08 02 01 00 11 00 08 03 00 00 00 00 00 00 00   ................
0010  00 00 00 00 00 00 00 4a                           .......J

Packet (53 bytes):
0000  1c 00 10 10 9e 86 03 ad ff ff 00 00 00 00 1b 00   ................
0010  00 01 00 01 00 00 02 19 00 00 00 00 21 09 08 02   ............!...
0020  01 00 11 00 08 04 00 00 00 00 00 00 00 00 00 00   ................
0030  00 00 00 00 49                                    ....I
USB Control (24 bytes):
0000  09 08 02 01 00 11 00 08 04 00 00 00 00 00 00 00   ................
0010  00 00 00 00 00 00 00 49                           .......I

Packet (53 bytes):
0000  1c 00 10 d0 9e 85 03 ad ff ff 00 00 00 00 1b 00   ................
0010  00 01 00 01 00 00 02 19 00 00 00 00 21 09 08 02   ............!...
0020  01 00 11 00 08 03 00 00 00 00 00 00 00 00 00 00   ................
0030  00 00 00 00 4a                                    ....J
USB Control (24 bytes):
0000  09 08 02 01 00 11 00 08 03 00 00 00 00 00 00 00   ................
0010  00 00 00 00 00 00 00 4a                           .......J

Packet (53 bytes):
0000  1c 00 60 34 f7 80 03 ad ff ff 00 00 00 00 1b 00   ..`4............
0010  00 01 00 01 00 00 02 19 00 00 00 00 21 09 08 02   ............!...
0020  01 00 11 00 08 07 00 00 0c 04 b2 b2 00 f1 00 00   ................
0030  00 00 00 00 e1                                    .....
USB Control (24 bytes):
0000  09 08 02 01 00 11 00 08 07 00 00 0c 04 b2 b2 00   ................
0010  f1 00 00 00 00 00 00 e1                           ........

Packet (53 bytes):
0000  1c 00 b0 c9 9e 85 03 ad ff ff 00 00 00 00 1b 00   ................
0010  00 01 00 01 00 00 02 19 00 00 00 00 21 09 08 02   ............!...
0020  01 00 11 00 08 03 00 00 00 00 00 00 00 00 00 00   ................
0030  00 00 00 00 4a                                    ....J
USB Control (24 bytes):
0000  09 08 02 01 00 11 00 08 03 00 00 00 00 00 00 00   ................
0010  00 00 00 00 00 00 00 4a                           .......J

Packet (53 bytes):
0000  1c 00 20 ea b5 85 03 ad ff ff 00 00 00 00 1b 00   .. .............
0010  00 01 00 01 00 00 02 19 00 00 00 00 21 09 08 02   ............!...
0020  01 00 11 00 08 07 00 00 0c 04 b3 b3 00 ef 00 00   ................
0030  00 00 00 00 e1                                    .....
USB Control (24 bytes):
0000  09 08 02 01 00 11 00 08 07 00 00 0c 04 b3 b3 00   ................
0010  ef 00 00 00 00 00 00 e1                           ........

Packet (53 bytes):
0000  1c 00 10 c0 9e 85 03 ad ff ff 00 00 00 00 1b 00   ................
0010  00 01 00 01 00 00 02 19 00 00 00 00 21 09 08 02   ............!...
0020  01 00 11 00 08 03 00 00 00 00 00 00 00 00 00 00   ................
0030  00 00 00 00 4a                                    ....J
USB Control (24 bytes):
0000  09 08 02 01 00 11 00 08 03 00 00 00 00 00 00 00   ................
0010  00 00 00 00 00 00 00 4a                           .......J

Packet (53 bytes):
0000  1c 00 b0 c9 9e 85 03 ad ff ff 00 00 00 00 1b 00   ................
0010  00 01 00 01 00 00 02 19 00 00 00 00 21 09 08 02   ............!...
0020  01 00 11 00 08 07 00 00 0c 04 b4 b4 00 ed 00 00   ................
0030  00 00 00 00 e1                                    .....
USB Control (24 bytes):
0000  09 08 02 01 00 11 00 08 07 00 00 0c 04 b4 b4 00   ................
0010  ed 00 00 00 00 00 00 e1                           ........

Packet (53 bytes):
0000  1c 00 a0 18 b9 7e 03 ad ff ff 00 00 00 00 1b 00   .....~..........
0010  00 01 00 01 00 00 02 19 00 00 00 00 21 09 08 02   ............!...
0020  01 00 11 00 08 03 00 00 00 00 00 00 00 00 00 00   ................
0030  00 00 00 00 4a                                    ....J
USB Control (24 bytes):
0000  09 08 02 01 00 11 00 08 03 00 00 00 00 00 00 00   ................
0010  00 00 00 00 00 00 00 4a                           .......J

Packet (53 bytes):
0000  1c 00 b0 c9 9e 85 03 ad ff ff 00 00 00 00 1b 00   ................
0010  00 01 00 01 00 00 02 19 00 00 00 00 21 09 08 02   ............!...
0020  01 00 11 00 08 07 00 00 0c 04 b5 b5 00 eb 00 00   ................
0030  00 00 00 00 e1                                    .....
USB Control (24 bytes):
0000  09 08 02 01 00 11 00 08 07 00 00 0c 04 b5 b5 00   ................
0010  eb 00 00 00 00 00 00 e1                           ........

Packet (53 bytes):
0000  1c 00 e0 f4 9e 85 03 ad ff ff 00 00 00 00 1b 00   ................
0010  00 01 00 01 00 00 02 19 00 00 00 00 21 09 08 02   ............!...
0020  01 00 11 00 08 03 00 00 00 00 00 00 00 00 00 00   ................
0030  00 00 00 00 4a                                    ....J
USB Control (24 bytes):
0000  09 08 02 01 00 11 00 08 03 00 00 00 00 00 00 00   ................
0010  00 00 00 00 00 00 00 4a                           .......J

Packet (53 bytes):
0000  1c 00 10 c0 9e 85 03 ad ff ff 00 00 00 00 1b 00   ................
0010  00 01 00 01 00 00 02 19 00 00 00 00 21 09 08 02   ............!...
0020  01 00 11 00 08 07 00 00 0c 04 b6 b6 00 e9 00 00   ................
0030  00 00 00 00 e1                                    .....
USB Control (24 bytes):
0000  09 08 02 01 00 11 00 08 07 00 00 0c 04 b6 b6 00   ................
0010  e9 00 00 00 00 00 00 e1                           ........

Packet (53 bytes):
0000  1c 00 e0 d4 9e 85 03 ad ff ff 00 00 00 00 1b 00   ................
0010  00 01 00 01 00 00 02 19 00 00 00 00 21 09 08 02   ............!...
0020  01 00 11 00 08 03 00 00 00 00 00 00 00 00 00 00   ................
0030  00 00 00 00 4a                                    ....J
USB Control (24 bytes):
0000  09 08 02 01 00 11 00 08 03 00 00 00 00 00 00 00   ................
0010  00 00 00 00 00 00 00 4a                           .......J

Packet (53 bytes):
0000  1c 00 b0 c9 9e 85 03 ad ff ff 00 00 00 00 1b 00   ................
0010  00 01 00 01 00 00 02 19 00 00 00 00 21 09 08 02   ............!...
0020  01 00 11 00 08 07 00 00 0c 04 b7 b7 00 e7 00 00   ................
0030  00 00 00 00 e1                                    .....
USB Control (24 bytes):
0000  09 08 02 01 00 11 00 08 07 00 00 0c 04 b7 b7 00   ................
0010  e7 00 00 00 00 00 00 e1                           ........

Packet (53 bytes):
0000  1c 00 20 ea b5 85 03 ad ff ff 00 00 00 00 1b 00   .. .............
0010  00 01 00 01 00 00 02 19 00 00 00 00 21 09 08 02   ............!...
0020  01 00 11 00 08 03 00 00 00 00 00 00 00 00 00 00   ................
0030  00 00 00 00 4a                                    ....J
USB Control (24 bytes):
0000  09 08 02 01 00 11 00 08 03 00 00 00 00 00 00 00   ................
0010  00 00 00 00 00 00 00 4a                           .......J

Packet (53 bytes):
0000  1c 00 10 c0 9e 85 03 ad ff ff 00 00 00 00 1b 00   ................
0010  00 01 00 01 00 00 02 19 00 00 00 00 21 09 08 02   ............!...
0020  01 00 11 00 08 04 00 00 00 00 00 00 00 00 00 00   ................
0030  00 00 00 00 49                                    ....I
USB Control (24 bytes):
0000  09 08 02 01 00 11 00 08 04 00 00 00 00 00 00 00   ................
0010  00 00 00 00 00 00 00 49                           .......I

Packet (53 bytes):
0000  1c 00 b0 b2 69 81 03 ad ff ff 00 00 00 00 1b 00   ....i...........
0010  00 01 00 01 00 00 02 19 00 00 00 00 21 09 08 02   ............!...
0020  01 00 11 00 08 03 00 00 00 00 00 00 00 00 00 00   ................
0030  00 00 00 00 4a                                    ....J
USB Control (24 bytes):
0000  09 08 02 01 00 11 00 08 03 00 00 00 00 00 00 00   ................
0010  00 00 00 00 00 00 00 4a                           .......J

Packet (53 bytes):
0000  1c 00 20 ea b5 85 03 ad ff ff 00 00 00 00 1b 00   .. .............
0010  00 01 00 01 00 00 02 19 00 00 00 00 21 09 08 02   ............!...
0020  01 00 11 00 08 07 00 00 0c 04 b8 b8 00 e5 00 00   ................
0030  00 00 00 00 e1                                    .....
USB Control (24 bytes):
0000  09 08 02 01 00 11 00 08 07 00 00 0c 04 b8 b8 00   ................
0010  e5 00 00 00 00 00 00 e1                           ........

Packet (53 bytes):
0000  1c 00 10 d0 9e 85 03 ad ff ff 00 00 00 00 1b 00   ................
0010  00 01 00 01 00 00 02 19 00 00 00 00 21 09 08 02   ............!...
0020  01 00 11 00 08 03 00 00 00 00 00 00 00 00 00 00   ................
0030  00 00 00 00 4a                                    ....J
USB Control (24 bytes):
0000  09 08 02 01 00 11 00 08 03 00 00 00 00 00 00 00   ................
0010  00 00 00 00 00 00 00 4a                           .......J

Packet (53 bytes):
0000  1c 00 b0 c9 9e 85 03 ad ff ff 00 00 00 00 1b 00   ................
0010  00 01 00 01 00 00 02 19 00 00 00 00 21 09 08 02   ............!...
0020  01 00 11 00 08 07 00 00 0c 04 b9 b9 00 e3 00 00   ................
0030  00 00 00 00 e1                                    .....
USB Control (24 bytes):
0000  09 08 02 01 00 11 00 08 07 00 00 0c 04 b9 b9 00   ................
0010  e3 00 00 00 00 00 00 e1                           ........

Packet (53 bytes):
0000  1c 00 20 ea b5 85 03 ad ff ff 00 00 00 00 1b 00   .. .............
0010  00 01 00 01 00 00 02 19 00 00 00 00 21 09 08 02   ............!...
0020  01 00 11 00 08 03 00 00 00 00 00 00 00 00 00 00   ................
0030  00 00 00 00 4a                                    ....J
USB Control (24 bytes):
0000  09 08 02 01 00 11 00 08 03 00 00 00 00 00 00 00   ................
0010  00 00 00 00 00 00 00 4a                           .......J

Packet (53 bytes):
0000  1c 00 b0 c9 9e 85 03 ad ff ff 00 00 00 00 1b 00   ................
0010  00 01 00 01 00 00 02 19 00 00 00 00 21 09 08 02   ............!...
0020  01 00 11 00 08 07 00 00 0c 04 ba ba 00 e1 00 00   ................
0030  00 00 00 00 e1                                    .....
USB Control (24 bytes):
0000  09 08 02 01 00 11 00 08 07 00 00 0c 04 ba ba 00   ................
0010  e1 00 00 00 00 00 00 e1                           ........

Packet (53 bytes):
0000  1c 00 00 bb 9e 85 03 ad ff ff 00 00 00 00 1b 00   ................
0010  00 01 00 01 00 00 02 19 00 00 00 00 21 09 08 02   ............!...
0020  01 00 11 00 08 03 00 00 00 00 00 00 00 00 00 00   ................
0030  00 00 00 00 4a                                    ....J
USB Control (24 bytes):
0000  09 08 02 01 00 11 00 08 03 00 00 00 00 00 00 00   ................
0010  00 00 00 00 00 00 00 4a                           .......J

Packet (53 bytes):
0000  1c 00 b0 c9 9e 85 03 ad ff ff 00 00 00 00 1b 00   ................
0010  00 01 00 01 00 00 02 19 00 00 00 00 21 09 08 02   ............!...
0020  01 00 11 00 08 07 00 00 0c 04 bb bb 00 df 00 00   ................
0030  00 00 00 00 e1                                    .....
USB Control (24 bytes):
0000  09 08 02 01 00 11 00 08 07 00 00 0c 04 bb bb 00   ................
0010  df 00 00 00 00 00 00 e1                           ........

Packet (53 bytes):
0000  1c 00 60 34 f7 80 03 ad ff ff 00 00 00 00 1b 00   ..`4............
0010  00 01 00 01 00 00 02 19 00 00 00 00 21 09 08 02   ............!...
0020  01 00 11 00 08 03 00 00 00 00 00 00 00 00 00 00   ................
0030  00 00 00 00 4a                                    ....J
USB Control (24 bytes):
0000  09 08 02 01 00 11 00 08 03 00 00 00 00 00 00 00   ................
0010  00 00 00 00 00 00 00 4a                           .......J

Packet (53 bytes):
0000  1c 00 b0 d9 9e 85 03 ad ff ff 00 00 00 00 1b 00   ................
0010  00 01 00 01 00 00 02 19 00 00 00 00 21 09 08 02   ............!...
0020  01 00 11 00 08 07 00 00 0c 04 bc bc 00 dd 00 00   ................
0030  00 00 00 00 e1                                    .....
USB Control (24 bytes):
0000  09 08 02 01 00 11 00 08 07 00 00 0c 04 bc bc 00   ................
0010  dd 00 00 00 00 00 00 e1                           ........

Packet (53 bytes):
0000  1c 00 10 d0 9e 85 03 ad ff ff 00 00 00 00 1b 00   ................
0010  00 01 00 01 00 00 02 19 00 00 00 00 21 09 08 02   ............!...
0020  01 00 11 00 08 03 00 00 00 00 00 00 00 00 00 00   ................
0030  00 00 00 00 4a                                    ....J
USB Control (24 bytes):
0000  09 08 02 01 00 11 00 08 03 00 00 00 00 00 00 00   ................
0010  00 00 00 00 00 00 00 4a                           .......J

Packet (53 bytes):
0000  1c 00 10 c0 9e 85 03 ad ff ff 00 00 00 00 1b 00   ................
0010  00 01 00 01 00 00 02 19 00 00 00 00 21 09 08 02   ............!...
0020  01 00 11 00 08 07 00 00 0c 04 bd bd 00 db 00 00   ................
0030  00 00 00 00 e1                                    .....
USB Control (24 bytes):
0000  09 08 02 01 00 11 00 08 07 00 00 0c 04 bd bd 00   ................
0010  db 00 00 00 00 00 00 e1                           ........

Packet (53 bytes):
0000  1c 00 b0 b2 69 81 03 ad ff ff 00 00 00 00 1b 00   ....i...........
0010  00 01 00 01 00 00 02 19 00 00 00 00 21 09 08 02   ............!...
0020  01 00 11 00 08 03 00 00 00 00 00 00 00 00 00 00   ................
0030  00 00 00 00 4a                                    ....J
USB Control (24 bytes):
0000  09 08 02 01 00 11 00 08 03 00 00 00 00 00 00 00   ................
0010  00 00 00 00 00 00 00 4a                           .......J

Packet (53 bytes):
0000  1c 00 10 10 9e 86 03 ad ff ff 00 00 00 00 1b 00   ................
0010  00 01 00 01 00 00 02 19 00 00 00 00 21 09 08 02   ............!...
0020  01 00 11 00 08 07 00 00 0c 04 be be 00 d9 00 00   ................
0030  00 00 00 00 e1                                    .....
USB Control (24 bytes):
0000  09 08 02 01 00 11 00 08 07 00 00 0c 04 be be 00   ................
0010  d9 00 00 00 00 00 00 e1                           ........

Packet (53 bytes):
0000  1c 00 10 10 9e 86 03 ad ff ff 00 00 00 00 1b 00   ................
0010  00 01 00 01 00 00 02 19 00 00 00 00 21 09 08 02   ............!...
0020  01 00 11 00 08 03 00 00 00 00 00 00 00 00 00 00   ................
0030  00 00 00 00 4a                                    ....J
USB Control (24 bytes):
0000  09 08 02 01 00 11 00 08 03 00 00 00 00 00 00 00   ................
0010  00 00 00 00 00 00 00 4a                           .......J

Packet (53 bytes):
0000  1c 00 b0 d9 9e 85 03 ad ff ff 00 00 00 00 1b 00   ................
0010  00 01 00 01 00 00 02 19 00 00 00 00 21 09 08 02   ............!...
0020  01 00 11 00 08 07 00 00 0c 04 bf bf 00 d7 00 00   ................
0030  00 00 00 00 e1                                    .....
USB Control (24 bytes):
0000  09 08 02 01 00 11 00 08 07 00 00 0c 04 bf bf 00   ................
0010  d7 00 00 00 00 00 00 e1                           ........

Packet (53 bytes):
0000  1c 00 e0 f4 9e 85 03 ad ff ff 00 00 00 00 1b 00   ................
0010  00 01 00 01 00 00 02 19 00 00 00 00 21 09 08 02   ............!...
0020  01 00 11 00 08 03 00 00 00 00 00 00 00 00 00 00   ................
0030  00 00 00 00 4a                                    ....J
USB Control (24 bytes):
0000  09 08 02 01 00 11 00 08 03 00 00 00 00 00 00 00   ................
0010  00 00 00 00 00 00 00 4a                           .......J

Packet (53 bytes):
0000  1c 00 10 c0 9e 85 03 ad ff ff 00 00 00 00 1b 00   ................
0010  00 01 00 01 00 00 02 19 00 00 00 00 21 09 08 02   ............!...
0020  01 00 11 00 08 07 00 00 0c 04 c0 c0 00 d5 00 00   ................
0030  00 00 00 00 e1                                    .....
USB Control (24 bytes):
0000  09 08 02 01 00 11 00 08 07 00 00 0c 04 c0 c0 00   ................
0010  d5 00 00 00 00 00 00 e1                           ........

Packet (53 bytes):
0000  1c 00 60 34 f7 80 03 ad ff ff 00 00 00 00 1b 00   ..`4............
0010  00 01 00 01 00 00 02 19 00 00 00 00 21 09 08 02   ............!...
0020  01 00 11 00 08 03 00 00 00 00 00 00 00 00 00 00   ................
0030  00 00 00 00 4a                                    ....J
USB Control (24 bytes):
0000  09 08 02 01 00 11 00 08 03 00 00 00 00 00 00 00   ................
0010  00 00 00 00 00 00 00 4a                           .......J

Packet (53 bytes):
0000  1c 00 10 f0 b5 85 03 ad ff ff 00 00 00 00 1b 00   ................
0010  00 01 00 01 00 00 02 19 00 00 00 00 21 09 08 02   ............!...
0020  01 00 11 00 08 04 00 00 00 00 00 00 00 00 00 00   ................
0030  00 00 00 00 49                                    ....I
USB Control (24 bytes):
0000  09 08 02 01 00 11 00 08 04 00 00 00 00 00 00 00   ................
0010  00 00 00 00 00 00 00 49                           .......I

Packet (53 bytes):
0000  1c 00 e0 ea 93 7e 03 ad ff ff 00 00 00 00 1b 00   .....~..........
0010  00 01 00 01 00 00 02 19 00 00 00 00 21 09 08 02   ............!...
0020  01 00 11 00 08 03 00 00 00 00 00 00 00 00 00 00   ................
0030  00 00 00 00 4a                                    ....J
USB Control (24 bytes):
0000  09 08 02 01 00 11 00 08 03 00 00 00 00 00 00 00   ................
0010  00 00 00 00 00 00 00 4a                           .......J

Packet (53 bytes):
0000  1c 00 10 c0 9e 85 03 ad ff ff 00 00 00 00 1b 00   ................
0010  00 01 00 01 00 00 02 19 00 00 00 00 21 09 08 02   ............!...
0020  01 00 11 00 08 07 00 00 0c 04 c1 c1 00 d3 00 00   ................
0030  00 00 00 00 e1                                    .....
USB Control (24 bytes):
0000  09 08 02 01 00 11 00 08 07 00 00 0c 04 c1 c1 00   ................
0010  d3 00 00 00 00 00 00 e1                           ........

Packet (53 bytes):
0000  1c 00 00 bb 9e 85 03 ad ff ff 00 00 00 00 1b 00   ................
0010  00 01 00 01 00 00 02 19 00 00 00 00 21 09 08 02   ............!...
0020  01 00 11 00 08 03 00 00 00 00 00 00 00 00 00 00   ................
0030  00 00 00 00 4a                                    ....J
USB Control (24 bytes):
0000  09 08 02 01 00 11 00 08 03 00 00 00 00 00 00 00   ................
0010  00 00 00 00 00 00 00 4a                           .......J

Packet (53 bytes):
0000  1c 00 10 c0 9e 85 03 ad ff ff 00 00 00 00 1b 00   ................
0010  00 01 00 01 00 00 02 19 00 00 00 00 21 09 08 02   ............!...
0020  01 00 11 00 08 07 00 00 0c 04 c2 c2 00 d1 00 00   ................
0030  00 00 00 00 e1                                    .....
USB Control (24 bytes):
0000  09 08 02 01 00 11 00 08 07 00 00 0c 04 c2 c2 00   ................
0010  d1 00 00 00 00 00 00 e1                           ........

Packet (53 bytes):
0000  1c 00 10 d0 9e 85 03 ad ff ff 00 00 00 00 1b 00   ................
0010  00 01 00 01 00 00 02 19 00 00 00 00 21 09 08 02   ............!...
0020  01 00 11 00 08 03 00 00 00 00 00 00 00 00 00 00   ................
0030  00 00 00 00 4a                                    ....J
USB Control (24 bytes):
0000  09 08 02 01 00 11 00 08 03 00 00 00 00 00 00 00   ................
0010  00 00 00 00 00 00 00 4a                           .......J

Packet (53 bytes):
0000  1c 00 10 10 9e 86 03 ad ff ff 00 00 00 00 1b 00   ................
0010  00 01 00 01 00 00 02 19 00 00 00 00 21 09 08 02   ............!...
0020  01 00 11 00 08 07 00 00 0c 04 c3 c3 00 cf 00 00   ................
0030  00 00 00 00 e1                                    .....
USB Control (24 bytes):
0000  09 08 02 01 00 11 00 08 07 00 00 0c 04 c3 c3 00   ................
0010  cf 00 00 00 00 00 00 e1                           ........

Packet (53 bytes):
0000  1c 00 b0 d9 9e 85 03 ad ff ff 00 00 00 00 1b 00   ................
0010  00 01 00 01 00 00 02 19 00 00 00 00 21 09 08 02   ............!...
0020  01 00 11 00 08 03 00 00 00 00 00 00 00 00 00 00   ................
0030  00 00 00 00 4a                                    ....J
USB Control (24 bytes):
0000  09 08 02 01 00 11 00 08 03 00 00 00 00 00 00 00   ................
0010  00 00 00 00 00 00 00 4a                           .......J

Packet (53 bytes):
0000  1c 00 10 c0 9e 85 03 ad ff ff 00 00 00 00 1b 00   ................
0010  00 01 00 01 00 00 02 19 00 00 00 00 21 09 08 02   ............!...
0020  01 00 11 00 08 07 00 00 0c 04 c4 c4 00 cd 00 00   ................
0030  00 00 00 00 e1                                    .....
USB Control (24 bytes):
0000  09 08 02 01 00 11 00 08 07 00 00 0c 04 c4 c4 00   ................
0010  cd 00 00 00 00 00 00 e1                           ........

Packet (53 bytes):
0000  1c 00 e0 f4 9e 85 03 ad ff ff 00 00 00 00 1b 00   ................
0010  00 01 00 01 00 00 02 19 00 00 00 00 21 09 08 02   ............!...
0020  01 00 11 00 08 03 00 00 00 00 00 00 00 00 00 00   ................
0030  00 00 00 00 4a                                    ....J
USB Control (24 bytes):
0000  09 08 02 01 00 11 00 08 03 00 00 00 00 00 00 00   ................
0010  00 00 00 00 00 00 00 4a                           .......J

Packet (53 bytes):
0000  1c 00 20 ea b5 85 03 ad ff ff 00 00 00 00 1b 00   .. .............
0010  00 01 00 01 00 00 02 19 00 00 00 00 21 09 08 02   ............!...
0020  01 00 11 00 08 07 00 00 0c 04 c5 c5 00 cb 00 00   ................
0030  00 00 00 00 e1                                    .....
USB Control (24 bytes):
0000  09 08 02 01 00 11 00 08 07 00 00 0c 04 c5 c5 00   ................
0010  cb 00 00 00 00 00 00 e1                           ........

Packet (53 bytes):
0000  1c 00 00 bb 9e 85 03 ad ff ff 00 00 00 00 1b 00   ................
0010  00 01 00 01 00 00 02 19 00 00 00 00 21 09 08 02   ............!...
0020  01 00 11 00 08 03 00 00 00 00 00 00 00 00 00 00   ................
0030  00 00 00 00 4a                                    ....J
USB Control (24 bytes):
0000  09 08 02 01 00 11 00 08 03 00 00 00 00 00 00 00   ................
0010  00 00 00 00 00 00 00 4a                           .......J

Packet (53 bytes):
0000  1c 00 00 bb 9e 85 03 ad ff ff 00 00 00 00 1b 00   ................
0010  00 01 00 01 00 00 02 19 00 00 00 00 21 09 08 02   ............!...
0020  01 00 11 00 08 07 00 00 0c 04 c6 c6 00 c9 00 00   ................
0030  00 00 00 00 e1                                    .....
USB Control (24 bytes):
0000  09 08 02 01 00 11 00 08 07 00 00 0c 04 c6 c6 00   ................
0010  c9 00 00 00 00 00 00 e1                           ........

Packet (53 bytes):
0000  1c 00 b0 b2 69 81 03 ad ff ff 00 00 00 00 1b 00   ....i...........
0010  00 01 00 01 00 00 02 19 00 00 00 00 21 09 08 02   ............!...
0020  01 00 11 00 08 03 00 00 00 00 00 00 00 00 00 00   ................
0030  00 00 00 00 4a                                    ....J
USB Control (24 bytes):
0000  09 08 02 01 00 11 00 08 03 00 00 00 00 00 00 00   ................
0010  00 00 00 00 00 00 00 4a                           .......J

Packet (53 bytes):
0000  1c 00 10 f0 b5 85 03 ad ff ff 00 00 00 00 1b 00   ................
0010  00 01 00 01 00 00 02 19 00 00 00 00 21 09 08 02   ............!...
0020  01 00 11 00 08 07 00 00 0c 04 c7 c7 00 c7 00 00   ................
0030  00 00 00 00 e1                                    .....
USB Control (24 bytes):
0000  09 08 02 01 00 11 00 08 07 00 00 0c 04 c7 c7 00   ................
0010  c7 00 00 00 00 00 00 e1                           ........

Packet (53 bytes):
0000  1c 00 b0 d9 9e 85 03 ad ff ff 00 00 00 00 1b 00   ................
0010  00 01 00 01 00 00 02 19 00 00 00 00 21 09 08 02   ............!...
0020  01 00 11 00 08 03 00 00 00 00 00 00 00 00 00 00   ................
0030  00 00 00 00 4a                                    ....J
USB Control (24 bytes):
0000  09 08 02 01 00 11 00 08 03 00 00 00 00 00 00 00   ................
0010  00 00 00 00 00 00 00 4a                           .......J

Packet (53 bytes):
0000  1c 00 20 ea b5 85 03 ad ff ff 00 00 00 00 1b 00   .. .............
0010  00 01 00 01 00 00 02 19 00 00 00 00 21 09 08 02   ............!...
0020  01 00 11 00 08 07 00 00 0c 04 c8 c8 00 c5 00 00   ................
0030  00 00 00 00 e1                                    .....
USB Control (24 bytes):
0000  09 08 02 01 00 11 00 08 07 00 00 0c 04 c8 c8 00   ................
0010  c5 00 00 00 00 00 00 e1                           ........

Packet (53 bytes):
0000  1c 00 b0 d9 9e 85 03 ad ff ff 00 00 00 00 1b 00   ................
0010  00 01 00 01 00 00 02 19 00 00 00 00 21 09 08 02   ............!...
0020  01 00 11 00 08 03 00 00 00 00 00 00 00 00 00 00   ................
0030  00 00 00 00 4a                                    ....J
USB Control (24 bytes):
0000  09 08 02 01 00 11 00 08 03 00 00 00 00 00 00 00   ................
0010  00 00 00 00 00 00 00 4a                           .......J

Packet (53 bytes):
0000  1c 00 10 20 23 7f 03 ad ff ff 00 00 00 00 1b 00   ... #...........
0010  00 01 00 01 00 00 02 19 00 00 00 00 21 09 08 02   ............!...
0020  01 00 11 00 08 04 00 00 00 00 00 00 00 00 00 00   ................
0030  00 00 00 00 49                                    ....I
USB Control (24 bytes):
0000  09 08 02 01 00 11 00 08 04 00 00 00 00 00 00 00   ................
0010  00 00 00 00 00 00 00 49                           .......I

Packet (53 bytes):
0000  1c 00 10 c0 9e 85 03 ad ff ff 00 00 00 00 1b 00   ................
0010  00 01 00 01 00 00 02 19 00 00 00 00 21 09 08 02   ............!...
0020  01 00 11 00 08 03 00 00 00 00 00 00 00 00 00 00   ................
0030  00 00 00 00 4a                                    ....J
USB Control (24 bytes):
0000  09 08 02 01 00 11 00 08 03 00 00 00 00 00 00 00   ................
0010  00 00 00 00 00 00 00 4a                           .......J

Packet (53 bytes):
0000  1c 00 20 ea b5 85 03 ad ff ff 00 00 00 00 1b 00   .. .............
0010  00 01 00 01 00 00 02 19 00 00 00 00 21 09 08 02   ............!...
0020  01 00 11 00 08 07 00 00 0c 04 c9 c9 00 c3 00 00   ................
0030  00 00 00 00 e1                                    .....
USB Control (24 bytes):
0000  09 08 02 01 00 11 00 08 07 00 00 0c 04 c9 c9 00   ................
0010  c3 00 00 00 00 00 00 e1                           ........

Packet (53 bytes):
0000  1c 00 10 e0 9e 85 03 ad ff ff 00 00 00 00 1b 00   ................
0010  00 01 00 01 00 00 02 19 00 00 00 00 21 09 08 02   ............!...
0020  01 00 11 00 08 03 00 00 00 00 00 00 00 00 00 00   ................
0030  00 00 00 00 4a                                    ....J
USB Control (24 bytes):
0000  09 08 02 01 00 11 00 08 03 00 00 00 00 00 00 00   ................
0010  00 00 00 00 00 00 00 4a                           .......J

Packet (53 bytes):
0000  1c 00 10 c0 9e 85 03 ad ff ff 00 00 00 00 1b 00   ................
0010  00 01 00 01 00 00 02 19 00 00 00 00 21 09 08 02   ............!...
0020  01 00 11 00 08 07 00 00 0c 04 ca ca 00 c1 00 00   ................
0030  00 00 00 00 e1                                    .....
USB Control (24 bytes):
0000  09 08 02 01 00 11 00 08 07 00 00 0c 04 ca ca 00   ................
0010  c1 00 00 00 00 00 00 e1                           ........

Packet (53 bytes):
0000  1c 00 20 ea b5 85 03 ad ff ff 00 00 00 00 1b 00   .. .............
0010  00 01 00 01 00 00 02 19 00 00 00 00 21 09 08 02   ............!...
0020  01 00 11 00 08 03 00 00 00 00 00 00 00 00 00 00   ................
0030  00 00 00 00 4a                                    ....J
USB Control (24 bytes):
0000  09 08 02 01 00 11 00 08 03 00 00 00 00 00 00 00   ................
0010  00 00 00 00 00 00 00 4a                           .......J

Packet (53 bytes):
0000  1c 00 b0 e9 9e 85 03 ad ff ff 00 00 00 00 1b 00   ................
0010  00 01 00 01 00 00 02 19 00 00 00 00 21 09 08 02   ............!...
0020  01 00 11 00 08 07 00 00 0c 04 cb cb 00 bf 00 00   ................
0030  00 00 00 00 e1                                    .....
USB Control (24 bytes):
0000  09 08 02 01 00 11 00 08 07 00 00 0c 04 cb cb 00   ................
0010  bf 00 00 00 00 00 00 e1                           ........

Packet (53 bytes):
0000  1c 00 00 bb 9e 85 03 ad ff ff 00 00 00 00 1b 00   ................
0010  00 01 00 01 00 00 02 19 00 00 00 00 21 09 08 02   ............!...
0020  01 00 11 00 08 03 00 00 00 00 00 00 00 00 00 00   ................
0030  00 00 00 00 4a                                    ....J
USB Control (24 bytes):
0000  09 08 02 01 00 11 00 08 03 00 00 00 00 00 00 00   ................
0010  00 00 00 00 00 00 00 4a                           .......J

Packet (53 bytes):
0000  1c 00 b0 d9 9e 85 03 ad ff ff 00 00 00 00 1b 00   ................
0010  00 01 00 01 00 00 02 19 00 00 00 00 21 09 08 02   ............!...
0020  01 00 11 00 08 07 00 00 0c 04 cc cc 00 bd 00 00   ................
0030  00 00 00 00 e1                                    .....
USB Control (24 bytes):
0000  09 08 02 01 00 11 00 08 07 00 00 0c 04 cc cc 00   ................
0010  bd 00 00 00 00 00 00 e1                           ........

Packet (53 bytes):
0000  1c 00 e0 f4 9e 85 03 ad ff ff 00 00 00 00 1b 00   ................
0010  00 01 00 01 00 00 02 19 00 00 00 00 21 09 08 02   ............!...
0020  01 00 11 00 08 03 00 00 00 00 00 00 00 00 00 00   ................
0030  00 00 00 00 4a                                    ....J
USB Control (24 bytes):
0000  09 08 02 01 00 11 00 08 03 00 00 00 00 00 00 00   ................
0010  00 00 00 00 00 00 00 4a                           .......J

Packet (53 bytes):
0000  1c 00 20 ea b5 85 03 ad ff ff 00 00 00 00 1b 00   .. .............
0010  00 01 00 01 00 00 02 19 00 00 00 00 21 09 08 02   ............!...
0020  01 00 11 00 08 07 00 00 0c 04 cd cd 00 bb 00 00   ................
0030  00 00 00 00 e1                                    .....
USB Control (24 bytes):
0000  09 08 02 01 00 11 00 08 07 00 00 0c 04 cd cd 00   ................
0010  bb 00 00 00 00 00 00 e1                           ........

Packet (53 bytes):
0000  1c 00 10 d0 9e 85 03 ad ff ff 00 00 00 00 1b 00   ................
0010  00 01 00 01 00 00 02 19 00 00 00 00 21 09 08 02   ............!...
0020  01 00 11 00 08 03 00 00 00 00 00 00 00 00 00 00   ................
0030  00 00 00 00 4a                                    ....J
USB Control (24 bytes):
0000  09 08 02 01 00 11 00 08 03 00 00 00 00 00 00 00   ................
0010  00 00 00 00 00 00 00 4a                           .......J

Packet (53 bytes):
0000  1c 00 20 ea b5 85 03 ad ff ff 00 00 00 00 1b 00   .. .............
0010  00 01 00 01 00 00 02 19 00 00 00 00 21 09 08 02   ............!...
0020  01 00 11 00 08 07 00 00 0c 04 ce ce 00 b9 00 00   ................
0030  00 00 00 00 e1                                    .....
USB Control (24 bytes):
0000  09 08 02 01 00 11 00 08 07 00 00 0c 04 ce ce 00   ................
0010  b9 00 00 00 00 00 00 e1                           ........

Packet (53 bytes):
0000  1c 00 b0 e9 9e 85 03 ad ff ff 00 00 00 00 1b 00   ................
0010  00 01 00 01 00 00 02 19 00 00 00 00 21 09 08 02   ............!...
0020  01 00 11 00 08 03 00 00 00 00 00 00 00 00 00 00   ................
0030  00 00 00 00 4a                                    ....J
USB Control (24 bytes):
0000  09 08 02 01 00 11 00 08 03 00 00 00 00 00 00 00   ................
0010  00 00 00 00 00 00 00 4a                           .......J

Packet (53 bytes):
0000  1c 00 b0 d9 9e 85 03 ad ff ff 00 00 00 00 1b 00   ................
0010  00 01 00 01 00 00 02 19 00 00 00 00 21 09 08 02   ............!...
0020  01 00 11 00 08 07 00 00 0c 04 cf cf 00 b7 00 00   ................
0030  00 00 00 00 e1                                    .....
USB Control (24 bytes):
0000  09 08 02 01 00 11 00 08 07 00 00 0c 04 cf cf 00   ................
0010  b7 00 00 00 00 00 00 e1                           ........

Packet (53 bytes):
0000  1c 00 00 bb 9e 85 03 ad ff ff 00 00 00 00 1b 00   ................
0010  00 01 00 01 00 00 02 19 00 00 00 00 21 09 08 02   ............!...
0020  01 00 11 00 08 03 00 00 00 00 00 00 00 00 00 00   ................
0030  00 00 00 00 4a                                    ....J
USB Control (24 bytes):
0000  09 08 02 01 00 11 00 08 03 00 00 00 00 00 00 00   ................
0010  00 00 00 00 00 00 00 4a                           .......J

Packet (53 bytes):
0000  1c 00 10 c0 9e 85 03 ad ff ff 00 00 00 00 1b 00   ................
0010  00 01 00 01 00 00 02 19 00 00 00 00 21 09 08 02   ............!...
0020  01 00 11 00 08 07 00 00 0c 04 d0 d0 00 b5 00 00   ................
0030  00 00 00 00 e1                                    .....
USB Control (24 bytes):
0000  09 08 02 01 00 11 00 08 07 00 00 0c 04 d0 d0 00   ................
0010  b5 00 00 00 00 00 00 e1                           ........

Packet (53 bytes):
0000  1c 00 b0 c9 9e 85 03 ad ff ff 00 00 00 00 1b 00   ................
0010  00 01 00 01 00 00 02 19 00 00 00 00 21 09 08 02   ............!...
0020  01 00 11 00 08 03 00 00 00 00 00 00 00 00 00 00   ................
0030  00 00 00 00 4a                                    ....J
USB Control (24 bytes):
0000  09 08 02 01 00 11 00 08 03 00 00 00 00 00 00 00   ................
0010  00 00 00 00 00 00 00 4a                           .......J

Packet (53 bytes):
0000  1c 00 10 c0 9e 85 03 ad ff ff 00 00 00 00 1b 00   ................
0010  00 01 00 01 00 00 02 19 00 00 00 00 21 09 08 02   ............!...
0020  01 00 11 00 08 04 00 00 00 00 00 00 00 00 00 00   ................
0030  00 00 00 00 49                                    ....I
USB Control (24 bytes):
0000  09 08 02 01 00 11 00 08 04 00 00 00 00 00 00 00   ................
0010  00 00 00 00 00 00 00 49                           .......I

Packet (53 bytes):
0000  1c 00 10 e0 9e 85 03 ad ff ff 00 00 00 00 1b 00   ................
0010  00 01 00 01 00 00 02 19 00 00 00 00 21 09 08 02   ............!...
0020  01 00 11 00 08 03 00 00 00 00 00 00 00 00 00 00   ................
0030  00 00 00 00 4a                                    ....J
USB Control (24 bytes):
0000  09 08 02 01 00 11 00 08 03 00 00 00 00 00 00 00   ................
0010  00 00 00 00 00 00 00 4a                           .......J

Packet (53 bytes):
0000  1c 00 b0 b2 69 81 03 ad ff ff 00 00 00 00 1b 00   ....i...........
0010  00 01 00 01 00 00 02 19 00 00 00 00 21 09 08 02   ............!...
0020  01 00 11 00 08 07 00 00 0c 04 d1 d1 00 b3 00 00   ................
0030  00 00 00 00 e1                                    .....
USB Control (24 bytes):
0000  09 08 02 01 00 11 00 08 07 00 00 0c 04 d1 d1 00   ................
0010  b3 00 00 00 00 00 00 e1                           ........

Packet (53 bytes):
0000  1c 00 20 ea b5 85 03 ad ff ff 00 00 00 00 1b 00   .. .............
0010  00 01 00 01 00 00 02 19 00 00 00 00 21 09 08 02   ............!...
0020  01 00 11 00 08 03 00 00 00 00 00 00 00 00 00 00   ................
0030  00 00 00 00 4a                                    ....J
USB Control (24 bytes):
0000  09 08 02 01 00 11 00 08 03 00 00 00 00 00 00 00   ................
0010  00 00 00 00 00 00 00 4a                           .......J

Packet (53 bytes):
0000  1c 00 10 d0 9e 85 03 ad ff ff 00 00 00 00 1b 00   ................
0010  00 01 00 01 00 00 02 19 00 00 00 00 21 09 08 02   ............!...
0020  01 00 11 00 08 07 00 00 0c 04 d2 d2 00 b1 00 00   ................
0030  00 00 00 00 e1                                    .....
USB Control (24 bytes):
0000  09 08 02 01 00 11 00 08 07 00 00 0c 04 d2 d2 00   ................
0010  b1 00 00 00 00 00 00 e1                           ........

Packet (53 bytes):
0000  1c 00 20 ea b5 85 03 ad ff ff 00 00 00 00 1b 00   .. .............
0010  00 01 00 01 00 00 02 19 00 00 00 00 21 09 08 02   ............!...
0020  01 00 11 00 08 03 00 00 00 00 00 00 00 00 00 00   ................
0030  00 00 00 00 4a                                    ....J
USB Control (24 bytes):
0000  09 08 02 01 00 11 00 08 03 00 00 00 00 00 00 00   ................
0010  00 00 00 00 00 00 00 4a                           .......J

Packet (53 bytes):
0000  1c 00 10 d0 9e 85 03 ad ff ff 00 00 00 00 1b 00   ................
0010  00 01 00 01 00 00 02 19 00 00 00 00 21 09 08 02   ............!...
0020  01 00 11 00 08 07 00 00 0c 04 d3 d3 00 af 00 00   ................
0030  00 00 00 00 e1                                    .....
USB Control (24 bytes):
0000  09 08 02 01 00 11 00 08 07 00 00 0c 04 d3 d3 00   ................
0010  af 00 00 00 00 00 00 e1                           ........

Packet (53 bytes):
0000  1c 00 a0 18 b9 7e 03 ad ff ff 00 00 00 00 1b 00   .....~..........
0010  00 01 00 01 00 00 02 19 00 00 00 00 21 09 08 02   ............!...
0020  01 00 11 00 08 03 00 00 00 00 00 00 00 00 00 00   ................
0030  00 00 00 00 4a                                    ....J
USB Control (24 bytes):
0000  09 08 02 01 00 11 00 08 03 00 00 00 00 00 00 00   ................
0010  00 00 00 00 00 00 00 4a                           .......J

Packet (53 bytes):
0000  1c 00 a0 18 b9 7e 03 ad ff ff 00 00 00 00 1b 00   .....~..........
0010  00 01 00 01 00 00 02 19 00 00 00 00 21 09 08 02   ............!...
0020  01 00 11 00 08 07 00 00 0c 04 d4 d4 00 ad 00 00   ................
0030  00 00 00 00 e1                                    .....
USB Control (24 bytes):
0000  09 08 02 01 00 11 00 08 07 00 00 0c 04 d4 d4 00   ................
0010  ad 00 00 00 00 00 00 e1                           ........

Packet (53 bytes):
0000  1c 00 b0 c9 9e 85 03 ad ff ff 00 00 00 00 1b 00   ................
0010  00 01 00 01 00 00 02 19 00 00 00 00 21 09 08 02   ............!...
0020  01 00 11 00 08 03 00 00 00 00 00 00 00 00 00 00   ................
0030  00 00 00 00 4a                                    ....J
USB Control (24 bytes):
0000  09 08 02 01 00 11 00 08 03 00 00 00 00 00 00 00   ................
0010  00 00 00 00 00 00 00 4a                           .......J

Packet (53 bytes):
0000  1c 00 20 ea b5 85 03 ad ff ff 00 00 00 00 1b 00   .. .............
0010  00 01 00 01 00 00 02 19 00 00 00 00 21 09 08 02   ............!...
0020  01 00 11 00 08 07 00 00 0c 04 d5 d5 00 ab 00 00   ................
0030  00 00 00 00 e1                                    .....
USB Control (24 bytes):
0000  09 08 02 01 00 11 00 08 07 00 00 0c 04 d5 d5 00   ................
0010  ab 00 00 00 00 00 00 e1                           ........

Packet (53 bytes):
0000  1c 00 e0 ea 93 7e 03 ad ff ff 00 00 00 00 1b 00   .....~..........
0010  00 01 00 01 00 00 02 19 00 00 00 00 21 09 08 02   ............!...
0020  01 00 11 00 08 03 00 00 00 00 00 00 00 00 00 00   ................
0030  00 00 00 00 4a                                    ....J
USB Control (24 bytes):
0000  09 08 02 01 00 11 00 08 03 00 00 00 00 00 00 00   ................
0010  00 00 00 00 00 00 00 4a                           .......J

Packet (53 bytes):
0000  1c 00 b0 d9 9e 85 03 ad ff ff 00 00 00 00 1b 00   ................
0010  00 01 00 01 00 00 02 19 00 00 00 00 21 09 08 02   ............!...
0020  01 00 11 00 08 07 00 00 0c 04 d6 d6 00 a9 00 00   ................
0030  00 00 00 00 e1                                    .....
USB Control (24 bytes):
0000  09 08 02 01 00 11 00 08 07 00 00 0c 04 d6 d6 00   ................
0010  a9 00 00 00 00 00 00 e1                           ........

Packet (53 bytes):
0000  1c 00 10 d0 9e 85 03 ad ff ff 00 00 00 00 1b 00   ................
0010  00 01 00 01 00 00 02 19 00 00 00 00 21 09 08 02   ............!...
0020  01 00 11 00 08 03 00 00 00 00 00 00 00 00 00 00   ................
0030  00 00 00 00 4a                                    ....J
USB Control (24 bytes):
0000  09 08 02 01 00 11 00 08 03 00 00 00 00 00 00 00   ................
0010  00 00 00 00 00 00 00 4a                           .......J

Packet (53 bytes):
0000  1c 00 20 ea b5 85 03 ad ff ff 00 00 00 00 1b 00   .. .............
0010  00 01 00 01 00 00 02 19 00 00 00 00 21 09 08 02   ............!...
0020  01 00 11 00 08 07 00 00 0c 04 d7 d7 00 a7 00 00   ................
0030  00 00 00 00 e1                                    .....
USB Control (24 bytes):
0000  09 08 02 01 00 11 00 08 07 00 00 0c 04 d7 d7 00   ................
0010  a7 00 00 00 00 00 00 e1                           ........

Packet (53 bytes):
0000  1c 00 b0 e9 9e 85 03 ad ff ff 00 00 00 00 1b 00   ................
0010  00 01 00 01 00 00 02 19 00 00 00 00 21 09 08 02   ............!...
0020  01 00 11 00 08 03 00 00 00 00 00 00 00 00 00 00   ................
0030  00 00 00 00 4a                                    ....J
USB Control (24 bytes):
0000  09 08 02 01 00 11 00 08 03 00 00 00 00 00 00 00   ................
0010  00 00 00 00 00 00 00 4a                           .......J

Packet (53 bytes):
0000  1c 00 b0 c9 9e 85 03 ad ff ff 00 00 00 00 1b 00   ................
0010  00 01 00 01 00 00 02 19 00 00 00 00 21 09 08 02   ............!...
0020  01 00 11 00 08 07 00 00 0c 04 d8 d8 00 a5 00 00   ................
0030  00 00 00 00 e1                                    .....
USB Control (24 bytes):
0000  09 08 02 01 00 11 00 08 07 00 00 0c 04 d8 d8 00   ................
0010  a5 00 00 00 00 00 00 e1                           ........

Packet (53 bytes):
0000  1c 00 b0 b2 69 81 03 ad ff ff 00 00 00 00 1b 00   ....i...........
0010  00 01 00 01 00 00 02 19 00 00 00 00 21 09 08 02   ............!...
0020  01 00 11 00 08 03 00 00 00 00 00 00 00 00 00 00   ................
0030  00 00 00 00 4a                                    ....J
USB Control (24 bytes):
0000  09 08 02 01 00 11 00 08 03 00 00 00 00 00 00 00   ................
0010  00 00 00 00 00 00 00 4a                           .......J

Packet (53 bytes):
0000  1c 00 b0 c9 9e 85 03 ad ff ff 00 00 00 00 1b 00   ................
0010  00 01 00 01 00 00 02 19 00 00 00 00 21 09 08 02   ............!...
0020  01 00 11 00 08 03 00 00 00 00 00 00 00 00 00 00   ................
0030  00 00 00 00 4a                                    ....J
USB Control (24 bytes):
0000  09 08 02 01 00 11 00 08 03 00 00 00 00 00 00 00   ................
0010  00 00 00 00 00 00 00 4a                           .......J

Packet (53 bytes):
0000  1c 00 10 10 9e 86 03 ad ff ff 00 00 00 00 1b 00   ................
0010  00 01 00 01 00 00 02 19 00 00 00 00 21 09 08 02   ............!...
0020  01 00 11 00 08 04 00 00 00 00 00 00 00 00 00 00   ................
0030  00 00 00 00 49                                    ....I
USB Control (24 bytes):
0000  09 08 02 01 00 11 00 08 04 00 00 00 00 00 00 00   ................
0010  00 00 00 00 00 00 00 49                           .......I

Packet (53 bytes):
0000  1c 00 10 10 9e 86 03 ad ff ff 00 00 00 00 1b 00   ................
0010  00 01 00 01 00 00 02 19 00 00 00 00 21 09 08 02   ............!...
0020  01 00 11 00 08 07 00 00 0c 04 d9 d9 00 a3 00 00   ................
0030  00 00 00 00 e1                                    .....
USB Control (24 bytes):
0000  09 08 02 01 00 11 00 08 07 00 00 0c 04 d9 d9 00   ................
0010  a3 00 00 00 00 00 00 e1                           ........

Packet (53 bytes):
0000  1c 00 10 10 9e 86 03 ad ff ff 00 00 00 00 1b 00   ................
0010  00 01 00 01 00 00 02 19 00 00 00 00 21 09 08 02   ............!...
0020  01 00 11 00 08 03 00 00 00 00 00 00 00 00 00 00   ................
0030  00 00 00 00 4a                                    ....J
USB Control (24 bytes):
0000  09 08 02 01 00 11 00 08 03 00 00 00 00 00 00 00   ................
0010  00 00 00 00 00 00 00 4a                           .......J

Packet (53 bytes):
0000  1c 00 b0 e9 9e 85 03 ad ff ff 00 00 00 00 1b 00   ................
0010  00 01 00 01 00 00 02 19 00 00 00 00 21 09 08 02   ............!...
0020  01 00 11 00 08 07 00 00 0c 04 da da 00 a1 00 00   ................
0030  00 00 00 00 e1                                    .....
USB Control (24 bytes):
0000  09 08 02 01 00 11 00 08 07 00 00 0c 04 da da 00   ................
0010  a1 00 00 00 00 00 00 e1                           ........

Packet (53 bytes):
0000  1c 00 e0 f4 9e 85 03 ad ff ff 00 00 00 00 1b 00   ................
0010  00 01 00 01 00 00 02 19 00 00 00 00 21 09 08 02   ............!...
0020  01 00 11 00 08 03 00 00 00 00 00 00 00 00 00 00   ................
0030  00 00 00 00 4a                                    ....J
USB Control (24 bytes):
0000  09 08 02 01 00 11 00 08 03 00 00 00 00 00 00 00   ................
0010  00 00 00 00 00 00 00 4a                           .......J

Packet (53 bytes):
0000  1c 00 b0 d9 9e 85 03 ad ff ff 00 00 00 00 1b 00   ................
0010  00 01 00 01 00 00 02 19 00 00 00 00 21 09 08 02   ............!...
0020  01 00 11 00 08 07 00 00 0c 04 db db 00 9f 00 00   ................
0030  00 00 00 00 e1                                    .....
USB Control (24 bytes):
0000  09 08 02 01 00 11 00 08 07 00 00 0c 04 db db 00   ................
0010  9f 00 00 00 00 00 00 e1                           ........

Packet (53 bytes):
0000  1c 00 e0 d4 9e 85 03 ad ff ff 00 00 00 00 1b 00   ................
0010  00 01 00 01 00 00 02 19 00 00 00 00 21 09 08 02   ............!...
0020  01 00 11 00 08 03 00 00 00 00 00 00 00 00 00 00   ................
0030  00 00 00 00 4a                                    ....J
USB Control (24 bytes):
0000  09 08 02 01 00 11 00 08 03 00 00 00 00 00 00 00   ................
0010  00 00 00 00 00 00 00 4a                           .......J

Packet (53 bytes):
0000  1c 00 20 ea b5 85 03 ad ff ff 00 00 00 00 1b 00   .. .............
0010  00 01 00 01 00 00 02 19 00 00 00 00 21 09 08 02   ............!...
0020  01 00 11 00 08 07 00 00 0c 04 dc dc 00 9d 00 00   ................
0030  00 00 00 00 e1                                    .....
USB Control (24 bytes):
0000  09 08 02 01 00 11 00 08 07 00 00 0c 04 dc dc 00   ................
0010  9d 00 00 00 00 00 00 e1                           ........

Packet (53 bytes):
0000  1c 00 b0 b2 69 81 03 ad ff ff 00 00 00 00 1b 00   ....i...........
0010  00 01 00 01 00 00 02 19 00 00 00 00 21 09 08 02   ............!...
0020  01 00 11 00 08 03 00 00 00 00 00 00 00 00 00 00   ................
0030  00 00 00 00 4a                                    ....J
USB Control (24 bytes):
0000  09 08 02 01 00 11 00 08 03 00 00 00 00 00 00 00   ................
0010  00 00 00 00 00 00 00 4a                           .......J

Packet (53 bytes):
0000  1c 00 b0 b2 69 81 03 ad ff ff 00 00 00 00 1b 00   ....i...........
0010  00 01 00 01 00 00 02 19 00 00 00 00 21 09 08 02   ............!...
0020  01 00 11 00 08 07 00 00 0c 04 dd dd 00 9b 00 00   ................
0030  00 00 00 00 e1                                    .....
USB Control (24 bytes):
0000  09 08 02 01 00 11 00 08 07 00 00 0c 04 dd dd 00   ................
0010  9b 00 00 00 00 00 00 e1                           ........

Packet (53 bytes):
0000  1c 00 10 20 23 7f 03 ad ff ff 00 00 00 00 1b 00   ... #...........
0010  00 01 00 01 00 00 02 19 00 00 00 00 21 09 08 02   ............!...
0020  01 00 11 00 08 03 00 00 00 00 00 00 00 00 00 00   ................
0030  00 00 00 00 4a                                    ....J
USB Control (24 bytes):
0000  09 08 02 01 00 11 00 08 03 00 00 00 00 00 00 00   ................
0010  00 00 00 00 00 00 00 4a                           .......J

Packet (53 bytes):
0000  1c 00 20 ea b5 85 03 ad ff ff 00 00 00 00 1b 00   .. .............
0010  00 01 00 01 00 00 02 19 00 00 00 00 21 09 08 02   ............!...
0020  01 00 11 00 08 07 00 00 0c 04 de de 00 99 00 00   ................
0030  00 00 00 00 e1                                    .....
USB Control (24 bytes):
0000  09 08 02 01 00 11 00 08 07 00 00 0c 04 de de 00   ................
0010  99 00 00 00 00 00 00 e1                           ........

Packet (53 bytes):
0000  1c 00 20 ea b5 85 03 ad ff ff 00 00 00 00 1b 00   .. .............
0010  00 01 00 01 00 00 02 19 00 00 00 00 21 09 08 02   ............!...
0020  01 00 11 00 08 03 00 00 00 00 00 00 00 00 00 00   ................
0030  00 00 00 00 4a                                    ....J
USB Control (24 bytes):
0000  09 08 02 01 00 11 00 08 03 00 00 00 00 00 00 00   ................
0010  00 00 00 00 00 00 00 4a                           .......J

Packet (53 bytes):
0000  1c 00 b0 d9 9e 85 03 ad ff ff 00 00 00 00 1b 00   ................
0010  00 01 00 01 00 00 02 19 00 00 00 00 21 09 08 02   ............!...
0020  01 00 11 00 08 07 00 00 0c 04 df df 00 97 00 00   ................
0030  00 00 00 00 e1                                    .....
USB Control (24 bytes):
0000  09 08 02 01 00 11 00 08 07 00 00 0c 04 df df 00   ................
0010  97 00 00 00 00 00 00 e1                           ........

Packet (53 bytes):
0000  1c 00 a0 18 b9 7e 03 ad ff ff 00 00 00 00 1b 00   .....~..........
0010  00 01 00 01 00 00 02 19 00 00 00 00 21 09 08 02   ............!...
0020  01 00 11 00 08 03 00 00 00 00 00 00 00 00 00 00   ................
0030  00 00 00 00 4a                                    ....J
USB Control (24 bytes):
0000  09 08 02 01 00 11 00 08 03 00 00 00 00 00 00 00   ................
0010  00 00 00 00 00 00 00 4a                           .......J

Packet (53 bytes):
0000  1c 00 b0 c9 9e 85 03 ad ff ff 00 00 00 00 1b 00   ................
0010  00 01 00 01 00 00 02 19 00 00 00 00 21 09 08 02   ............!...
0020  01 00 11 00 08 07 00 00 0c 04 e0 e0 00 95 00 00   ................
0030  00 00 00 00 e1                                    .....
USB Control (24 bytes):
0000  09 08 02 01 00 11 00 08 07 00 00 0c 04 e0 e0 00   ................
0010  95 00 00 00 00 00 00 e1                           ........

Packet (53 bytes):
0000  1c 00 20 ea b5 85 03 ad ff ff 00 00 00 00 1b 00   .. .............
0010  00 01 00 01 00 00 02 19 00 00 00 00 21 09 08 02   ............!...
0020  01 00 11 00 08 03 00 00 00 00 00 00 00 00 00 00   ................
0030  00 00 00 00 4a                                    ....J
USB Control (24 bytes):
0000  09 08 02 01 00 11 00 08 03 00 00 00 00 00 00 00   ................
0010  00 00 00 00 00 00 00 4a                           .......J

Packet (53 bytes):
0000  1c 00 10 c0 9e 85 03 ad ff ff 00 00 00 00 1b 00   ................
0010  00 01 00 01 00 00 02 19 00 00 00 00 21 09 08 02   ............!...
0020  01 00 11 00 08 04 00 00 00 00 00 00 00 00 00 00   ................
0030  00 00 00 00 49                                    ....I
USB Control (24 bytes):
0000  09 08 02 01 00 11 00 08 04 00 00 00 00 00 00 00   ................
0010  00 00 00 00 00 00 00 49                           .......I

Packet (53 bytes):
0000  1c 00 10 d0 9e 85 03 ad ff ff 00 00 00 00 1b 00   ................
0010  00 01 00 01 00 00 02 19 00 00 00 00 21 09 08 02   ............!...
0020  01 00 11 00 08 03 00 00 00 00 00 00 00 00 00 00   ................
0030  00 00 00 00 4a                                    ....J
USB Control (24 bytes):
0000  09 08 02 01 00 11 00 08 03 00 00 00 00 00 00 00   ................
0010  00 00 00 00 00 00 00 4a                           .......J

Packet (53 bytes):
0000  1c 00 20 ea b5 85 03 ad ff ff 00 00 00 00 1b 00   .. .............
0010  00 01 00 01 00 00 02 19 00 00 00 00 21 09 08 02   ............!...
0020  01 00 11 00 08 07 00 00 0c 04 e1 e1 00 93 00 00   ................
0030  00 00 00 00 e1                                    .....
USB Control (24 bytes):
0000  09 08 02 01 00 11 00 08 07 00 00 0c 04 e1 e1 00   ................
0010  93 00 00 00 00 00 00 e1                           ........

Packet (53 bytes):
0000  1c 00 10 e0 b9 85 03 ad ff ff 00 00 00 00 1b 00   ................
0010  00 01 00 01 00 00 02 19 00 00 00 00 21 09 08 02   ............!...
0020  01 00 11 00 08 03 00 00 00 00 00 00 00 00 00 00   ................
0030  00 00 00 00 4a                                    ....J
USB Control (24 bytes):
0000  09 08 02 01 00 11 00 08 03 00 00 00 00 00 00 00   ................
0010  00 00 00 00 00 00 00 4a                           .......J

Packet (53 bytes):
0000  1c 00 10 20 23 7f 03 ad ff ff 00 00 00 00 1b 00   ... #...........
0010  00 01 00 01 00 00 02 19 00 00 00 00 21 09 08 02   ............!...
0020  01 00 11 00 08 07 00 00 0c 04 e2 e2 00 91 00 00   ................
0030  00 00 00 00 e1                                    .....
USB Control (24 bytes):
0000  09 08 02 01 00 11 00 08 07 00 00 0c 04 e2 e2 00   ................
0010  91 00 00 00 00 00 00 e1                           ........

Packet (53 bytes):
0000  1c 00 b0 d9 9e 85 03 ad ff ff 00 00 00 00 1b 00   ................
0010  00 01 00 01 00 00 02 19 00 00 00 00 21 09 08 02   ............!...
0020  01 00 11 00 08 03 00 00 00 00 00 00 00 00 00 00   ................
0030  00 00 00 00 4a                                    ....J
USB Control (24 bytes):
0000  09 08 02 01 00 11 00 08 03 00 00 00 00 00 00 00   ................
0010  00 00 00 00 00 00 00 4a                           .......J

Packet (53 bytes):
0000  1c 00 10 20 23 7f 03 ad ff ff 00 00 00 00 1b 00   ... #...........
0010  00 01 00 01 00 00 02 19 00 00 00 00 21 09 08 02   ............!...
0020  01 00 11 00 08 07 00 00 0c 04 e3 e3 00 8f 00 00   ................
0030  00 00 00 00 e1                                    .....
USB Control (24 bytes):
0000  09 08 02 01 00 11 00 08 07 00 00 0c 04 e3 e3 00   ................
0010  8f 00 00 00 00 00 00 e1                           ........

Packet (53 bytes):
0000  1c 00 b0 c9 9e 85 03 ad ff ff 00 00 00 00 1b 00   ................
0010  00 01 00 01 00 00 02 19 00 00 00 00 21 09 08 02   ............!...
0020  01 00 11 00 08 03 00 00 00 00 00 00 00 00 00 00   ................
0030  00 00 00 00 4a                                    ....J
USB Control (24 bytes):
0000  09 08 02 01 00 11 00 08 03 00 00 00 00 00 00 00   ................
0010  00 00 00 00 00 00 00 4a                           .......J

Packet (53 bytes):
0000  1c 00 20 ea b5 85 03 ad ff ff 00 00 00 00 1b 00   .. .............
0010  00 01 00 01 00 00 02 19 00 00 00 00 21 09 08 02   ............!...
0020  01 00 11 00 08 07 00 00 0c 04 e4 e4 00 8d 00 00   ................
0030  00 00 00 00 e1                                    .....
USB Control (24 bytes):
0000  09 08 02 01 00 11 00 08 07 00 00 0c 04 e4 e4 00   ................
0010  8d 00 00 00 00 00 00 e1                           ........

Packet (53 bytes):
0000  1c 00 b0 b2 69 81 03 ad ff ff 00 00 00 00 1b 00   ....i...........
0010  00 01 00 01 00 00 02 19 00 00 00 00 21 09 08 02   ............!...
0020  01 00 11 00 08 03 00 00 00 00 00 00 00 00 00 00   ................
0030  00 00 00 00 4a                                    ....J
USB Control (24 bytes):
0000  09 08 02 01 00 11 00 08 03 00 00 00 00 00 00 00   ................
0010  00 00 00 00 00 00 00 4a                           .......J

Packet (53 bytes):
0000  1c 00 10 20 23 7f 03 ad ff ff 00 00 00 00 1b 00   ... #...........
0010  00 01 00 01 00 00 02 19 00 00 00 00 21 09 08 02   ............!...
0020  01 00 11 00 08 07 00 00 0c 04 e5 e5 00 8b 00 00   ................
0030  00 00 00 00 e1                                    .....
USB Control (24 bytes):
0000  09 08 02 01 00 11 00 08 07 00 00 0c 04 e5 e5 00   ................
0010  8b 00 00 00 00 00 00 e1                           ........

Packet (53 bytes):
0000  1c 00 e0 f4 9e 85 03 ad ff ff 00 00 00 00 1b 00   ................
0010  00 01 00 01 00 00 02 19 00 00 00 00 21 09 08 02   ............!...
0020  01 00 11 00 08 03 00 00 00 00 00 00 00 00 00 00   ................
0030  00 00 00 00 4a                                    ....J
USB Control (24 bytes):
0000  09 08 02 01 00 11 00 08 03 00 00 00 00 00 00 00   ................
0010  00 00 00 00 00 00 00 4a                           .......J

Packet (53 bytes):
0000  1c 00 b0 d9 9e 85 03 ad ff ff 00 00 00 00 1b 00   ................
0010  00 01 00 01 00 00 02 19 00 00 00 00 21 09 08 02   ............!...
0020  01 00 11 00 08 07 00 00 0c 04 e6 e6 00 89 00 00   ................
0030  00 00 00 00 e1                                    .....
USB Control (24 bytes):
0000  09 08 02 01 00 11 00 08 07 00 00 0c 04 e6 e6 00   ................
0010  89 00 00 00 00 00 00 e1                           ........

Packet (53 bytes):
0000  1c 00 10 d0 9e 85 03 ad ff ff 00 00 00 00 1b 00   ................
0010  00 01 00 01 00 00 02 19 00 00 00 00 21 09 08 02   ............!...
0020  01 00 11 00 08 03 00 00 00 00 00 00 00 00 00 00   ................
0030  00 00 00 00 4a                                    ....J
USB Control (24 bytes):
0000  09 08 02 01 00 11 00 08 03 00 00 00 00 00 00 00   ................
0010  00 00 00 00 00 00 00 4a                           .......J

Packet (53 bytes):
0000  1c 00 b0 d9 9e 85 03 ad ff ff 00 00 00 00 1b 00   ................
0010  00 01 00 01 00 00 02 19 00 00 00 00 21 09 08 02   ............!...
0020  01 00 11 00 08 07 00 00 0c 04 e7 e7 00 87 00 00   ................
0030  00 00 00 00 e1                                    .....
USB Control (24 bytes):
0000  09 08 02 01 00 11 00 08 07 00 00 0c 04 e7 e7 00   ................
0010  87 00 00 00 00 00 00 e1                           ........

Packet (53 bytes):
0000  1c 00 10 e0 b9 85 03 ad ff ff 00 00 00 00 1b 00   ................
0010  00 01 00 01 00 00 02 19 00 00 00 00 21 09 08 02   ............!...
0020  01 00 11 00 08 03 00 00 00 00 00 00 00 00 00 00   ................
0030  00 00 00 00 4a                                    ....J
USB Control (24 bytes):
0000  09 08 02 01 00 11 00 08 03 00 00 00 00 00 00 00   ................
0010  00 00 00 00 00 00 00 4a                           .......J

Packet (53 bytes):
0000  1c 00 20 ea b5 85 03 ad ff ff 00 00 00 00 1b 00   .. .............
0010  00 01 00 01 00 00 02 19 00 00 00 00 21 09 08 02   ............!...
0020  01 00 11 00 08 07 00 00 0c 04 e8 e8 00 85 00 00   ................
0030  00 00 00 00 e1                                    .....
USB Control (24 bytes):
0000  09 08 02 01 00 11 00 08 07 00 00 0c 04 e8 e8 00   ................
0010  85 00 00 00 00 00 00 e1                           ........

Packet (53 bytes):
0000  1c 00 10 20 23 7f 03 ad ff ff 00 00 00 00 1b 00   ... #...........
0010  00 01 00 01 00 00 02 19 00 00 00 00 21 09 08 02   ............!...
0020  01 00 11 00 08 03 00 00 00 00 00 00 00 00 00 00   ................
0030  00 00 00 00 4a                                    ....J
USB Control (24 bytes):
0000  09 08 02 01 00 11 00 08 03 00 00 00 00 00 00 00   ................
0010  00 00 00 00 00 00 00 4a                           .......J

Packet (53 bytes):
0000  1c 00 10 d0 9e 85 03 ad ff ff 00 00 00 00 1b 00   ................
0010  00 01 00 01 00 00 02 19 00 00 00 00 21 09 08 02   ............!...
0020  01 00 11 00 08 04 00 00 00 00 00 00 00 00 00 00   ................
0030  00 00 00 00 49                                    ....I
USB Control (24 bytes):
0000  09 08 02 01 00 11 00 08 04 00 00 00 00 00 00 00   ................
0010  00 00 00 00 00 00 00 49                           .......I

Packet (53 bytes):
0000  1c 00 a0 18 b9 7e 03 ad ff ff 00 00 00 00 1b 00   .....~..........
0010  00 01 00 01 00 00 02 19 00 00 00 00 21 09 08 02   ............!...
0020  01 00 11 00 08 03 00 00 00 00 00 00 00 00 00 00   ................
0030  00 00 00 00 4a                                    ....J
USB Control (24 bytes):
0000  09 08 02 01 00 11 00 08 03 00 00 00 00 00 00 00   ................
0010  00 00 00 00 00 00 00 4a                           .......J

Packet (53 bytes):
0000  1c 00 10 20 23 7f 03 ad ff ff 00 00 00 00 1b 00   ... #...........
0010  00 01 00 01 00 00 02 19 00 00 00 00 21 09 08 02   ............!...
0020  01 00 11 00 08 07 00 00 0c 04 e9 e9 00 83 00 00   ................
0030  00 00 00 00 e1                                    .....
USB Control (24 bytes):
0000  09 08 02 01 00 11 00 08 07 00 00 0c 04 e9 e9 00   ................
0010  83 00 00 00 00 00 00 e1                           ........

Packet (53 bytes):
0000  1c 00 a0 18 b9 7e 03 ad ff ff 00 00 00 00 1b 00   .....~..........
0010  00 01 00 01 00 00 02 19 00 00 00 00 21 09 08 02   ............!...
0020  01 00 11 00 08 03 00 00 00 00 00 00 00 00 00 00   ................
0030  00 00 00 00 4a                                    ....J
USB Control (24 bytes):
0000  09 08 02 01 00 11 00 08 03 00 00 00 00 00 00 00   ................
0010  00 00 00 00 00 00 00 4a                           .......J

Packet (53 bytes):
0000  1c 00 20 ea b5 85 03 ad ff ff 00 00 00 00 1b 00   .. .............
0010  00 01 00 01 00 00 02 19 00 00 00 00 21 09 08 02   ............!...
0020  01 00 11 00 08 07 00 00 0c 04 ea ea 00 81 00 00   ................
0030  00 00 00 00 e1                                    .....
USB Control (24 bytes):
0000  09 08 02 01 00 11 00 08 07 00 00 0c 04 ea ea 00   ................
0010  81 00 00 00 00 00 00 e1                           ........

Packet (53 bytes):
0000  1c 00 e0 f4 9e 85 03 ad ff ff 00 00 00 00 1b 00   ................
0010  00 01 00 01 00 00 02 19 00 00 00 00 21 09 08 02   ............!...
0020  01 00 11 00 08 03 00 00 00 00 00 00 00 00 00 00   ................
0030  00 00 00 00 4a                                    ....J
USB Control (24 bytes):
0000  09 08 02 01 00 11 00 08 03 00 00 00 00 00 00 00   ................
0010  00 00 00 00 00 00 00 4a                           .......J

Packet (53 bytes):
0000  1c 00 10 20 23 7f 03 ad ff ff 00 00 00 00 1b 00   ... #...........
0010  00 01 00 01 00 00 02 19 00 00 00 00 21 09 08 02   ............!...
0020  01 00 11 00 08 07 00 00 0c 04 eb eb 00 7f 00 00   ................
0030  00 00 00 00 e1                                    .....
USB Control (24 bytes):
0000  09 08 02 01 00 11 00 08 07 00 00 0c 04 eb eb 00   ................
0010  7f 00 00 00 00 00 00 e1                           ........

Packet (53 bytes):
0000  1c 00 10 c0 9e 85 03 ad ff ff 00 00 00 00 1b 00   ................
0010  00 01 00 01 00 00 02 19 00 00 00 00 21 09 08 02   ............!...
0020  01 00 11 00 08 03 00 00 00 00 00 00 00 00 00 00   ................
0030  00 00 00 00 4a                                    ....J
USB Control (24 bytes):
0000  09 08 02 01 00 11 00 08 03 00 00 00 00 00 00 00   ................
0010  00 00 00 00 00 00 00 4a                           .......J

Packet (53 bytes):
0000  1c 00 b0 e9 9e 85 03 ad ff ff 00 00 00 00 1b 00   ................
0010  00 01 00 01 00 00 02 19 00 00 00 00 21 09 08 02   ............!...
0020  01 00 11 00 08 07 00 00 0c 04 ec ec 00 7d 00 00   .............}..
0030  00 00 00 00 e1                                    .....
USB Control (24 bytes):
0000  09 08 02 01 00 11 00 08 07 00 00 0c 04 ec ec 00   ................
0010  7d 00 00 00 00 00 00 e1                           }.......

Packet (53 bytes):
0000  1c 00 10 d0 9e 85 03 ad ff ff 00 00 00 00 1b 00   ................
0010  00 01 00 01 00 00 02 19 00 00 00 00 21 09 08 02   ............!...
0020  01 00 11 00 08 03 00 00 00 00 00 00 00 00 00 00   ................
0030  00 00 00 00 4a                                    ....J
USB Control (24 bytes):
0000  09 08 02 01 00 11 00 08 03 00 00 00 00 00 00 00   ................
0010  00 00 00 00 00 00 00 4a                           .......J

Packet (53 bytes):
0000  1c 00 b0 d9 9e 85 03 ad ff ff 00 00 00 00 1b 00   ................
0010  00 01 00 01 00 00 02 19 00 00 00 00 21 09 08 02   ............!...
0020  01 00 11 00 08 07 00 00 0c 04 ed ed 00 7b 00 00   .............{..
0030  00 00 00 00 e1                                    .....
USB Control (24 bytes):
0000  09 08 02 01 00 11 00 08 07 00 00 0c 04 ed ed 00   ................
0010  7b 00 00 00 00 00 00 e1                           {.......

Packet (53 bytes):
0000  1c 00 e0 ea 93 7e 03 ad ff ff 00 00 00 00 1b 00   .....~..........
0010  00 01 00 01 00 00 02 19 00 00 00 00 21 09 08 02   ............!...
0020  01 00 11 00 08 03 00 00 00 00 00 00 00 00 00 00   ................
0030  00 00 00 00 4a                                    ....J
USB Control (24 bytes):
0000  09 08 02 01 00 11 00 08 03 00 00 00 00 00 00 00   ................
0010  00 00 00 00 00 00 00 4a                           .......J

Packet (53 bytes):
0000  1c 00 00 bb 9e 85 03 ad ff ff 00 00 00 00 1b 00   ................
0010  00 01 00 01 00 00 02 19 00 00 00 00 21 09 08 02   ............!...
0020  01 00 11 00 08 07 00 00 0c 04 ee ee 00 79 00 00   .............y..
0030  00 00 00 00 e1                                    .....
USB Control (24 bytes):
0000  09 08 02 01 00 11 00 08 07 00 00 0c 04 ee ee 00   ................
0010  79 00 00 00 00 00 00 e1                           y.......

Packet (53 bytes):
0000  1c 00 e0 ea 93 7e 03 ad ff ff 00 00 00 00 1b 00   .....~..........
0010  00 01 00 01 00 00 02 19 00 00 00 00 21 09 08 02   ............!...
0020  01 00 11 00 08 03 00 00 00 00 00 00 00 00 00 00   ................
0030  00 00 00 00 4a                                    ....J
USB Control (24 bytes):
0000  09 08 02 01 00 11 00 08 03 00 00 00 00 00 00 00   ................
0010  00 00 00 00 00 00 00 4a                           .......J

Packet (53 bytes):
0000  1c 00 b0 e9 9e 85 03 ad ff ff 00 00 00 00 1b 00   ................
0010  00 01 00 01 00 00 02 19 00 00 00 00 21 09 08 02   ............!...
0020  01 00 11 00 08 07 00 00 0c 04 ef ef 00 77 00 00   .............w..
0030  00 00 00 00 e1                                    .....
USB Control (24 bytes):
0000  09 08 02 01 00 11 00 08 07 00 00 0c 04 ef ef 00   ................
0010  77 00 00 00 00 00 00 e1                           w.......

Packet (53 bytes):
0000  1c 00 b0 e9 9e 85 03 ad ff ff 00 00 00 00 1b 00   ................
0010  00 01 00 01 00 00 02 19 00 00 00 00 21 09 08 02   ............!...
0020  01 00 11 00 08 03 00 00 00 00 00 00 00 00 00 00   ................
0030  00 00 00 00 4a                                    ....J
USB Control (24 bytes):
0000  09 08 02 01 00 11 00 08 03 00 00 00 00 00 00 00   ................
0010  00 00 00 00 00 00 00 4a                           .......J

Packet (53 bytes):
0000  1c 00 a0 18 b9 7e 03 ad ff ff 00 00 00 00 1b 00   .....~..........
0010  00 01 00 01 00 00 02 19 00 00 00 00 21 09 08 02   ............!...
0020  01 00 11 00 08 07 00 00 0c 04 f0 f0 00 75 00 00   .............u..
0030  00 00 00 00 e1                                    .....
USB Control (24 bytes):
0000  09 08 02 01 00 11 00 08 07 00 00 0c 04 f0 f0 00   ................
0010  75 00 00 00 00 00 00 e1                           u.......

Packet (53 bytes):
0000  1c 00 b0 b2 69 81 03 ad ff ff 00 00 00 00 1b 00   ....i...........
0010  00 01 00 01 00 00 02 19 00 00 00 00 21 09 08 02   ............!...
0020  01 00 11 00 08 03 00 00 00 00 00 00 00 00 00 00   ................
0030  00 00 00 00 4a                                    ....J
USB Control (24 bytes):
0000  09 08 02 01 00 11 00 08 03 00 00 00 00 00 00 00   ................
0010  00 00 00 00 00 00 00 4a                           .......J

Packet (53 bytes):
0000  1c 00 10 e0 9e 85 03 ad ff ff 00 00 00 00 1b 00   ................
0010  00 01 00 01 00 00 02 19 00 00 00 00 21 09 08 02   ............!...
0020  01 00 11 00 08 04 00 00 00 00 00 00 00 00 00 00   ................
0030  00 00 00 00 49                                    ....I
USB Control (24 bytes):
0000  09 08 02 01 00 11 00 08 04 00 00 00 00 00 00 00   ................
0010  00 00 00 00 00 00 00 49                           .......I

Packet (53 bytes):
0000  1c 00 e0 f4 9e 85 03 ad ff ff 00 00 00 00 1b 00   ................
0010  00 01 00 01 00 00 02 19 00 00 00 00 21 09 08 02   ............!...
0020  01 00 11 00 08 03 00 00 00 00 00 00 00 00 00 00   ................
0030  00 00 00 00 4a                                    ....J
USB Control (24 bytes):
0000  09 08 02 01 00 11 00 08 03 00 00 00 00 00 00 00   ................
0010  00 00 00 00 00 00 00 4a                           .......J

Packet (53 bytes):
0000  1c 00 b0 d9 9e 85 03 ad ff ff 00 00 00 00 1b 00   ................
0010  00 01 00 01 00 00 02 19 00 00 00 00 21 09 08 02   ............!...
0020  01 00 11 00 08 07 00 00 0c 04 f1 f1 00 73 00 00   .............s..
0030  00 00 00 00 e1                                    .....
USB Control (24 bytes):
0000  09 08 02 01 00 11 00 08 07 00 00 0c 04 f1 f1 00   ................
0010  73 00 00 00 00 00 00 e1                           s.......

Packet (53 bytes):
0000  1c 00 10 e0 b9 85 03 ad ff ff 00 00 00 00 1b 00   ................
0010  00 01 00 01 00 00 02 19 00 00 00 00 21 09 08 02   ............!...
0020  01 00 11 00 08 03 00 00 00 00 00 00 00 00 00 00   ................
0030  00 00 00 00 4a                                    ....J
USB Control (24 bytes):
0000  09 08 02 01 00 11 00 08 03 00 00 00 00 00 00 00   ................
0010  00 00 00 00 00 00 00 4a                           .......J

Packet (53 bytes):
0000  1c 00 10 d0 9e 85 03 ad ff ff 00 00 00 00 1b 00   ................
0010  00 01 00 01 00 00 02 19 00 00 00 00 21 09 08 02   ............!...
0020  01 00 11 00 08 07 00 00 0c 04 f2 f2 00 71 00 00   .............q..
0030  00 00 00 00 e1                                    .....
USB Control (24 bytes):
0000  09 08 02 01 00 11 00 08 07 00 00 0c 04 f2 f2 00   ................
0010  71 00 00 00 00 00 00 e1                           q.......

Packet (53 bytes):
0000  1c 00 10 c0 9e 85 03 ad ff ff 00 00 00 00 1b 00   ................
0010  00 01 00 01 00 00 02 19 00 00 00 00 21 09 08 02   ............!...
0020  01 00 11 00 08 03 00 00 00 00 00 00 00 00 00 00   ................
0030  00 00 00 00 4a                                    ....J
USB Control (24 bytes):
0000  09 08 02 01 00 11 00 08 03 00 00 00 00 00 00 00   ................
0010  00 00 00 00 00 00 00 4a                           .......J

Packet (53 bytes):
0000  1c 00 b0 d9 9e 85 03 ad ff ff 00 00 00 00 1b 00   ................
0010  00 01 00 01 00 00 02 19 00 00 00 00 21 09 08 02   ............!...
0020  01 00 11 00 08 07 00 00 0c 04 f3 f3 00 6f 00 00   .............o..
0030  00 00 00 00 e1                                    .....
USB Control (24 bytes):
0000  09 08 02 01 00 11 00 08 07 00 00 0c 04 f3 f3 00   ................
0010  6f 00 00 00 00 00 00 e1                           o.......

Packet (53 bytes):
0000  1c 00 10 e0 b9 85 03 ad ff ff 00 00 00 00 1b 00   ................
0010  00 01 00 01 00 00 02 19 00 00 00 00 21 09 08 02   ............!...
0020  01 00 11 00 08 03 00 00 00 00 00 00 00 00 00 00   ................
0030  00 00 00 00 4a                                    ....J
USB Control (24 bytes):
0000  09 08 02 01 00 11 00 08 03 00 00 00 00 00 00 00   ................
0010  00 00 00 00 00 00 00 4a                           .......J

Packet (53 bytes):
0000  1c 00 b0 d9 9e 85 03 ad ff ff 00 00 00 00 1b 00   ................
0010  00 01 00 01 00 00 02 19 00 00 00 00 21 09 08 02   ............!...
0020  01 00 11 00 08 07 00 00 0c 04 f4 f4 00 6d 00 00   .............m..
0030  00 00 00 00 e1                                    .....
USB Control (24 bytes):
0000  09 08 02 01 00 11 00 08 07 00 00 0c 04 f4 f4 00   ................
0010  6d 00 00 00 00 00 00 e1                           m.......

Packet (53 bytes):
0000  1c 00 e0 f4 9e 85 03 ad ff ff 00 00 00 00 1b 00   ................
0010  00 01 00 01 00 00 02 19 00 00 00 00 21 09 08 02   ............!...
0020  01 00 11 00 08 03 00 00 00 00 00 00 00 00 00 00   ................
0030  00 00 00 00 4a                                    ....J
USB Control (24 bytes):
0000  09 08 02 01 00 11 00 08 03 00 00 00 00 00 00 00   ................
0010  00 00 00 00 00 00 00 4a                           .......J

Packet (53 bytes):
0000  1c 00 10 20 23 7f 03 ad ff ff 00 00 00 00 1b 00   ... #...........
0010  00 01 00 01 00 00 02 19 00 00 00 00 21 09 08 02   ............!...
0020  01 00 11 00 08 07 00 00 0c 04 f5 f5 00 6b 00 00   .............k..
0030  00 00 00 00 e1                                    .....
USB Control (24 bytes):
0000  09 08 02 01 00 11 00 08 07 00 00 0c 04 f5 f5 00   ................
0010  6b 00 00 00 00 00 00 e1                           k.......

Packet (53 bytes):
0000  1c 00 10 c0 9e 85 03 ad ff ff 00 00 00 00 1b 00   ................
0010  00 01 00 01 00 00 02 19 00 00 00 00 21 09 08 02   ............!...
0020  01 00 11 00 08 03 00 00 00 00 00 00 00 00 00 00   ................
0030  00 00 00 00 4a                                    ....J
USB Control (24 bytes):
0000  09 08 02 01 00 11 00 08 03 00 00 00 00 00 00 00   ................
0010  00 00 00 00 00 00 00 4a                           .......J

Packet (53 bytes):
0000  1c 00 b0 e9 9e 85 03 ad ff ff 00 00 00 00 1b 00   ................
0010  00 01 00 01 00 00 02 19 00 00 00 00 21 09 08 02   ............!...
0020  01 00 11 00 08 07 00 00 0c 04 f6 f6 00 69 00 00   .............i..
0030  00 00 00 00 e1                                    .....
USB Control (24 bytes):
0000  09 08 02 01 00 11 00 08 07 00 00 0c 04 f6 f6 00   ................
0010  69 00 00 00 00 00 00 e1                           i.......

Packet (53 bytes):
0000  1c 00 b0 b2 69 81 03 ad ff ff 00 00 00 00 1b 00   ....i...........
0010  00 01 00 01 00 00 02 19 00 00 00 00 21 09 08 02   ............!...
0020  01 00 11 00 08 03 00 00 00 00 00 00 00 00 00 00   ................
0030  00 00 00 00 4a                                    ....J
USB Control (24 bytes):
0000  09 08 02 01 00 11 00 08 03 00 00 00 00 00 00 00   ................
0010  00 00 00 00 00 00 00 4a                           .......J

Packet (53 bytes):
0000  1c 00 10 20 23 7f 03 ad ff ff 00 00 00 00 1b 00   ... #...........
0010  00 01 00 01 00 00 02 19 00 00 00 00 21 09 08 02   ............!...
0020  01 00 11 00 08 07 00 00 0c 04 f7 f7 00 67 00 00   .............g..
0030  00 00 00 00 e1                                    .....
USB Control (24 bytes):
0000  09 08 02 01 00 11 00 08 07 00 00 0c 04 f7 f7 00   ................
0010  67 00 00 00 00 00 00 e1                           g.......

Packet (53 bytes):
0000  1c 00 00 bb 9e 85 03 ad ff ff 00 00 00 00 1b 00   ................
0010  00 01 00 01 00 00 02 19 00 00 00 00 21 09 08 02   ............!...
0020  01 00 11 00 08 03 00 00 00 00 00 00 00 00 00 00   ................
0030  00 00 00 00 4a                                    ....J
USB Control (24 bytes):
0000  09 08 02 01 00 11 00 08 03 00 00 00 00 00 00 00   ................
0010  00 00 00 00 00 00 00 4a                           .......J

Packet (53 bytes):
0000  1c 00 b0 e9 9e 85 03 ad ff ff 00 00 00 00 1b 00   ................
0010  00 01 00 01 00 00 02 19 00 00 00 00 21 09 08 02   ............!...
0020  01 00 11 00 08 07 00 00 0c 04 f8 f8 00 65 00 00   .............e..
0030  00 00 00 00 e1                                    .....
USB Control (24 bytes):
0000  09 08 02 01 00 11 00 08 07 00 00 0c 04 f8 f8 00   ................
0010  65 00 00 00 00 00 00 e1                           e.......

Packet (53 bytes):
0000  1c 00 a0 18 b9 7e 03 ad ff ff 00 00 00 00 1b 00   .....~..........
0010  00 01 00 01 00 00 02 19 00 00 00 00 21 09 08 02   ............!...
0020  01 00 11 00 08 03 00 00 00 00 00 00 00 00 00 00   ................
0030  00 00 00 00 4a                                    ....J
USB Control (24 bytes):
0000  09 08 02 01 00 11 00 08 03 00 00 00 00 00 00 00   ................
0010  00 00 00 00 00 00 00 4a                           .......J

Packet (53 bytes):
0000  1c 00 b0 d9 9e 85 03 ad ff ff 00 00 00 00 1b 00   ................
0010  00 01 00 01 00 00 02 19 00 00 00 00 21 09 08 02   ............!...
0020  01 00 11 00 08 07 00 00 0c 04 f9 f9 00 63 00 00   .............c..
0030  00 00 00 00 e1                                    .....
USB Control (24 bytes):
0000  09 08 02 01 00 11 00 08 07 00 00 0c 04 f9 f9 00   ................
0010  63 00 00 00 00 00 00 e1                           c.......

Packet (53 bytes):
0000  1c 00 b0 d9 9e 85 03 ad ff ff 00 00 00 00 1b 00   ................
0010  00 01 00 01 00 00 02 19 00 00 00 00 21 09 08 02   ............!...
0020  01 00 11 00 08 03 00 00 00 00 00 00 00 00 00 00   ................
0030  00 00 00 00 4a                                    ....J
USB Control (24 bytes):
0000  09 08 02 01 00 11 00 08 03 00 00 00 00 00 00 00   ................
0010  00 00 00 00 00 00 00 4a                           .......J

Packet (53 bytes):
0000  1c 00 10 d0 9e 85 03 ad ff ff 00 00 00 00 1b 00   ................
0010  00 01 00 01 00 00 02 19 00 00 00 00 21 09 08 02   ............!...
0020  01 00 11 00 08 04 00 00 00 00 00 00 00 00 00 00   ................
0030  00 00 00 00 49                                    ....I
USB Control (24 bytes):
0000  09 08 02 01 00 11 00 08 04 00 00 00 00 00 00 00   ................
0010  00 00 00 00 00 00 00 49                           .......I

Packet (53 bytes):
0000  1c 00 10 c0 9e 85 03 ad ff ff 00 00 00 00 1b 00   ................
0010  00 01 00 01 00 00 02 19 00 00 00 00 21 09 08 02   ............!...
0020  01 00 11 00 08 03 00 00 00 00 00 00 00 00 00 00   ................
0030  00 00 00 00 4a                                    ....J
USB Control (24 bytes):
0000  09 08 02 01 00 11 00 08 03 00 00 00 00 00 00 00   ................
0010  00 00 00 00 00 00 00 4a                           .......J

Packet (53 bytes):
0000  1c 00 10 d0 9e 85 03 ad ff ff 00 00 00 00 1b 00   ................
0010  00 01 00 01 00 00 02 19 00 00 00 00 21 09 08 02   ............!...
0020  01 00 11 00 08 07 00 00 0c 04 fa fa 00 61 00 00   .............a..
0030  00 00 00 00 e1                                    .....
USB Control (24 bytes):
0000  09 08 02 01 00 11 00 08 07 00 00 0c 04 fa fa 00   ................
0010  61 00 00 00 00 00 00 e1                           a.......

Packet (53 bytes):
0000  1c 00 b0 c9 9e 85 03 ad ff ff 00 00 00 00 1b 00   ................
0010  00 01 00 01 00 00 02 19 00 00 00 00 21 09 08 02   ............!...
0020  01 00 11 00 08 03 00 00 00 00 00 00 00 00 00 00   ................
0030  00 00 00 00 4a                                    ....J
USB Control (24 bytes):
0000  09 08 02 01 00 11 00 08 03 00 00 00 00 00 00 00   ................
0010  00 00 00 00 00 00 00 4a                           .......J

Packet (53 bytes):
0000  1c 00 10 20 23 7f 03 ad ff ff 00 00 00 00 1b 00   ... #...........
0010  00 01 00 01 00 00 02 19 00 00 00 00 21 09 08 02   ............!...
0020  01 00 11 00 08 07 00 00 0c 04 fb fb 00 5f 00 00   ............._..
0030  00 00 00 00 e1                                    .....
USB Control (24 bytes):
0000  09 08 02 01 00 11 00 08 07 00 00 0c 04 fb fb 00   ................
0010  5f 00 00 00 00 00 00 e1                           _.......

Packet (53 bytes):
0000  1c 00 10 20 23 7f 03 ad ff ff 00 00 00 00 1b 00   ... #...........
0010  00 01 00 01 00 00 02 19 00 00 00 00 21 09 08 02   ............!...
0020  01 00 11 00 08 03 00 00 00 00 00 00 00 00 00 00   ................
0030  00 00 00 00 4a                                    ....J
USB Control (24 bytes):
0000  09 08 02 01 00 11 00 08 03 00 00 00 00 00 00 00   ................
0010  00 00 00 00 00 00 00 4a                           .......J

Packet (53 bytes):
0000  1c 00 b0 d9 9e 85 03 ad ff ff 00 00 00 00 1b 00   ................
0010  00 01 00 01 00 00 02 19 00 00 00 00 21 09 08 02   ............!...
0020  01 00 11 00 08 07 00 00 0c 04 fc fc 00 5d 00 00   .............]..
0030  00 00 00 00 e1                                    .....
USB Control (24 bytes):
0000  09 08 02 01 00 11 00 08 07 00 00 0c 04 fc fc 00   ................
0010  5d 00 00 00 00 00 00 e1                           ].......

Packet (53 bytes):
0000  1c 00 10 20 23 7f 03 ad ff ff 00 00 00 00 1b 00   ... #...........
0010  00 01 00 01 00 00 02 19 00 00 00 00 21 09 08 02   ............!...
0020  01 00 11 00 08 03 00 00 00 00 00 00 00 00 00 00   ................
0030  00 00 00 00 4a                                    ....J
USB Control (24 bytes):
0000  09 08 02 01 00 11 00 08 03 00 00 00 00 00 00 00   ................
0010  00 00 00 00 00 00 00 4a                           .......J

Packet (53 bytes):
0000  1c 00 b0 d9 9e 85 03 ad ff ff 00 00 00 00 1b 00   ................
0010  00 01 00 01 00 00 02 19 00 00 00 00 21 09 08 02   ............!...
0020  01 00 11 00 08 07 00 00 0c 04 fd fd 00 5b 00 00   .............[..
0030  00 00 00 00 e1                                    .....
USB Control (24 bytes):
0000  09 08 02 01 00 11 00 08 07 00 00 0c 04 fd fd 00   ................
0010  5b 00 00 00 00 00 00 e1                           [.......

Packet (53 bytes):
0000  1c 00 10 20 23 7f 03 ad ff ff 00 00 00 00 1b 00   ... #...........
0010  00 01 00 01 00 00 02 19 00 00 00 00 21 09 08 02   ............!...
0020  01 00 11 00 08 03 00 00 00 00 00 00 00 00 00 00   ................
0030  00 00 00 00 4a                                    ....J
USB Control (24 bytes):
0000  09 08 02 01 00 11 00 08 03 00 00 00 00 00 00 00   ................
0010  00 00 00 00 00 00 00 4a                           .......J

Packet (53 bytes):
0000  1c 00 10 c0 9e 85 03 ad ff ff 00 00 00 00 1b 00   ................
0010  00 01 00 01 00 00 02 19 00 00 00 00 21 09 08 02   ............!...
0020  01 00 11 00 08 07 00 00 0c 04 fe fe 00 59 00 00   .............Y..
0030  00 00 00 00 e1                                    .....
USB Control (24 bytes):
0000  09 08 02 01 00 11 00 08 07 00 00 0c 04 fe fe 00   ................
0010  59 00 00 00 00 00 00 e1                           Y.......

Packet (53 bytes):
0000  1c 00 b0 e9 9e 85 03 ad ff ff 00 00 00 00 1b 00   ................
0010  00 01 00 01 00 00 02 19 00 00 00 00 21 09 08 02   ............!...
0020  01 00 11 00 08 03 00 00 00 00 00 00 00 00 00 00   ................
0030  00 00 00 00 4a                                    ....J
USB Control (24 bytes):
0000  09 08 02 01 00 11 00 08 03 00 00 00 00 00 00 00   ................
0010  00 00 00 00 00 00 00 4a                           .......J

Packet (53 bytes):
0000  1c 00 b0 d9 9e 85 03 ad ff ff 00 00 00 00 1b 00   ................
0010  00 01 00 01 00 00 02 19 00 00 00 00 21 09 08 02   ............!...
0020  01 00 11 00 08 07 00 00 0c 04 ff ff 00 57 00 00   .............W..
0030  00 00 00 00 e1                                    .....
USB Control (24 bytes):
0000  09 08 02 01 00 11 00 08 07 00 00 0c 04 ff ff 00   ................
0010  57 00 00 00 00 00 00 e1                           W.......

Packet (53 bytes):
0000  1c 00 00 bb 9e 85 03 ad ff ff 00 00 00 00 1b 00   ................
0010  00 01 00 01 00 00 02 19 00 00 00 00 21 09 08 02   ............!...
0020  01 00 11 00 08 03 00 00 00 00 00 00 00 00 00 00   ................
0030  00 00 00 00 4a                                    ....J
USB Control (24 bytes):
0000  09 08 02 01 00 11 00 08 03 00 00 00 00 00 00 00   ................
0010  00 00 00 00 00 00 00 4a                           .......J

Packet (53 bytes):
0000  1c 00 b0 d9 9e 85 03 ad ff ff 00 00 00 00 1b 00   ................
0010  00 01 00 01 00 00 02 19 00 00 00 00 21 09 08 02   ............!...
0020  01 00 11 00 08 07 00 00 0c 04 00 00 44 11 00 00   ............D...
0030  00 00 00 00 e1                                    .....
USB Control (24 bytes):
0000  09 08 02 01 00 11 00 08 07 00 00 0c 04 00 00 44   ...............D
0010  11 00 00 00 00 00 00 e1                           ........

Packet (53 bytes):
0000  1c 00 b0 b2 69 81 03 ad ff ff 00 00 00 00 1b 00   ....i...........
0010  00 01 00 01 00 00 02 19 00 00 00 00 21 09 08 02   ............!...
0020  01 00 11 00 08 03 00 00 00 00 00 00 00 00 00 00   ................
0030  00 00 00 00 4a                                    ....J
USB Control (24 bytes):
0000  09 08 02 01 00 11 00 08 03 00 00 00 00 00 00 00   ................
0010  00 00 00 00 00 00 00 4a                           .......J

Packet (53 bytes):
0000  1c 00 b0 e9 9e 85 03 ad ff ff 00 00 00 00 1b 00   ................
0010  00 01 00 01 00 00 02 19 00 00 00 00 21 09 08 02   ............!...
0020  01 00 11 00 08 07 00 00 0c 04 01 01 44 0f 00 00   ............D...
0030  00 00 00 00 e1                                    .....
USB Control (24 bytes):
0000  09 08 02 01 00 11 00 08 07 00 00 0c 04 01 01 44   ...............D
0010  0f 00 00 00 00 00 00 e1                           ........

Packet (53 bytes):
0000  1c 00 10 d0 9e 85 03 ad ff ff 00 00 00 00 1b 00   ................
0010  00 01 00 01 00 00 02 19 00 00 00 00 21 09 08 02   ............!...
0020  01 00 11 00 08 03 00 00 00 00 00 00 00 00 00 00   ................
0030  00 00 00 00 4a                                    ....J
USB Control (24 bytes):
0000  09 08 02 01 00 11 00 08 03 00 00 00 00 00 00 00   ................
0010  00 00 00 00 00 00 00 4a                           .......J

Packet (53 bytes):
0000  1c 00 b0 e9 9e 85 03 ad ff ff 00 00 00 00 1b 00   ................
0010  00 01 00 01 00 00 02 19 00 00 00 00 21 09 08 02   ............!...
0020  01 00 11 00 08 07 00 00 0c 04 02 02 44 0d 00 00   ............D...
0030  00 00 00 00 e1                                    .....
USB Control (24 bytes):
0000  09 08 02 01 00 11 00 08 07 00 00 0c 04 02 02 44   ...............D
0010  0d 00 00 00 00 00 00 e1                           ........

Packet (53 bytes):
0000  1c 00 b0 d9 9e 85 03 ad ff ff 00 00 00 00 1b 00   ................
0010  00 01 00 01 00 00 02 19 00 00 00 00 21 09 08 02   ............!...
0020  01 00 11 00 08 03 00 00 00 00 00 00 00 00 00 00   ................
0030  00 00 00 00 4a                                    ....J
USB Control (24 bytes):
0000  09 08 02 01 00 11 00 08 03 00 00 00 00 00 00 00   ................
0010  00 00 00 00 00 00 00 4a                           .......J

Packet (53 bytes):
0000  1c 00 10 20 23 7f 03 ad ff ff 00 00 00 00 1b 00   ... #...........
0010  00 01 00 01 00 00 02 19 00 00 00 00 21 09 08 02   ............!...
0020  01 00 11 00 08 07 00 00 0c 04 03 03 44 0b 00 00   ............D...
0030  00 00 00 00 e1                                    .....
USB Control (24 bytes):
0000  09 08 02 01 00 11 00 08 07 00 00 0c 04 03 03 44   ...............D
0010  0b 00 00 00 00 00 00 e1                           ........

Packet (53 bytes):
0000  1c 00 10 20 23 7f 03 ad ff ff 00 00 00 00 1b 00   ... #...........
0010  00 01 00 01 00 00 02 19 00 00 00 00 21 09 08 02   ............!...
0020  01 00 11 00 08 03 00 00 00 00 00 00 00 00 00 00   ................
0030  00 00 00 00 4a                                    ....J
USB Control (24 bytes):
0000  09 08 02 01 00 11 00 08 03 00 00 00 00 00 00 00   ................
0010  00 00 00 00 00 00 00 4a                           .......J

Packet (53 bytes):
0000  1c 00 b0 c9 9e 85 03 ad ff ff 00 00 00 00 1b 00   ................
0010  00 01 00 01 00 00 02 19 00 00 00 00 21 09 08 02   ............!...
0020  01 00 11 00 08 04 00 00 00 00 00 00 00 00 00 00   ................
0030  00 00 00 00 49                                    ....I
USB Control (24 bytes):
0000  09 08 02 01 00 11 00 08 04 00 00 00 00 00 00 00   ................
0010  00 00 00 00 00 00 00 49                           .......I

Packet (53 bytes):
0000  1c 00 10 d0 9e 85 03 ad ff ff 00 00 00 00 1b 00   ................
0010  00 01 00 01 00 00 02 19 00 00 00 00 21 09 08 02   ............!...
0020  01 00 11 00 08 03 00 00 00 00 00 00 00 00 00 00   ................
0030  00 00 00 00 4a                                    ....J
USB Control (24 bytes):
0000  09 08 02 01 00 11 00 08 03 00 00 00 00 00 00 00   ................
0010  00 00 00 00 00 00 00 4a                           .......J

Packet (53 bytes):
0000  1c 00 10 20 23 7f 03 ad ff ff 00 00 00 00 1b 00   ... #...........
0010  00 01 00 01 00 00 02 19 00 00 00 00 21 09 08 02   ............!...
0020  01 00 11 00 08 07 00 00 0c 04 04 04 44 09 00 00   ............D...
0030  00 00 00 00 e1                                    .....
USB Control (24 bytes):
0000  09 08 02 01 00 11 00 08 07 00 00 0c 04 04 04 44   ...............D
0010  09 00 00 00 00 00 00 e1                           ........

Packet (53 bytes):
0000  1c 00 10 e0 9e 85 03 ad ff ff 00 00 00 00 1b 00   ................
0010  00 01 00 01 00 00 02 19 00 00 00 00 21 09 08 02   ............!...
0020  01 00 11 00 08 03 00 00 00 00 00 00 00 00 00 00   ................
0030  00 00 00 00 4a                                    ....J
USB Control (24 bytes):
0000  09 08 02 01 00 11 00 08 03 00 00 00 00 00 00 00   ................
0010  00 00 00 00 00 00 00 4a                           .......J

Packet (53 bytes):
0000  1c 00 b0 d9 9e 85 03 ad ff ff 00 00 00 00 1b 00   ................
0010  00 01 00 01 00 00 02 19 00 00 00 00 21 09 08 02   ............!...
0020  01 00 11 00 08 07 00 00 0c 04 05 05 44 07 00 00   ............D...
0030  00 00 00 00 e1                                    .....
USB Control (24 bytes):
0000  09 08 02 01 00 11 00 08 07 00 00 0c 04 05 05 44   ...............D
0010  07 00 00 00 00 00 00 e1                           ........

Packet (53 bytes):
0000  1c 00 10 e0 9e 85 03 ad ff ff 00 00 00 00 1b 00   ................
0010  00 01 00 01 00 00 02 19 00 00 00 00 21 09 08 02   ............!...
0020  01 00 11 00 08 03 00 00 00 00 00 00 00 00 00 00   ................
0030  00 00 00 00 4a                                    ....J
USB Control (24 bytes):
0000  09 08 02 01 00 11 00 08 03 00 00 00 00 00 00 00   ................
0010  00 00 00 00 00 00 00 4a                           .......J

Packet (53 bytes):
0000  1c 00 b0 d9 9e 85 03 ad ff ff 00 00 00 00 1b 00   ................
0010  00 01 00 01 00 00 02 19 00 00 00 00 21 09 08 02   ............!...
0020  01 00 11 00 08 07 00 00 0c 04 06 06 44 05 00 00   ............D...
0030  00 00 00 00 e1                                    .....
USB Control (24 bytes):
0000  09 08 02 01 00 11 00 08 07 00 00 0c 04 06 06 44   ...............D
0010  05 00 00 00 00 00 00 e1                           ........

Packet (53 bytes):
0000  1c 00 b0 e9 9e 85 03 ad ff ff 00 00 00 00 1b 00   ................
0010  00 01 00 01 00 00 02 19 00 00 00 00 21 09 08 02   ............!...
0020  01 00 11 00 08 03 00 00 00 00 00 00 00 00 00 00   ................
0030  00 00 00 00 4a                                    ....J
USB Control (24 bytes):
0000  09 08 02 01 00 11 00 08 03 00 00 00 00 00 00 00   ................
0010  00 00 00 00 00 00 00 4a                           .......J

Packet (53 bytes):
0000  1c 00 10 d0 9e 85 03 ad ff ff 00 00 00 00 1b 00   ................
0010  00 01 00 01 00 00 02 19 00 00 00 00 21 09 08 02   ............!...
0020  01 00 11 00 08 07 00 00 0c 04 07 07 44 03 00 00   ............D...
0030  00 00 00 00 e1                                    .....
USB Control (24 bytes):
0000  09 08 02 01 00 11 00 08 07 00 00 0c 04 07 07 44   ...............D
0010  03 00 00 00 00 00 00 e1                           ........

Packet (53 bytes):
0000  1c 00 e0 ea 93 7e 03 ad ff ff 00 00 00 00 1b 00   .....~..........
0010  00 01 00 01 00 00 02 19 00 00 00 00 21 09 08 02   ............!...
0020  01 00 11 00 08 03 00 00 00 00 00 00 00 00 00 00   ................
0030  00 00 00 00 4a                                    ....J
USB Control (24 bytes):
0000  09 08 02 01 00 11 00 08 03 00 00 00 00 00 00 00   ................
0010  00 00 00 00 00 00 00 4a                           .......J

Packet (53 bytes):
0000  1c 00 b0 e9 9e 85 03 ad ff ff 00 00 00 00 1b 00   ................
0010  00 01 00 01 00 00 02 19 00 00 00 00 21 09 08 02   ............!...
0020  01 00 11 00 08 07 00 00 0c 04 08 08 44 01 00 00   ............D...
0030  00 00 00 00 e1                                    .....
USB Control (24 bytes):
0000  09 08 02 01 00 11 00 08 07 00 00 0c 04 08 08 44   ...............D
0010  01 00 00 00 00 00 00 e1                           ........

Packet (53 bytes):
0000  1c 00 00 bb 9e 85 03 ad ff ff 00 00 00 00 1b 00   ................
0010  00 01 00 01 00 00 02 19 00 00 00 00 21 09 08 02   ............!...
0020  01 00 11 00 08 03 00 00 00 00 00 00 00 00 00 00   ................
0030  00 00 00 00 4a                                    ....J
USB Control (24 bytes):
0000  09 08 02 01 00 11 00 08 03 00 00 00 00 00 00 00   ................
0010  00 00 00 00 00 00 00 4a                           .......J

Packet (53 bytes):
0000  1c 00 b0 d9 9e 85 03 ad ff ff 00 00 00 00 1b 00   ................
0010  00 01 00 01 00 00 02 19 00 00 00 00 21 09 08 02   ............!...
0020  01 00 11 00 08 07 00 00 0c 04 09 09 44 ff 00 00   ............D...
0030  00 00 00 00 e1                                    .....
USB Control (24 bytes):
0000  09 08 02 01 00 11 00 08 07 00 00 0c 04 09 09 44   ...............D
0010  ff 00 00 00 00 00 00 e1                           ........

Packet (53 bytes):
0000  1c 00 e0 ea 93 7e 03 ad ff ff 00 00 00 00 1b 00   .....~..........
0010  00 01 00 01 00 00 02 19 00 00 00 00 21 09 08 02   ............!...
0020  01 00 11 00 08 03 00 00 00 00 00 00 00 00 00 00   ................
0030  00 00 00 00 4a                                    ....J
USB Control (24 bytes):
0000  09 08 02 01 00 11 00 08 03 00 00 00 00 00 00 00   ................
0010  00 00 00 00 00 00 00 4a                           .......J

Packet (53 bytes):
0000  1c 00 b0 e9 9e 85 03 ad ff ff 00 00 00 00 1b 00   ................
0010  00 01 00 01 00 00 02 19 00 00 00 00 21 09 08 02   ............!...
0020  01 00 11 00 08 07 00 00 0c 04 0a 0a 44 fd 00 00   ............D...
0030  00 00 00 00 e1                                    .....
USB Control (24 bytes):
0000  09 08 02 01 00 11 00 08 07 00 00 0c 04 0a 0a 44   ...............D
0010  fd 00 00 00 00 00 00 e1                           ........

Packet (53 bytes):
0000  1c 00 10 e0 b9 85 03 ad ff ff 00 00 00 00 1b 00   ................
0010  00 01 00 01 00 00 02 19 00 00 00 00 21 09 08 02   ............!...
0020  01 00 11 00 08 03 00 00 00 00 00 00 00 00 00 00   ................
0030  00 00 00 00 4a                                    ....J
USB Control (24 bytes):
0000  09 08 02 01 00 11 00 08 03 00 00 00 00 00 00 00   ................
0010  00 00 00 00 00 00 00 4a                           .......J

Packet (53 bytes):
0000  1c 00 10 e0 9e 85 03 ad ff ff 00 00 00 00 1b 00   ................
0010  00 01 00 01 00 00 02 19 00 00 00 00 21 09 08 02   ............!...
0020  01 00 11 00 08 07 00 00 0c 04 0b 0b 44 fb 00 00   ............D...
0030  00 00 00 00 e1                                    .....
USB Control (24 bytes):
0000  09 08 02 01 00 11 00 08 07 00 00 0c 04 0b 0b 44   ...............D
0010  fb 00 00 00 00 00 00 e1                           ........

Packet (53 bytes):
0000  1c 00 b0 b2 69 81 03 ad ff ff 00 00 00 00 1b 00   ....i...........
0010  00 01 00 01 00 00 02 19 00 00 00 00 21 09 08 02   ............!...
0020  01 00 11 00 08 03 00 00 00 00 00 00 00 00 00 00   ................
0030  00 00 00 00 4a                                    ....J
USB Control (24 bytes):
0000  09 08 02 01 00 11 00 08 03 00 00 00 00 00 00 00   ................
0010  00 00 00 00 00 00 00 4a                           .......J

Packet (53 bytes):
0000  1c 00 b0 d9 9e 85 03 ad ff ff 00 00 00 00 1b 00   ................
0010  00 01 00 01 00 00 02 19 00 00 00 00 21 09 08 02   ............!...
0020  01 00 11 00 08 07 00 00 0c 04 0c 0c 44 f9 00 00   ............D...
0030  00 00 00 00 e1                                    .....
USB Control (24 bytes):
0000  09 08 02 01 00 11 00 08 07 00 00 0c 04 0c 0c 44   ...............D
0010  f9 00 00 00 00 00 00 e1                           ........

Packet (53 bytes):
0000  1c 00 10 e0 9e 85 03 ad ff ff 00 00 00 00 1b 00   ................
0010  00 01 00 01 00 00 02 19 00 00 00 00 21 09 08 02   ............!...
0020  01 00 11 00 08 03 00 00 00 00 00 00 00 00 00 00   ................
0030  00 00 00 00 4a                                    ....J
USB Control (24 bytes):
0000  09 08 02 01 00 11 00 08 03 00 00 00 00 00 00 00   ................
0010  00 00 00 00 00 00 00 4a                           .......J

Packet (53 bytes):
0000  1c 00 b0 e9 9e 85 03 ad ff ff 00 00 00 00 1b 00   ................
0010  00 01 00 01 00 00 02 19 00 00 00 00 21 09 08 02   ............!...
0020  01 00 11 00 08 07 00 00 0c 04 0d 0d 44 f7 00 00   ............D...
0030  00 00 00 00 e1                                    .....
USB Control (24 bytes):
0000  09 08 02 01 00 11 00 08 07 00 00 0c 04 0d 0d 44   ...............D
0010  f7 00 00 00 00 00 00 e1                           ........

Packet (53 bytes):
0000  1c 00 b0 b2 69 81 03 ad ff ff 00 00 00 00 1b 00   ....i...........
0010  00 01 00 01 00 00 02 19 00 00 00 00 21 09 08 02   ............!...
0020  01 00 11 00 08 03 00 00 00 00 00 00 00 00 00 00   ................
0030  00 00 00 00 4a                                    ....J
USB Control (24 bytes):
0000  09 08 02 01 00 11 00 08 03 00 00 00 00 00 00 00   ................
0010  00 00 00 00 00 00 00 4a                           .......J

Packet (53 bytes):
0000  1c 00 10 d0 9e 85 03 ad ff ff 00 00 00 00 1b 00   ................
0010  00 01 00 01 00 00 02 19 00 00 00 00 21 09 08 02   ............!...
0020  01 00 11 00 08 03 00 00 00 00 00 00 00 00 00 00   ................
0030  00 00 00 00 4a                                    ....J
USB Control (24 bytes):
0000  09 08 02 01 00 11 00 08 03 00 00 00 00 00 00 00   ................
0010  00 00 00 00 00 00 00 4a                           .......J

Packet (53 bytes):
0000  1c 00 10 e0 9e 85 03 ad ff ff 00 00 00 00 1b 00   ................
0010  00 01 00 01 00 00 02 19 00 00 00 00 21 09 08 02   ............!...
0020  01 00 11 00 08 04 00 00 00 00 00 00 00 00 00 00   ................
0030  00 00 00 00 49                                    ....I
USB Control (24 bytes):
0000  09 08 02 01 00 11 00 08 04 00 00 00 00 00 00 00   ................
0010  00 00 00 00 00 00 00 49                           .......I

Packet (53 bytes):
0000  1c 00 10 e0 9e 85 03 ad ff ff 00 00 00 00 1b 00   ................
0010  00 01 00 01 00 00 02 19 00 00 00 00 21 09 08 02   ............!...
0020  01 00 11 00 08 07 00 00 0c 04 0e 0e 44 f5 00 00   ............D...
0030  00 00 00 00 e1                                    .....
USB Control (24 bytes):
0000  09 08 02 01 00 11 00 08 07 00 00 0c 04 0e 0e 44   ...............D
0010  f5 00 00 00 00 00 00 e1                           ........

Packet (53 bytes):
0000  1c 00 10 20 23 7f 03 ad ff ff 00 00 00 00 1b 00   ... #...........
0010  00 01 00 01 00 00 02 19 00 00 00 00 21 09 08 02   ............!...
0020  01 00 11 00 08 03 00 00 00 00 00 00 00 00 00 00   ................
0030  00 00 00 00 4a                                    ....J
USB Control (24 bytes):
0000  09 08 02 01 00 11 00 08 03 00 00 00 00 00 00 00   ................
0010  00 00 00 00 00 00 00 4a                           .......J

Packet (53 bytes):
0000  1c 00 b0 c9 9e 85 03 ad ff ff 00 00 00 00 1b 00   ................
0010  00 01 00 01 00 00 02 19 00 00 00 00 21 09 08 02   ............!...
0020  01 00 11 00 08 07 00 00 0c 04 0f 0f 44 f3 00 00   ............D...
0030  00 00 00 00 e1                                    .....
USB Control (24 bytes):
0000  09 08 02 01 00 11 00 08 07 00 00 0c 04 0f 0f 44   ...............D
0010  f3 00 00 00 00 00 00 e1                           ........

Packet (53 bytes):
0000  1c 00 e0 ea 93 7e 03 ad ff ff 00 00 00 00 1b 00   .....~..........
0010  00 01 00 01 00 00 02 19 00 00 00 00 21 09 08 02   ............!...
0020  01 00 11 00 08 03 00 00 00 00 00 00 00 00 00 00   ................
0030  00 00 00 00 4a                                    ....J
USB Control (24 bytes):
0000  09 08 02 01 00 11 00 08 03 00 00 00 00 00 00 00   ................
0010  00 00 00 00 00 00 00 4a                           .......J

Packet (53 bytes):
0000  1c 00 10 20 23 7f 03 ad ff ff 00 00 00 00 1b 00   ... #...........
0010  00 01 00 01 00 00 02 19 00 00 00 00 21 09 08 02   ............!...
0020  01 00 11 00 08 07 00 00 0c 04 10 10 44 f1 00 00   ............D...
0030  00 00 00 00 e1                                    .....
USB Control (24 bytes):
0000  09 08 02 01 00 11 00 08 07 00 00 0c 04 10 10 44   ...............D
0010  f1 00 00 00 00 00 00 e1                           ........

Packet (53 bytes):
0000  1c 00 10 e0 9e 85 03 ad ff ff 00 00 00 00 1b 00   ................
0010  00 01 00 01 00 00 02 19 00 00 00 00 21 09 08 02   ............!...
0020  01 00 11 00 08 03 00 00 00 00 00 00 00 00 00 00   ................
0030  00 00 00 00 4a                                    ....J
USB Control (24 bytes):
0000  09 08 02 01 00 11 00 08 03 00 00 00 00 00 00 00   ................
0010  00 00 00 00 00 00 00 4a                           .......J

Packet (53 bytes):
0000  1c 00 10 20 23 7f 03 ad ff ff 00 00 00 00 1b 00   ... #...........
0010  00 01 00 01 00 00 02 19 00 00 00 00 21 09 08 02   ............!...
0020  01 00 11 00 08 07 00 00 0c 04 11 11 44 ef 00 00   ............D...
0030  00 00 00 00 e1                                    .....
USB Control (24 bytes):
0000  09 08 02 01 00 11 00 08 07 00 00 0c 04 11 11 44   ...............D
0010  ef 00 00 00 00 00 00 e1                           ........

Packet (53 bytes):
0000  1c 00 00 bb 9e 85 03 ad ff ff 00 00 00 00 1b 00   ................
0010  00 01 00 01 00 00 02 19 00 00 00 00 21 09 08 02   ............!...
0020  01 00 11 00 08 03 00 00 00 00 00 00 00 00 00 00   ................
0030  00 00 00 00 4a                                    ....J
USB Control (24 bytes):
0000  09 08 02 01 00 11 00 08 03 00 00 00 00 00 00 00   ................
0010  00 00 00 00 00 00 00 4a                           .......J

Packet (53 bytes):
0000  1c 00 b0 e9 9e 85 03 ad ff ff 00 00 00 00 1b 00   ................
0010  00 01 00 01 00 00 02 19 00 00 00 00 21 09 08 02   ............!...
0020  01 00 11 00 08 07 00 00 0c 04 12 12 44 ed 00 00   ............D...
0030  00 00 00 00 e1                                    .....
USB Control (24 bytes):
0000  09 08 02 01 00 11 00 08 07 00 00 0c 04 12 12 44   ...............D
0010  ed 00 00 00 00 00 00 e1                           ........

Packet (53 bytes):
0000  1c 00 b0 b2 69 81 03 ad ff ff 00 00 00 00 1b 00   ....i...........
0010  00 01 00 01 00 00 02 19 00 00 00 00 21 09 08 02   ............!...
0020  01 00 11 00 08 03 00 00 00 00 00 00 00 00 00 00   ................
0030  00 00 00 00 4a                                    ....J
USB Control (24 bytes):
0000  09 08 02 01 00 11 00 08 03 00 00 00 00 00 00 00   ................
0010  00 00 00 00 00 00 00 4a                           .......J

Packet (53 bytes):
0000  1c 00 10 20 23 7f 03 ad ff ff 00 00 00 00 1b 00   ... #...........
0010  00 01 00 01 00 00 02 19 00 00 00 00 21 09 08 02   ............!...
0020  01 00 11 00 08 07 00 00 0c 04 13 13 44 eb 00 00   ............D...
0030  00 00 00 00 e1                                    .....
USB Control (24 bytes):
0000  09 08 02 01 00 11 00 08 07 00 00 0c 04 13 13 44   ...............D
0010  eb 00 00 00 00 00 00 e1                           ........

Packet (53 bytes):
0000  1c 00 10 c0 9e 85 03 ad ff ff 00 00 00 00 1b 00   ................
0010  00 01 00 01 00 00 02 19 00 00 00 00 21 09 08 02   ............!...
0020  01 00 11 00 08 03 00 00 00 00 00 00 00 00 00 00   ................
0030  00 00 00 00 4a                                    ....J
USB Control (24 bytes):
0000  09 08 02 01 00 11 00 08 03 00 00 00 00 00 00 00   ................
0010  00 00 00 00 00 00 00 4a                           .......J

Packet (53 bytes):
0000  1c 00 b0 d9 9e 85 03 ad ff ff 00 00 00 00 1b 00   ................
0010  00 01 00 01 00 00 02 19 00 00 00 00 21 09 08 02   ............!...
0020  01 00 11 00 08 07 00 00 0c 04 14 14 44 e9 00 00   ............D...
0030  00 00 00 00 e1                                    .....
USB Control (24 bytes):
0000  09 08 02 01 00 11 00 08 07 00 00 0c 04 14 14 44   ...............D
0010  e9 00 00 00 00 00 00 e1                           ........

Packet (53 bytes):
0000  1c 00 60 34 f7 80 03 ad ff ff 00 00 00 00 1b 00   ..`4............
0010  00 01 00 01 00 00 02 19 00 00 00 00 21 09 08 02   ............!...
0020  01 00 11 00 08 03 00 00 00 00 00 00 00 00 00 00   ................
0030  00 00 00 00 4a                                    ....J
USB Control (24 bytes):
0000  09 08 02 01 00 11 00 08 03 00 00 00 00 00 00 00   ................
0010  00 00 00 00 00 00 00 4a                           .......J

Packet (53 bytes):
0000  1c 00 b0 d9 9e 85 03 ad ff ff 00 00 00 00 1b 00   ................
0010  00 01 00 01 00 00 02 19 00 00 00 00 21 09 08 02   ............!...
0020  01 00 11 00 08 07 00 00 0c 04 15 15 44 e7 00 00   ............D...
0030  00 00 00 00 e1                                    .....
USB Control (24 bytes):
0000  09 08 02 01 00 11 00 08 07 00 00 0c 04 15 15 44   ...............D
0010  e7 00 00 00 00 00 00 e1                           ........

Packet (53 bytes):
0000  1c 00 10 e0 b9 85 03 ad ff ff 00 00 00 00 1b 00   ................
0010  00 01 00 01 00 00 02 19 00 00 00 00 21 09 08 02   ............!...
0020  01 00 11 00 08 03 00 00 00 00 00 00 00 00 00 00   ................
0030  00 00 00 00 4a                                    ....J
USB Control (24 bytes):
0000  09 08 02 01 00 11 00 08 03 00 00 00 00 00 00 00   ................
0010  00 00 00 00 00 00 00 4a                           .......J

Packet (53 bytes):
0000  1c 00 10 20 23 7f 03 ad ff ff 00 00 00 00 1b 00   ... #...........
0010  00 01 00 01 00 00 02 19 00 00 00 00 21 09 08 02   ............!...
0020  01 00 11 00 08 07 00 00 0c 04 16 16 44 e5 00 00   ............D...
0030  00 00 00 00 e1                                    .....
USB Control (24 bytes):
0000  09 08 02 01 00 11 00 08 07 00 00 0c 04 16 16 44   ...............D
0010  e5 00 00 00 00 00 00 e1                           ........

Packet (53 bytes):
0000  1c 00 b0 b2 69 81 03 ad ff ff 00 00 00 00 1b 00   ....i...........
0010  00 01 00 01 00 00 02 19 00 00 00 00 21 09 08 02   ............!...
0020  01 00 11 00 08 03 00 00 00 00 00 00 00 00 00 00   ................
0030  00 00 00 00 4a                                    ....J
USB Control (24 bytes):
0000  09 08 02 01 00 11 00 08 03 00 00 00 00 00 00 00   ................
0010  00 00 00 00 00 00 00 4a                           .......J

Packet (53 bytes):
0000  1c 00 b0 d9 9e 85 03 ad ff ff 00 00 00 00 1b 00   ................
0010  00 01 00 01 00 00 02 19 00 00 00 00 21 09 08 02   ............!...
0020  01 00 11 00 08 07 00 00 0c 04 17 17 44 e3 00 00   ............D...
0030  00 00 00 00 e1                                    .....
USB Control (24 bytes):
0000  09 08 02 01 00 11 00 08 07 00 00 0c 04 17 17 44   ...............D
0010  e3 00 00 00 00 00 00 e1                           ........

Packet (53 bytes):
0000  1c 00 60 34 f7 80 03 ad ff ff 00 00 00 00 1b 00   ..`4............
0010  00 01 00 01 00 00 02 19 00 00 00 00 21 09 08 02   ............!...
0020  01 00 11 00 08 03 00 00 00 00 00 00 00 00 00 00   ................
0030  00 00 00 00 4a                                    ....J
USB Control (24 bytes):
0000  09 08 02 01 00 11 00 08 03 00 00 00 00 00 00 00   ................
0010  00 00 00 00 00 00 00 4a                           .......J

Packet (53 bytes):
0000  1c 00 b0 d9 9e 85 03 ad ff ff 00 00 00 00 1b 00   ................
0010  00 01 00 01 00 00 02 19 00 00 00 00 21 09 08 02   ............!...
0020  01 00 11 00 08 07 00 00 0c 04 18 18 44 e1 00 00   ............D...
0030  00 00 00 00 e1                                    .....
USB Control (24 bytes):
0000  09 08 02 01 00 11 00 08 07 00 00 0c 04 18 18 44   ...............D
0010  e1 00 00 00 00 00 00 e1                           ........

Packet (53 bytes):
0000  1c 00 10 20 23 7f 03 ad ff ff 00 00 00 00 1b 00   ... #...........
0010  00 01 00 01 00 00 02 19 00 00 00 00 21 09 08 02   ............!...
0020  01 00 11 00 08 03 00 00 00 00 00 00 00 00 00 00   ................
0030  00 00 00 00 4a                                    ....J
USB Control (24 bytes):
0000  09 08 02 01 00 11 00 08 03 00 00 00 00 00 00 00   ................
0010  00 00 00 00 00 00 00 4a                           .......J

Packet (53 bytes):
0000  1c 00 b0 d9 9e 85 03 ad ff ff 00 00 00 00 1b 00   ................
0010  00 01 00 01 00 00 02 19 00 00 00 00 21 09 08 02   ............!...
0020  01 00 11 00 08 04 00 00 00 00 00 00 00 00 00 00   ................
0030  00 00 00 00 49                                    ....I
USB Control (24 bytes):
0000  09 08 02 01 00 11 00 08 04 00 00 00 00 00 00 00   ................
0010  00 00 00 00 00 00 00 49                           .......I

Packet (53 bytes):
0000  1c 00 10 e0 b9 85 03 ad ff ff 00 00 00 00 1b 00   ................
0010  00 01 00 01 00 00 02 19 00 00 00 00 21 09 08 02   ............!...
0020  01 00 11 00 08 03 00 00 00 00 00 00 00 00 00 00   ................
0030  00 00 00 00 4a                                    ....J
USB Control (24 bytes):
0000  09 08 02 01 00 11 00 08 03 00 00 00 00 00 00 00   ................
0010  00 00 00 00 00 00 00 4a                           .......J

Packet (53 bytes):
0000  1c 00 b0 e9 9e 85 03 ad ff ff 00 00 00 00 1b 00   ................
0010  00 01 00 01 00 00 02 19 00 00 00 00 21 09 08 02   ............!...
0020  01 00 11 00 08 07 00 00 0c 04 19 19 44 df 00 00   ............D...
0030  00 00 00 00 e1                                    .....
USB Control (24 bytes):
0000  09 08 02 01 00 11 00 08 07 00 00 0c 04 19 19 44   ...............D
0010  df 00 00 00 00 00 00 e1                           ........

Packet (53 bytes):
0000  1c 00 b0 d9 9e 85 03 ad ff ff 00 00 00 00 1b 00   ................
0010  00 01 00 01 00 00 02 19 00 00 00 00 21 09 08 02   ............!...
0020  01 00 11 00 08 03 00 00 00 00 00 00 00 00 00 00   ................
0030  00 00 00 00 4a                                    ....J
USB Control (24 bytes):
0000  09 08 02 01 00 11 00 08 03 00 00 00 00 00 00 00   ................
0010  00 00 00 00 00 00 00 4a                           .......J

Packet (53 bytes):
0000  1c 00 10 20 23 7f 03 ad ff ff 00 00 00 00 1b 00   ... #...........
0010  00 01 00 01 00 00 02 19 00 00 00 00 21 09 08 02   ............!...
0020  01 00 11 00 08 07 00 00 0c 04 1a 1a 44 dd 00 00   ............D...
0030  00 00 00 00 e1                                    .....
USB Control (24 bytes):
0000  09 08 02 01 00 11 00 08 07 00 00 0c 04 1a 1a 44   ...............D
0010  dd 00 00 00 00 00 00 e1                           ........

Packet (53 bytes):
0000  1c 00 00 bb 9e 85 03 ad ff ff 00 00 00 00 1b 00   ................
0010  00 01 00 01 00 00 02 19 00 00 00 00 21 09 08 02   ............!...
0020  01 00 11 00 08 03 00 00 00 00 00 00 00 00 00 00   ................
0030  00 00 00 00 4a                                    ....J
USB Control (24 bytes):
0000  09 08 02 01 00 11 00 08 03 00 00 00 00 00 00 00   ................
0010  00 00 00 00 00 00 00 4a                           .......J

Packet (53 bytes):
0000  1c 00 b0 d9 9e 85 03 ad ff ff 00 00 00 00 1b 00   ................
0010  00 01 00 01 00 00 02 19 00 00 00 00 21 09 08 02   ............!...
0020  01 00 11 00 08 07 00 00 0c 04 1b 1b 44 db 00 00   ............D...
0030  00 00 00 00 e1                                    .....
USB Control (24 bytes):
0000  09 08 02 01 00 11 00 08 07 00 00 0c 04 1b 1b 44   ...............D
0010  db 00 00 00 00 00 00 e1                           ........

Packet (53 bytes):
0000  1c 00 a0 18 b9 7e 03 ad ff ff 00 00 00 00 1b 00   .....~..........
0010  00 01 00 01 00 00 02 19 00 00 00 00 21 09 08 02   ............!...
0020  01 00 11 00 08 03 00 00 00 00 00 00 00 00 00 00   ................
0030  00 00 00 00 4a                                    ....J
USB Control (24 bytes):
0000  09 08 02 01 00 11 00 08 03 00 00 00 00 00 00 00   ................
0010  00 00 00 00 00 00 00 4a                           .......J

Packet (53 bytes):
0000  1c 00 b0 e9 9e 85 03 ad ff ff 00 00 00 00 1b 00   ................
0010  00 01 00 01 00 00 02 19 00 00 00 00 21 09 08 02   ............!...
0020  01 00 11 00 08 07 00 00 0c 04 1c 1c 44 d9 00 00   ............D...
0030  00 00 00 00 e1                                    .....
USB Control (24 bytes):
0000  09 08 02 01 00 11 00 08 07 00 00 0c 04 1c 1c 44   ...............D
0010  d9 00 00 00 00 00 00 e1                           ........

Packet (53 bytes):
0000  1c 00 10 d0 9e 85 03 ad ff ff 00 00 00 00 1b 00   ................
0010  00 01 00 01 00 00 02 19 00 00 00 00 21 09 08 02   ............!...
0020  01 00 11 00 08 03 00 00 00 00 00 00 00 00 00 00   ................
0030  00 00 00 00 4a                                    ....J
USB Control (24 bytes):
0000  09 08 02 01 00 11 00 08 03 00 00 00 00 00 00 00   ................
0010  00 00 00 00 00 00 00 4a                           .......J

Packet (53 bytes):
0000  1c 00 b0 e9 9e 85 03 ad ff ff 00 00 00 00 1b 00   ................
0010  00 01 00 01 00 00 02 19 00 00 00 00 21 09 08 02   ............!...
0020  01 00 11 00 08 07 00 00 0c 04 1d 1d 44 d7 00 00   ............D...
0030  00 00 00 00 e1                                    .....
USB Control (24 bytes):
0000  09 08 02 01 00 11 00 08 07 00 00 0c 04 1d 1d 44   ...............D
0010  d7 00 00 00 00 00 00 e1                           ........

Packet (53 bytes):
0000  1c 00 e0 ea 93 7e 03 ad ff ff 00 00 00 00 1b 00   .....~..........
0010  00 01 00 01 00 00 02 19 00 00 00 00 21 09 08 02   ............!...
0020  01 00 11 00 08 03 00 00 00 00 00 00 00 00 00 00   ................
0030  00 00 00 00 4a                                    ....J
USB Control (24 bytes):
0000  09 08 02 01 00 11 00 08 03 00 00 00 00 00 00 00   ................
0010  00 00 00 00 00 00 00 4a                           .......J

Packet (53 bytes):
0000  1c 00 10 20 23 7f 03 ad ff ff 00 00 00 00 1b 00   ... #...........
0010  00 01 00 01 00 00 02 19 00 00 00 00 21 09 08 02   ............!...
0020  01 00 11 00 08 07 00 00 0c 04 1e 1e 44 d5 00 00   ............D...
0030  00 00 00 00 e1                                    .....
USB Control (24 bytes):
0000  09 08 02 01 00 11 00 08 07 00 00 0c 04 1e 1e 44   ...............D
0010  d5 00 00 00 00 00 00 e1                           ........

Packet (53 bytes):
0000  1c 00 10 c0 9e 85 03 ad ff ff 00 00 00 00 1b 00   ................
0010  00 01 00 01 00 00 02 19 00 00 00 00 21 09 08 02   ............!...
0020  01 00 11 00 08 03 00 00 00 00 00 00 00 00 00 00   ................
0030  00 00 00 00 4a                                    ....J
USB Control (24 bytes):
0000  09 08 02 01 00 11 00 08 03 00 00 00 00 00 00 00   ................
0010  00 00 00 00 00 00 00 4a                           .......J

Packet (53 bytes):
0000  1c 00 10 20 23 7f 03 ad ff ff 00 00 00 00 1b 00   ... #...........
0010  00 01 00 01 00 00 02 19 00 00 00 00 21 09 08 02   ............!...
0020  01 00 11 00 08 07 00 00 0c 04 1f 1f 44 d3 00 00   ............D...
0030  00 00 00 00 e1                                    .....
USB Control (24 bytes):
0000  09 08 02 01 00 11 00 08 07 00 00 0c 04 1f 1f 44   ...............D
0010  d3 00 00 00 00 00 00 e1                           ........

Packet (53 bytes):
0000  1c 00 60 34 f7 80 03 ad ff ff 00 00 00 00 1b 00   ..`4............
0010  00 01 00 01 00 00 02 19 00 00 00 00 21 09 08 02   ............!...
0020  01 00 11 00 08 03 00 00 00 00 00 00 00 00 00 00   ................
0030  00 00 00 00 4a                                    ....J
USB Control (24 bytes):
0000  09 08 02 01 00 11 00 08 03 00 00 00 00 00 00 00   ................
0010  00 00 00 00 00 00 00 4a                           .......J

Packet (53 bytes):
0000  1c 00 b0 e9 9e 85 03 ad ff ff 00 00 00 00 1b 00   ................
0010  00 01 00 01 00 00 02 19 00 00 00 00 21 09 08 02   ............!...
0020  01 00 11 00 08 07 00 00 0c 04 20 20 44 d1 00 00   ..........  D...
0030  00 00 00 00 e1                                    .....
USB Control (24 bytes):
0000  09 08 02 01 00 11 00 08 07 00 00 0c 04 20 20 44   .............  D
0010  d1 00 00 00 00 00 00 e1                           ........

Packet (53 bytes):
0000  1c 00 10 20 23 7f 03 ad ff ff 00 00 00 00 1b 00   ... #...........
0010  00 01 00 01 00 00 02 19 00 00 00 00 21 09 08 02   ............!...
0020  01 00 11 00 08 03 00 00 00 00 00 00 00 00 00 00   ................
0030  00 00 00 00 4a                                    ....J
USB Control (24 bytes):
0000  09 08 02 01 00 11 00 08 03 00 00 00 00 00 00 00   ................
0010  00 00 00 00 00 00 00 4a                           .......J

Packet (53 bytes):
0000  1c 00 b0 e9 9e 85 03 ad ff ff 00 00 00 00 1b 00   ................
0010  00 01 00 01 00 00 02 19 00 00 00 00 21 09 08 02   ............!...
0020  01 00 11 00 08 07 00 00 0c 04 21 21 44 cf 00 00   ..........!!D...
0030  00 00 00 00 e1                                    .....
USB Control (24 bytes):
0000  09 08 02 01 00 11 00 08 07 00 00 0c 04 21 21 44   .............!!D
0010  cf 00 00 00 00 00 00 e1                           ........

Packet (53 bytes):
0000  1c 00 e0 ea 93 7e 03 ad ff ff 00 00 00 00 1b 00   .....~..........
0010  00 01 00 01 00 00 02 19 00 00 00 00 21 09 08 02   ............!...
0020  01 00 11 00 08 03 00 00 00 00 00 00 00 00 00 00   ................
0030  00 00 00 00 4a                                    ....J
USB Control (24 bytes):
0000  09 08 02 01 00 11 00 08 03 00 00 00 00 00 00 00   ................
0010  00 00 00 00 00 00 00 4a                           .......J

Packet (53 bytes):
0000  1c 00 10 20 23 7f 03 ad ff ff 00 00 00 00 1b 00   ... #...........
0010  00 01 00 01 00 00 02 19 00 00 00 00 21 09 08 02   ............!...
0020  01 00 11 00 08 07 00 00 0c 04 22 22 44 cd 00 00   ..........""D...
0030  00 00 00 00 e1                                    .....
USB Control (24 bytes):
0000  09 08 02 01 00 11 00 08 07 00 00 0c 04 22 22 44   .............""D
0010  cd 00 00 00 00 00 00 e1                           ........

Packet (53 bytes):
0000  1c 00 10 e0 b9 85 03 ad ff ff 00 00 00 00 1b 00   ................
0010  00 01 00 01 00 00 02 19 00 00 00 00 21 09 08 02   ............!...
0020  01 00 11 00 08 03 00 00 00 00 00 00 00 00 00 00   ................
0030  00 00 00 00 4a                                    ....J
USB Control (24 bytes):
0000  09 08 02 01 00 11 00 08 03 00 00 00 00 00 00 00   ................
0010  00 00 00 00 00 00 00 4a                           .......J

Packet (53 bytes):
0000  1c 00 b0 d9 9e 85 03 ad ff ff 00 00 00 00 1b 00   ................
0010  00 01 00 01 00 00 02 19 00 00 00 00 21 09 08 02   ............!...
0020  01 00 11 00 08 03 00 00 00 00 00 00 00 00 00 00   ................
0030  00 00 00 00 4a                                    ....J
USB Control (24 bytes):
0000  09 08 02 01 00 11 00 08 03 00 00 00 00 00 00 00   ................
0010  00 00 00 00 00 00 00 4a                           .......J

Packet (53 bytes):
0000  1c 00 10 d0 9e 85 03 ad ff ff 00 00 00 00 1b 00   ................
0010  00 01 00 01 00 00 02 19 00 00 00 00 21 09 08 02   ............!...
0020  01 00 11 00 08 04 00 00 00 00 00 00 00 00 00 00   ................
0030  00 00 00 00 49                                    ....I
USB Control (24 bytes):
0000  09 08 02 01 00 11 00 08 04 00 00 00 00 00 00 00   ................
0010  00 00 00 00 00 00 00 49                           .......I

Packet (53 bytes):
0000  1c 00 10 c0 9e 85 03 ad ff ff 00 00 00 00 1b 00   ................
0010  00 01 00 01 00 00 02 19 00 00 00 00 21 09 08 02   ............!...
0020  01 00 11 00 08 07 00 00 0c 04 23 23 44 cb 00 00   ..........##D...
0030  00 00 00 00 e1                                    .....
USB Control (24 bytes):
0000  09 08 02 01 00 11 00 08 07 00 00 0c 04 23 23 44   .............##D
0010  cb 00 00 00 00 00 00 e1                           ........

Packet (53 bytes):
0000  1c 00 a0 18 b9 7e 03 ad ff ff 00 00 00 00 1b 00   .....~..........
0010  00 01 00 01 00 00 02 19 00 00 00 00 21 09 08 02   ............!...
0020  01 00 11 00 08 03 00 00 00 00 00 00 00 00 00 00   ................
0030  00 00 00 00 4a                                    ....J
USB Control (24 bytes):
0000  09 08 02 01 00 11 00 08 03 00 00 00 00 00 00 00   ................
0010  00 00 00 00 00 00 00 4a                           .......J

Packet (53 bytes):
0000  1c 00 b0 d9 9e 85 03 ad ff ff 00 00 00 00 1b 00   ................
0010  00 01 00 01 00 00 02 19 00 00 00 00 21 09 08 02   ............!...
0020  01 00 11 00 08 07 00 00 0c 04 24 24 44 c9 00 00   ..........$$D...
0030  00 00 00 00 e1                                    .....
USB Control (24 bytes):
0000  09 08 02 01 00 11 00 08 07 00 00 0c 04 24 24 44   .............$$D
0010  c9 00 00 00 00 00 00 e1                           ........

Packet (53 bytes):
0000  1c 00 60 34 f7 80 03 ad ff ff 00 00 00 00 1b 00   ..`4............
0010  00 01 00 01 00 00 02 19 00 00 00 00 21 09 08 02   ............!...
0020  01 00 11 00 08 03 00 00 00 00 00 00 00 00 00 00   ................
0030  00 00 00 00 4a                                    ....J
USB Control (24 bytes):
0000  09 08 02 01 00 11 00 08 03 00 00 00 00 00 00 00   ................
0010  00 00 00 00 00 00 00 4a                           .......J

Packet (53 bytes):
0000  1c 00 b0 d9 9e 85 03 ad ff ff 00 00 00 00 1b 00   ................
0010  00 01 00 01 00 00 02 19 00 00 00 00 21 09 08 02   ............!...
0020  01 00 11 00 08 07 00 00 0c 04 25 25 44 c7 00 00   ..........%%D...
0030  00 00 00 00 e1                                    .....
USB Control (24 bytes):
0000  09 08 02 01 00 11 00 08 07 00 00 0c 04 25 25 44   .............%%D
0010  c7 00 00 00 00 00 00 e1                           ........

Packet (53 bytes):
0000  1c 00 00 bb 9e 85 03 ad ff ff 00 00 00 00 1b 00   ................
0010  00 01 00 01 00 00 02 19 00 00 00 00 21 09 08 02   ............!...
0020  01 00 11 00 08 03 00 00 00 00 00 00 00 00 00 00   ................
0030  00 00 00 00 4a                                    ....J
USB Control (24 bytes):
0000  09 08 02 01 00 11 00 08 03 00 00 00 00 00 00 00   ................
0010  00 00 00 00 00 00 00 4a                           .......J

Packet (53 bytes):
0000  1c 00 b0 e9 9e 85 03 ad ff ff 00 00 00 00 1b 00   ................
0010  00 01 00 01 00 00 02 19 00 00 00 00 21 09 08 02   ............!...
0020  01 00 11 00 08 07 00 00 0c 04 26 26 44 c5 00 00   ..........&&D...
0030  00 00 00 00 e1                                    .....
USB Control (24 bytes):
0000  09 08 02 01 00 11 00 08 07 00 00 0c 04 26 26 44   .............&&D
0010  c5 00 00 00 00 00 00 e1                           ........

Packet (53 bytes):
0000  1c 00 b0 c9 9e 85 03 ad ff ff 00 00 00 00 1b 00   ................
0010  00 01 00 01 00 00 02 19 00 00 00 00 21 09 08 02   ............!...
0020  01 00 11 00 08 03 00 00 00 00 00 00 00 00 00 00   ................
0030  00 00 00 00 4a                                    ....J
USB Control (24 bytes):
0000  09 08 02 01 00 11 00 08 03 00 00 00 00 00 00 00   ................
0010  00 00 00 00 00 00 00 4a                           .......J

Packet (53 bytes):
0000  1c 00 b0 e9 9e 85 03 ad ff ff 00 00 00 00 1b 00   ................
0010  00 01 00 01 00 00 02 19 00 00 00 00 21 09 08 02   ............!...
0020  01 00 11 00 08 07 00 00 0c 04 27 27 44 c3 00 00   ..........''D...
0030  00 00 00 00 e1                                    .....
USB Control (24 bytes):
0000  09 08 02 01 00 11 00 08 07 00 00 0c 04 27 27 44   .............''D
0010  c3 00 00 00 00 00 00 e1                           ........

Packet (53 bytes):
0000  1c 00 b0 e9 9e 85 03 ad ff ff 00 00 00 00 1b 00   ................
0010  00 01 00 01 00 00 02 19 00 00 00 00 21 09 08 02   ............!...
0020  01 00 11 00 08 03 00 00 00 00 00 00 00 00 00 00   ................
0030  00 00 00 00 4a                                    ....J
USB Control (24 bytes):
0000  09 08 02 01 00 11 00 08 03 00 00 00 00 00 00 00   ................
0010  00 00 00 00 00 00 00 4a                           .......J

Packet (53 bytes):
0000  1c 00 b0 d9 9e 85 03 ad ff ff 00 00 00 00 1b 00   ................
0010  00 01 00 01 00 00 02 19 00 00 00 00 21 09 08 02   ............!...
0020  01 00 11 00 08 07 00 00 0c 04 28 28 44 c1 00 00   ..........((D...
0030  00 00 00 00 e1                                    .....
USB Control (24 bytes):
0000  09 08 02 01 00 11 00 08 07 00 00 0c 04 28 28 44   .............((D
0010  c1 00 00 00 00 00 00 e1                           ........

Packet (53 bytes):
0000  1c 00 b0 e9 9e 85 03 ad ff ff 00 00 00 00 1b 00   ................
0010  00 01 00 01 00 00 02 19 00 00 00 00 21 09 08 02   ............!...
0020  01 00 11 00 08 03 00 00 00 00 00 00 00 00 00 00   ................
0030  00 00 00 00 4a                                    ....J
USB Control (24 bytes):
0000  09 08 02 01 00 11 00 08 03 00 00 00 00 00 00 00   ................
0010  00 00 00 00 00 00 00 4a                           .......J

Packet (53 bytes):
0000  1c 00 10 c0 9e 85 03 ad ff ff 00 00 00 00 1b 00   ................
0010  00 01 00 01 00 00 02 19 00 00 00 00 21 09 08 02   ............!...
0020  01 00 11 00 08 04 00 00 00 00 00 00 00 00 00 00   ................
0030  00 00 00 00 49                                    ....I
USB Control (24 bytes):
0000  09 08 02 01 00 11 00 08 04 00 00 00 00 00 00 00   ................
0010  00 00 00 00 00 00 00 49                           .......I

Packet (53 bytes):
0000  1c 00 b0 d9 9e 85 03 ad ff ff 00 00 00 00 1b 00   ................
0010  00 01 00 01 00 00 02 19 00 00 00 00 21 09 08 02   ............!...
0020  01 00 11 00 08 03 00 00 00 00 00 00 00 00 00 00   ................
0030  00 00 00 00 4a                                    ....J
USB Control (24 bytes):
0000  09 08 02 01 00 11 00 08 03 00 00 00 00 00 00 00   ................
0010  00 00 00 00 00 00 00 4a                           .......J

Packet (53 bytes):
0000  1c 00 b0 e9 9e 85 03 ad ff ff 00 00 00 00 1b 00   ................
0010  00 01 00 01 00 00 02 19 00 00 00 00 21 09 08 02   ............!...
0020  01 00 11 00 08 07 00 00 0c 04 29 29 44 bf 00 00   ..........))D...
0030  00 00 00 00 e1                                    .....
USB Control (24 bytes):
0000  09 08 02 01 00 11 00 08 07 00 00 0c 04 29 29 44   .............))D
0010  bf 00 00 00 00 00 00 e1                           ........

Packet (53 bytes):
0000  1c 00 b0 d9 9e 85 03 ad ff ff 00 00 00 00 1b 00   ................
0010  00 01 00 01 00 00 02 19 00 00 00 00 21 09 08 02   ............!...
0020  01 00 11 00 08 03 00 00 00 00 00 00 00 00 00 00   ................
0030  00 00 00 00 4a                                    ....J
USB Control (24 bytes):
0000  09 08 02 01 00 11 00 08 03 00 00 00 00 00 00 00   ................
0010  00 00 00 00 00 00 00 4a                           .......J

Packet (53 bytes):
0000  1c 00 b0 e9 9e 85 03 ad ff ff 00 00 00 00 1b 00   ................
0010  00 01 00 01 00 00 02 19 00 00 00 00 21 09 08 02   ............!...
0020  01 00 11 00 08 07 00 00 0c 04 2a 2a 44 bd 00 00   ..........**D...
0030  00 00 00 00 e1                                    .....
USB Control (24 bytes):
0000  09 08 02 01 00 11 00 08 07 00 00 0c 04 2a 2a 44   .............**D
0010  bd 00 00 00 00 00 00 e1                           ........

Packet (53 bytes):
0000  1c 00 b0 d9 9e 85 03 ad ff ff 00 00 00 00 1b 00   ................
0010  00 01 00 01 00 00 02 19 00 00 00 00 21 09 08 02   ............!...
0020  01 00 11 00 08 03 00 00 00 00 00 00 00 00 00 00   ................
0030  00 00 00 00 4a                                    ....J
USB Control (24 bytes):
0000  09 08 02 01 00 11 00 08 03 00 00 00 00 00 00 00   ................
0010  00 00 00 00 00 00 00 4a                           .......J

Packet (53 bytes):
0000  1c 00 b0 e9 9e 85 03 ad ff ff 00 00 00 00 1b 00   ................
0010  00 01 00 01 00 00 02 19 00 00 00 00 21 09 08 02   ............!...
0020  01 00 11 00 08 07 00 00 0c 04 2b 2b 44 bb 00 00   ..........++D...
0030  00 00 00 00 e1                                    .....
USB Control (24 bytes):
0000  09 08 02 01 00 11 00 08 07 00 00 0c 04 2b 2b 44   .............++D
0010  bb 00 00 00 00 00 00 e1                           ........

Packet (53 bytes):
0000  1c 00 b0 d9 9e 85 03 ad ff ff 00 00 00 00 1b 00   ................
0010  00 01 00 01 00 00 02 19 00 00 00 00 21 09 08 02   ............!...
0020  01 00 11 00 08 03 00 00 00 00 00 00 00 00 00 00   ................
0030  00 00 00 00 4a                                    ....J
USB Control (24 bytes):
0000  09 08 02 01 00 11 00 08 03 00 00 00 00 00 00 00   ................
0010  00 00 00 00 00 00 00 4a                           .......J

Packet (53 bytes):
0000  1c 00 b0 e9 9e 85 03 ad ff ff 00 00 00 00 1b 00   ................
0010  00 01 00 01 00 00 02 19 00 00 00 00 21 09 08 02   ............!...
0020  01 00 11 00 08 07 00 00 0c 04 2c 2c 44 b9 00 00   ..........,,D...
0030  00 00 00 00 e1                                    .....
USB Control (24 bytes):
0000  09 08 02 01 00 11 00 08 07 00 00 0c 04 2c 2c 44   .............,,D
0010  b9 00 00 00 00 00 00 e1                           ........

Packet (53 bytes):
0000  1c 00 b0 d9 9e 85 03 ad ff ff 00 00 00 00 1b 00   ................
0010  00 01 00 01 00 00 02 19 00 00 00 00 21 09 08 02   ............!...
0020  01 00 11 00 08 03 00 00 00 00 00 00 00 00 00 00   ................
0030  00 00 00 00 4a                                    ....J
USB Control (24 bytes):
0000  09 08 02 01 00 11 00 08 03 00 00 00 00 00 00 00   ................
0010  00 00 00 00 00 00 00 4a                           .......J

Packet (53 bytes):
0000  1c 00 b0 e9 9e 85 03 ad ff ff 00 00 00 00 1b 00   ................
0010  00 01 00 01 00 00 02 19 00 00 00 00 21 09 08 02   ............!...
0020  01 00 11 00 08 07 00 00 0c 04 2d 2d 44 b7 00 00   ..........--D...
0030  00 00 00 00 e1                                    .....
USB Control (24 bytes):
0000  09 08 02 01 00 11 00 08 07 00 00 0c 04 2d 2d 44   .............--D
0010  b7 00 00 00 00 00 00 e1                           ........

Packet (53 bytes):
0000  1c 00 b0 d9 9e 85 03 ad ff ff 00 00 00 00 1b 00   ................
0010  00 01 00 01 00 00 02 19 00 00 00 00 21 09 08 02   ............!...
0020  01 00 11 00 08 03 00 00 00 00 00 00 00 00 00 00   ................
0030  00 00 00 00 4a                                    ....J
USB Control (24 bytes):
0000  09 08 02 01 00 11 00 08 03 00 00 00 00 00 00 00   ................
0010  00 00 00 00 00 00 00 4a                           .......J

Packet (53 bytes):
0000  1c 00 b0 e9 9e 85 03 ad ff ff 00 00 00 00 1b 00   ................
0010  00 01 00 01 00 00 02 19 00 00 00 00 21 09 08 02   ............!...
0020  01 00 11 00 08 07 00 00 0c 04 2e 2e 44 b5 00 00   ............D...
0030  00 00 00 00 e1                                    .....
USB Control (24 bytes):
0000  09 08 02 01 00 11 00 08 07 00 00 0c 04 2e 2e 44   ...............D
0010  b5 00 00 00 00 00 00 e1                           ........

Packet (53 bytes):
0000  1c 00 10 20 23 7f 03 ad ff ff 00 00 00 00 1b 00   ... #...........
0010  00 01 00 01 00 00 02 19 00 00 00 00 21 09 08 02   ............!...
0020  01 00 11 00 08 03 00 00 00 00 00 00 00 00 00 00   ................
0030  00 00 00 00 4a                                    ....J
USB Control (24 bytes):
0000  09 08 02 01 00 11 00 08 03 00 00 00 00 00 00 00   ................
0010  00 00 00 00 00 00 00 4a                           .......J

Packet (53 bytes):
0000  1c 00 b0 d9 9e 85 03 ad ff ff 00 00 00 00 1b 00   ................
0010  00 01 00 01 00 00 02 19 00 00 00 00 21 09 08 02   ............!...
0020  01 00 11 00 08 03 00 00 00 00 00 00 00 00 00 00   ................
0030  00 00 00 00 4a                                    ....J
USB Control (24 bytes):
0000  09 08 02 01 00 11 00 08 03 00 00 00 00 00 00 00   ................
0010  00 00 00 00 00 00 00 4a                           .......J

Packet (53 bytes):
0000  1c 00 10 20 23 7f 03 ad ff ff 00 00 00 00 1b 00   ... #...........
0010  00 01 00 01 00 00 02 19 00 00 00 00 21 09 08 02   ............!...
0020  01 00 11 00 08 04 00 00 00 00 00 00 00 00 00 00   ................
0030  00 00 00 00 49                                    ....I
USB Control (24 bytes):
0000  09 08 02 01 00 11 00 08 04 00 00 00 00 00 00 00   ................
0010  00 00 00 00 00 00 00 49                           .......I

Packet (53 bytes):
0000  1c 00 10 c0 9e 85 03 ad ff ff 00 00 00 00 1b 00   ................
0010  00 01 00 01 00 00 02 19 00 00 00 00 21 09 08 02   ............!...
0020  01 00 11 00 08 07 00 00 0c 04 2f 2f 44 b3 00 00   ..........//D...
0030  00 00 00 00 e1                                    .....
USB Control (24 bytes):
0000  09 08 02 01 00 11 00 08 07 00 00 0c 04 2f 2f 44   .............//D
0010  b3 00 00 00 00 00 00 e1                           ........

Packet (53 bytes):
0000  1c 00 10 e0 9e 85 03 ad ff ff 00 00 00 00 1b 00   ................
0010  00 01 00 01 00 00 02 19 00 00 00 00 21 09 08 02   ............!...
0020  01 00 11 00 08 03 00 00 00 00 00 00 00 00 00 00   ................
0030  00 00 00 00 4a                                    ....J
USB Control (24 bytes):
0000  09 08 02 01 00 11 00 08 03 00 00 00 00 00 00 00   ................
0010  00 00 00 00 00 00 00 4a                           .......J

Packet (53 bytes):
0000  1c 00 b0 d9 9e 85 03 ad ff ff 00 00 00 00 1b 00   ................
0010  00 01 00 01 00 00 02 19 00 00 00 00 21 09 08 02   ............!...
0020  01 00 11 00 08 07 00 00 0c 04 30 30 44 b1 00 00   ..........00D...
0030  00 00 00 00 e1                                    .....
USB Control (24 bytes):
0000  09 08 02 01 00 11 00 08 07 00 00 0c 04 30 30 44   .............00D
0010  b1 00 00 00 00 00 00 e1                           ........

Packet (53 bytes):
0000  1c 00 10 20 23 7f 03 ad ff ff 00 00 00 00 1b 00   ... #...........
0010  00 01 00 01 00 00 02 19 00 00 00 00 21 09 08 02   ............!...
0020  01 00 11 00 08 03 00 00 00 00 00 00 00 00 00 00   ................
0030  00 00 00 00 4a                                    ....J
USB Control (24 bytes):
0000  09 08 02 01 00 11 00 08 03 00 00 00 00 00 00 00   ................
0010  00 00 00 00 00 00 00 4a                           .......J

Packet (53 bytes):
0000  1c 00 b0 e9 9e 85 03 ad ff ff 00 00 00 00 1b 00   ................
0010  00 01 00 01 00 00 02 19 00 00 00 00 21 09 08 02   ............!...
0020  01 00 11 00 08 07 00 00 0c 04 31 31 44 af 00 00   ..........11D...
0030  00 00 00 00 e1                                    .....
USB Control (24 bytes):
0000  09 08 02 01 00 11 00 08 07 00 00 0c 04 31 31 44   .............11D
0010  af 00 00 00 00 00 00 e1                           ........

Packet (53 bytes):
0000  1c 00 e0 f4 9e 85 03 ad ff ff 00 00 00 00 1b 00   ................
0010  00 01 00 01 00 00 02 19 00 00 00 00 21 09 08 02   ............!...
0020  01 00 11 00 08 03 00 00 00 00 00 00 00 00 00 00   ................
0030  00 00 00 00 4a                                    ....J
USB Control (24 bytes):
0000  09 08 02 01 00 11 00 08 03 00 00 00 00 00 00 00   ................
0010  00 00 00 00 00 00 00 4a                           .......J

Packet (53 bytes):
0000  1c 00 10 20 23 7f 03 ad ff ff 00 00 00 00 1b 00   ... #...........
0010  00 01 00 01 00 00 02 19 00 00 00 00 21 09 08 02   ............!...
0020  01 00 11 00 08 07 00 00 0c 04 32 32 44 ad 00 00   ..........22D...
0030  00 00 00 00 e1                                    .....
USB Control (24 bytes):
0000  09 08 02 01 00 11 00 08 07 00 00 0c 04 32 32 44   .............22D
0010  ad 00 00 00 00 00 00 e1                           ........

Packet (53 bytes):
0000  1c 00 e0 f4 9e 85 03 ad ff ff 00 00 00 00 1b 00   ................
0010  00 01 00 01 00 00 02 19 00 00 00 00 21 09 08 02   ............!...
0020  01 00 11 00 08 03 00 00 00 00 00 00 00 00 00 00   ................
0030  00 00 00 00 4a                                    ....J
USB Control (24 bytes):
0000  09 08 02 01 00 11 00 08 03 00 00 00 00 00 00 00   ................
0010  00 00 00 00 00 00 00 4a                           .......J

Packet (53 bytes):
0000  1c 00 10 20 23 7f 03 ad ff ff 00 00 00 00 1b 00   ... #...........
0010  00 01 00 01 00 00 02 19 00 00 00 00 21 09 08 02   ............!...
0020  01 00 11 00 08 07 00 00 0c 04 33 33 44 ab 00 00   ..........33D...
0030  00 00 00 00 e1                                    .....
USB Control (24 bytes):
0000  09 08 02 01 00 11 00 08 07 00 00 0c 04 33 33 44   .............33D
0010  ab 00 00 00 00 00 00 e1                           ........

Packet (53 bytes):
0000  1c 00 b0 d9 9e 85 03 ad ff ff 00 00 00 00 1b 00   ................
0010  00 01 00 01 00 00 02 19 00 00 00 00 21 09 08 02   ............!...
0020  01 00 11 00 08 03 00 00 00 00 00 00 00 00 00 00   ................
0030  00 00 00 00 4a                                    ....J
USB Control (24 bytes):
0000  09 08 02 01 00 11 00 08 03 00 00 00 00 00 00 00   ................
0010  00 00 00 00 00 00 00 4a                           .......J

Packet (53 bytes):
0000  1c 00 10 e0 9e 85 03 ad ff ff 00 00 00 00 1b 00   ................
0010  00 01 00 01 00 00 02 19 00 00 00 00 21 09 08 02   ............!...
0020  01 00 11 00 08 07 00 00 0c 04 34 34 44 a9 00 00   ..........44D...
0030  00 00 00 00 e1                                    .....
USB Control (24 bytes):
0000  09 08 02 01 00 11 00 08 07 00 00 0c 04 34 34 44   .............44D
0010  a9 00 00 00 00 00 00 e1                           ........

Packet (53 bytes):
0000  1c 00 60 34 f7 80 03 ad ff ff 00 00 00 00 1b 00   ..`4............
0010  00 01 00 01 00 00 02 19 00 00 00 00 21 09 08 02   ............!...
0020  01 00 11 00 08 03 00 00 00 00 00 00 00 00 00 00   ................
0030  00 00 00 00 4a                                    ....J
USB Control (24 bytes):
0000  09 08 02 01 00 11 00 08 03 00 00 00 00 00 00 00   ................
0010  00 00 00 00 00 00 00 4a                           .......J

Packet (53 bytes):
0000  1c 00 20 ea b5 85 03 ad ff ff 00 00 00 00 1b 00   .. .............
0010  00 01 00 01 00 00 02 19 00 00 00 00 21 09 08 02   ............!...
0020  01 00 11 00 08 07 00 00 0c 04 35 35 44 a7 00 00   ..........55D...
0030  00 00 00 00 e1                                    .....
USB Control (24 bytes):
0000  09 08 02 01 00 11 00 08 07 00 00 0c 04 35 35 44   .............55D
0010  a7 00 00 00 00 00 00 e1                           ........

Packet (53 bytes):
0000  1c 00 10 e0 b9 85 03 ad ff ff 00 00 00 00 1b 00   ................
0010  00 01 00 01 00 00 02 19 00 00 00 00 21 09 08 02   ............!...
0020  01 00 11 00 08 03 00 00 00 00 00 00 00 00 00 00   ................
0030  00 00 00 00 4a                                    ....J
USB Control (24 bytes):
0000  09 08 02 01 00 11 00 08 03 00 00 00 00 00 00 00   ................
0010  00 00 00 00 00 00 00 4a                           .......J

Packet (53 bytes):
0000  1c 00 b0 d9 9e 85 03 ad ff ff 00 00 00 00 1b 00   ................
0010  00 01 00 01 00 00 02 19 00 00 00 00 21 09 08 02   ............!...
0020  01 00 11 00 08 07 00 00 0c 04 36 36 44 a5 00 00   ..........66D...
0030  00 00 00 00 e1                                    .....
USB Control (24 bytes):
0000  09 08 02 01 00 11 00 08 07 00 00 0c 04 36 36 44   .............66D
0010  a5 00 00 00 00 00 00 e1                           ........

Packet (53 bytes):
0000  1c 00 b0 e9 9e 85 03 ad ff ff 00 00 00 00 1b 00   ................
0010  00 01 00 01 00 00 02 19 00 00 00 00 21 09 08 02   ............!...
0020  01 00 11 00 08 03 00 00 00 00 00 00 00 00 00 00   ................
0030  00 00 00 00 4a                                    ....J
USB Control (24 bytes):
0000  09 08 02 01 00 11 00 08 03 00 00 00 00 00 00 00   ................
0010  00 00 00 00 00 00 00 4a                           .......J

Packet (53 bytes):
0000  1c 00 b0 d9 9e 85 03 ad ff ff 00 00 00 00 1b 00   ................
0010  00 01 00 01 00 00 02 19 00 00 00 00 21 09 08 02   ............!...
0020  01 00 11 00 08 07 00 00 0c 04 37 37 44 a3 00 00   ..........77D...
0030  00 00 00 00 e1                                    .....
USB Control (24 bytes):
0000  09 08 02 01 00 11 00 08 07 00 00 0c 04 37 37 44   .............77D
0010  a3 00 00 00 00 00 00 e1                           ........

Packet (53 bytes):
0000  1c 00 50 50 46 83 03 ad ff ff 00 00 00 00 1b 00   ..PPF...........
0010  00 01 00 01 00 00 02 19 00 00 00 00 21 09 08 02   ............!...
0020  01 00 11 00 08 03 00 00 00 00 00 00 00 00 00 00   ................
0030  00 00 00 00 4a                                    ....J
USB Control (24 bytes):
0000  09 08 02 01 00 11 00 08 03 00 00 00 00 00 00 00   ................
0010  00 00 00 00 00 00 00 4a                           .......J

Packet (53 bytes):
0000  1c 00 b0 e9 9e 85 03 ad ff ff 00 00 00 00 1b 00   ................
0010  00 01 00 01 00 00 02 19 00 00 00 00 21 09 08 02   ............!...
0020  01 00 11 00 08 03 00 00 00 00 00 00 00 00 00 00   ................
0030  00 00 00 00 4a                                    ....J
USB Control (24 bytes):
0000  09 08 02 01 00 11 00 08 03 00 00 00 00 00 00 00   ................
0010  00 00 00 00 00 00 00 4a                           .......J

Packet (53 bytes):
0000  1c 00 10 e0 9e 85 03 ad ff ff 00 00 00 00 1b 00   ................
0010  00 01 00 01 00 00 02 19 00 00 00 00 21 09 08 02   ............!...
0020  01 00 11 00 08 04 00 00 00 00 00 00 00 00 00 00   ................
0030  00 00 00 00 49                                    ....I
USB Control (24 bytes):
0000  09 08 02 01 00 11 00 08 04 00 00 00 00 00 00 00   ................
0010  00 00 00 00 00 00 00 49                           .......I

Packet (53 bytes):
0000  1c 00 50 50 46 83 03 ad ff ff 00 00 00 00 1b 00   ..PPF...........
0010  00 01 00 01 00 00 02 19 00 00 00 00 21 09 08 02   ............!...
0020  01 00 11 00 08 07 00 00 0c 04 38 38 44 a1 00 00   ..........88D...
0030  00 00 00 00 e1                                    .....
USB Control (24 bytes):
0000  09 08 02 01 00 11 00 08 07 00 00 0c 04 38 38 44   .............88D
0010  a1 00 00 00 00 00 00 e1                           ........

Packet (53 bytes):
0000  1c 00 10 e0 b9 85 03 ad ff ff 00 00 00 00 1b 00   ................
0010  00 01 00 01 00 00 02 19 00 00 00 00 21 09 08 02   ............!...
0020  01 00 11 00 08 03 00 00 00 00 00 00 00 00 00 00   ................
0030  00 00 00 00 4a                                    ....J
USB Control (24 bytes):
0000  09 08 02 01 00 11 00 08 03 00 00 00 00 00 00 00   ................
0010  00 00 00 00 00 00 00 4a                           .......J

Packet (53 bytes):
0000  1c 00 b0 e9 9e 85 03 ad ff ff 00 00 00 00 1b 00   ................
0010  00 01 00 01 00 00 02 19 00 00 00 00 21 09 08 02   ............!...
0020  01 00 11 00 08 07 00 00 0c 04 39 39 44 9f 00 00   ..........99D...
0030  00 00 00 00 e1                                    .....
USB Control (24 bytes):
0000  09 08 02 01 00 11 00 08 07 00 00 0c 04 39 39 44   .............99D
0010  9f 00 00 00 00 00 00 e1                           ........

Packet (53 bytes):
0000  1c 00 b0 d9 9e 85 03 ad ff ff 00 00 00 00 1b 00   ................
0010  00 01 00 01 00 00 02 19 00 00 00 00 21 09 08 02   ............!...
0020  01 00 11 00 08 03 00 00 00 00 00 00 00 00 00 00   ................
0030  00 00 00 00 4a                                    ....J
USB Control (24 bytes):
0000  09 08 02 01 00 11 00 08 03 00 00 00 00 00 00 00   ................
0010  00 00 00 00 00 00 00 4a                           .......J

Packet (53 bytes):
0000  1c 00 20 ea b5 85 03 ad ff ff 00 00 00 00 1b 00   .. .............
0010  00 01 00 01 00 00 02 19 00 00 00 00 21 09 08 02   ............!...
0020  01 00 11 00 08 07 00 00 0c 04 3a 3a 44 9d 00 00   ..........::D...
0030  00 00 00 00 e1                                    .....
USB Control (24 bytes):
0000  09 08 02 01 00 11 00 08 07 00 00 0c 04 3a 3a 44   .............::D
0010  9d 00 00 00 00 00 00 e1                           ........

Packet (53 bytes):
0000  1c 00 a0 18 b9 7e 03 ad ff ff 00 00 00 00 1b 00   .....~..........
0010  00 01 00 01 00 00 02 19 00 00 00 00 21 09 08 02   ............!...
0020  01 00 11 00 08 03 00 00 00 00 00 00 00 00 00 00   ................
0030  00 00 00 00 4a                                    ....J
USB Control (24 bytes):
0000  09 08 02 01 00 11 00 08 03 00 00 00 00 00 00 00   ................
0010  00 00 00 00 00 00 00 4a                           .......J

Packet (53 bytes):
0000  1c 00 20 ea b5 85 03 ad ff ff 00 00 00 00 1b 00   .. .............
0010  00 01 00 01 00 00 02 19 00 00 00 00 21 09 08 02   ............!...
0020  01 00 11 00 08 07 00 00 0c 04 3b 3b 44 9b 00 00   ..........;;D...
0030  00 00 00 00 e1                                    .....
USB Control (24 bytes):
0000  09 08 02 01 00 11 00 08 07 00 00 0c 04 3b 3b 44   .............;;D
0010  9b 00 00 00 00 00 00 e1                           ........

Packet (53 bytes):
0000  1c 00 60 ca 7c 80 03 ad ff ff 00 00 00 00 1b 00   ..`.|...........
0010  00 01 00 01 00 00 02 19 00 00 00 00 21 09 08 02   ............!...
0020  01 00 11 00 08 03 00 00 00 00 00 00 00 00 00 00   ................
0030  00 00 00 00 4a                                    ....J
USB Control (24 bytes):
0000  09 08 02 01 00 11 00 08 03 00 00 00 00 00 00 00   ................
0010  00 00 00 00 00 00 00 4a                           .......J

Packet (53 bytes):
0000  1c 00 b0 e9 9e 85 03 ad ff ff 00 00 00 00 1b 00   ................
0010  00 01 00 01 00 00 02 19 00 00 00 00 21 09 08 02   ............!...
0020  01 00 11 00 08 07 00 00 0c 04 3c 3c 44 99 00 00   ..........<<D...
0030  00 00 00 00 e1                                    .....
USB Control (24 bytes):
0000  09 08 02 01 00 11 00 08 07 00 00 0c 04 3c 3c 44   .............<<D
0010  99 00 00 00 00 00 00 e1                           ........

Packet (53 bytes):
0000  1c 00 a0 18 b9 7e 03 ad ff ff 00 00 00 00 1b 00   .....~..........
0010  00 01 00 01 00 00 02 19 00 00 00 00 21 09 08 02   ............!...
0020  01 00 11 00 08 03 00 00 00 00 00 00 00 00 00 00   ................
0030  00 00 00 00 4a                                    ....J
USB Control (24 bytes):
0000  09 08 02 01 00 11 00 08 03 00 00 00 00 00 00 00   ................
0010  00 00 00 00 00 00 00 4a                           .......J

Packet (53 bytes):
0000  1c 00 b0 d9 9e 85 03 ad ff ff 00 00 00 00 1b 00   ................
0010  00 01 00 01 00 00 02 19 00 00 00 00 21 09 08 02   ............!...
0020  01 00 11 00 08 07 00 00 0c 04 3d 3d 44 97 00 00   ..........==D...
0030  00 00 00 00 e1                                    .....
USB Control (24 bytes):
0000  09 08 02 01 00 11 00 08 07 00 00 0c 04 3d 3d 44   .............==D
0010  97 00 00 00 00 00 00 e1                           ........

Packet (53 bytes):
0000  1c 00 e0 f4 9e 85 03 ad ff ff 00 00 00 00 1b 00   ................
0010  00 01 00 01 00 00 02 19 00 00 00 00 21 09 08 02   ............!...
0020  01 00 11 00 08 03 00 00 00 00 00 00 00 00 00 00   ................
0030  00 00 00 00 4a                                    ....J
USB Control (24 bytes):
0000  09 08 02 01 00 11 00 08 03 00 00 00 00 00 00 00   ................
0010  00 00 00 00 00 00 00 4a                           .......J

Packet (53 bytes):
0000  1c 00 b0 e9 9e 85 03 ad ff ff 00 00 00 00 1b 00   ................
0010  00 01 00 01 00 00 02 19 00 00 00 00 21 09 08 02   ............!...
0020  01 00 11 00 08 07 00 00 0c 04 3e 3e 44 95 00 00   ..........>>D...
0030  00 00 00 00 e1                                    .....
USB Control (24 bytes):
0000  09 08 02 01 00 11 00 08 07 00 00 0c 04 3e 3e 44   .............>>D
0010  95 00 00 00 00 00 00 e1                           ........

Packet (53 bytes):
0000  1c 00 60 34 f7 80 03 ad ff ff 00 00 00 00 1b 00   ..`4............
0010  00 01 00 01 00 00 02 19 00 00 00 00 21 09 08 02   ............!...
0020  01 00 11 00 08 03 00 00 00 00 00 00 00 00 00 00   ................
0030  00 00 00 00 4a                                    ....J
USB Control (24 bytes):
0000  09 08 02 01 00 11 00 08 03 00 00 00 00 00 00 00   ................
0010  00 00 00 00 00 00 00 4a                           .......J

Packet (53 bytes):
0000  1c 00 b0 e9 9e 85 03 ad ff ff 00 00 00 00 1b 00   ................
0010  00 01 00 01 00 00 02 19 00 00 00 00 21 09 08 02   ............!...
0020  01 00 11 00 08 07 00 00 0c 04 3f 3f 44 93 00 00   ..........??D...
0030  00 00 00 00 e1                                    .....
USB Control (24 bytes):
0000  09 08 02 01 00 11 00 08 07 00 00 0c 04 3f 3f 44   .............??D
0010  93 00 00 00 00 00 00 e1                           ........

Packet (53 bytes):
0000  1c 00 b0 d9 9e 85 03 ad ff ff 00 00 00 00 1b 00   ................
0010  00 01 00 01 00 00 02 19 00 00 00 00 21 09 08 02   ............!...
0020  01 00 11 00 08 03 00 00 00 00 00 00 00 00 00 00   ................
0030  00 00 00 00 4a                                    ....J
USB Control (24 bytes):
0000  09 08 02 01 00 11 00 08 03 00 00 00 00 00 00 00   ................
0010  00 00 00 00 00 00 00 4a                           .......J

Packet (53 bytes):
0000  1c 00 10 e0 b9 85 03 ad ff ff 00 00 00 00 1b 00   ................
0010  00 01 00 01 00 00 02 19 00 00 00 00 21 09 08 02   ............!...
0020  01 00 11 00 08 07 00 00 0c 04 40 40 44 91 00 00   ..........@@D...
0030  00 00 00 00 e1                                    .....
USB Control (24 bytes):
0000  09 08 02 01 00 11 00 08 07 00 00 0c 04 40 40 44   .............@@D
0010  91 00 00 00 00 00 00 e1                           ........

Packet (53 bytes):
0000  1c 00 10 e0 9e 85 03 ad ff ff 00 00 00 00 1b 00   ................
0010  00 01 00 01 00 00 02 19 00 00 00 00 21 09 08 02   ............!...
0020  01 00 11 00 08 03 00 00 00 00 00 00 00 00 00 00   ................
0030  00 00 00 00 4a                                    ....J
USB Control (24 bytes):
0000  09 08 02 01 00 11 00 08 03 00 00 00 00 00 00 00   ................
0010  00 00 00 00 00 00 00 4a                           .......J

Packet (53 bytes):
0000  1c 00 20 ea b5 85 03 ad ff ff 00 00 00 00 1b 00   .. .............
0010  00 01 00 01 00 00 02 19 00 00 00 00 21 09 08 02   ............!...
0020  01 00 11 00 08 03 00 00 00 00 00 00 00 00 00 00   ................
0030  00 00 00 00 4a                                    ....J
USB Control (24 bytes):
0000  09 08 02 01 00 11 00 08 03 00 00 00 00 00 00 00   ................
0010  00 00 00 00 00 00 00 4a                           .......J

Packet (53 bytes):
0000  1c 00 10 c0 9e 85 03 ad ff ff 00 00 00 00 1b 00   ................
0010  00 01 00 01 00 00 02 19 00 00 00 00 21 09 08 02   ............!...
0020  01 00 11 00 08 04 00 00 00 00 00 00 00 00 00 00   ................
0030  00 00 00 00 49                                    ....I
USB Control (24 bytes):
0000  09 08 02 01 00 11 00 08 04 00 00 00 00 00 00 00   ................
0010  00 00 00 00 00 00 00 49                           .......I

Packet (53 bytes):
0000  1c 00 10 c0 9e 85 03 ad ff ff 00 00 00 00 1b 00   ................
0010  00 01 00 01 00 00 02 19 00 00 00 00 21 09 08 02   ............!...
0020  01 00 11 00 08 07 00 00 0c 04 41 41 44 8f 00 00   ..........AAD...
0030  00 00 00 00 e1                                    .....
USB Control (24 bytes):
0000  09 08 02 01 00 11 00 08 07 00 00 0c 04 41 41 44   .............AAD
0010  8f 00 00 00 00 00 00 e1                           ........

Packet (53 bytes):
0000  1c 00 e0 c4 9e 85 03 ad ff ff 00 00 00 00 1b 00   ................
0010  00 01 00 01 00 00 02 19 00 00 00 00 21 09 08 02   ............!...
0020  01 00 11 00 08 03 00 00 00 00 00 00 00 00 00 00   ................
0030  00 00 00 00 4a                                    ....J
USB Control (24 bytes):
0000  09 08 02 01 00 11 00 08 03 00 00 00 00 00 00 00   ................
0010  00 00 00 00 00 00 00 4a                           .......J

Packet (53 bytes):
0000  1c 00 20 ea b5 85 03 ad ff ff 00 00 00 00 1b 00   .. .............
0010  00 01 00 01 00 00 02 19 00 00 00 00 21 09 08 02   ............!...
0020  01 00 11 00 08 07 00 00 0c 04 42 42 44 8d 00 00   ..........BBD...
0030  00 00 00 00 e1                                    .....
USB Control (24 bytes):
0000  09 08 02 01 00 11 00 08 07 00 00 0c 04 42 42 44   .............BBD
0010  8d 00 00 00 00 00 00 e1                           ........

Packet (53 bytes):
0000  1c 00 b0 d9 9e 85 03 ad ff ff 00 00 00 00 1b 00   ................
0010  00 01 00 01 00 00 02 19 00 00 00 00 21 09 08 02   ............!...
0020  01 00 11 00 08 03 00 00 00 00 00 00 00 00 00 00   ................
0030  00 00 00 00 4a                                    ....J
USB Control (24 bytes):
0000  09 08 02 01 00 11 00 08 03 00 00 00 00 00 00 00   ................
0010  00 00 00 00 00 00 00 4a                           .......J

Packet (53 bytes):
0000  1c 00 20 ea b5 85 03 ad ff ff 00 00 00 00 1b 00   .. .............
0010  00 01 00 01 00 00 02 19 00 00 00 00 21 09 08 02   ............!...
0020  01 00 11 00 08 07 00 00 0c 04 43 43 44 8b 00 00   ..........CCD...
0030  00 00 00 00 e1                                    .....
USB Control (24 bytes):
0000  09 08 02 01 00 11 00 08 07 00 00 0c 04 43 43 44   .............CCD
0010  8b 00 00 00 00 00 00 e1                           ........

Packet (53 bytes):
0000  1c 00 b0 e9 9e 85 03 ad ff ff 00 00 00 00 1b 00   ................
0010  00 01 00 01 00 00 02 19 00 00 00 00 21 09 08 02   ............!...
0020  01 00 11 00 08 03 00 00 00 00 00 00 00 00 00 00   ................
0030  00 00 00 00 4a                                    ....J
USB Control (24 bytes):
0000  09 08 02 01 00 11 00 08 03 00 00 00 00 00 00 00   ................
0010  00 00 00 00 00 00 00 4a                           .......J

Packet (53 bytes):
0000  1c 00 b0 d9 9e 85 03 ad ff ff 00 00 00 00 1b 00   ................
0010  00 01 00 01 00 00 02 19 00 00 00 00 21 09 08 02   ............!...
0020  01 00 11 00 08 07 00 00 0c 04 44 44 44 89 00 00   ..........DDD...
0030  00 00 00 00 e1                                    .....
USB Control (24 bytes):
0000  09 08 02 01 00 11 00 08 07 00 00 0c 04 44 44 44   .............DDD
0010  89 00 00 00 00 00 00 e1                           ........

Packet (53 bytes):
0000  1c 00 b0 d9 9e 85 03 ad ff ff 00 00 00 00 1b 00   ................
0010  00 01 00 01 00 00 02 19 00 00 00 00 21 09 08 02   ............!...
0020  01 00 11 00 08 03 00 00 00 00 00 00 00 00 00 00   ................
0030  00 00 00 00 4a                                    ....J
USB Control (24 bytes):
0000  09 08 02 01 00 11 00 08 03 00 00 00 00 00 00 00   ................
0010  00 00 00 00 00 00 00 4a                           .......J

Packet (53 bytes):
0000  1c 00 b0 e9 9e 85 03 ad ff ff 00 00 00 00 1b 00   ................
0010  00 01 00 01 00 00 02 19 00 00 00 00 21 09 08 02   ............!...
0020  01 00 11 00 08 07 00 00 0c 04 45 45 44 87 00 00   ..........EED...
0030  00 00 00 00 e1                                    .....
USB Control (24 bytes):
0000  09 08 02 01 00 11 00 08 07 00 00 0c 04 45 45 44   .............EED
0010  87 00 00 00 00 00 00 e1                           ........

Packet (53 bytes):
0000  1c 00 e0 f4 9e 85 03 ad ff ff 00 00 00 00 1b 00   ................
0010  00 01 00 01 00 00 02 19 00 00 00 00 21 09 08 02   ............!...
0020  01 00 11 00 08 03 00 00 00 00 00 00 00 00 00 00   ................
0030  00 00 00 00 4a                                    ....J
USB Control (24 bytes):
0000  09 08 02 01 00 11 00 08 03 00 00 00 00 00 00 00   ................
0010  00 00 00 00 00 00 00 4a                           .......J

Packet (53 bytes):
0000  1c 00 20 ea b5 85 03 ad ff ff 00 00 00 00 1b 00   .. .............
0010  00 01 00 01 00 00 02 19 00 00 00 00 21 09 08 02   ............!...
0020  01 00 11 00 08 07 00 00 0c 04 46 46 44 85 00 00   ..........FFD...
0030  00 00 00 00 e1                                    .....
USB Control (24 bytes):
0000  09 08 02 01 00 11 00 08 07 00 00 0c 04 46 46 44   .............FFD
0010  85 00 00 00 00 00 00 e1                           ........

Packet (53 bytes):
0000  1c 00 20 ea b5 85 03 ad ff ff 00 00 00 00 1b 00   .. .............
0010  00 01 00 01 00 00 02 19 00 00 00 00 21 09 08 02   ............!...
0020  01 00 11 00 08 03 00 00 00 00 00 00 00 00 00 00   ................
0030  00 00 00 00 4a                                    ....J
USB Control (24 bytes):
0000  09 08 02 01 00 11 00 08 03 00 00 00 00 00 00 00   ................
0010  00 00 00 00 00 00 00 4a                           .......J

Packet (53 bytes):
0000  1c 00 b0 e9 9e 85 03 ad ff ff 00 00 00 00 1b 00   ................
0010  00 01 00 01 00 00 02 19 00 00 00 00 21 09 08 02   ............!...
0020  01 00 11 00 08 07 00 00 0c 04 47 47 44 83 00 00   ..........GGD...
0030  00 00 00 00 e1                                    .....
USB Control (24 bytes):
0000  09 08 02 01 00 11 00 08 07 00 00 0c 04 47 47 44   .............GGD
0010  83 00 00 00 00 00 00 e1                           ........

Packet (53 bytes):
0000  1c 00 10 c0 9e 85 03 ad ff ff 00 00 00 00 1b 00   ................
0010  00 01 00 01 00 00 02 19 00 00 00 00 21 09 08 02   ............!...
0020  01 00 11 00 08 03 00 00 00 00 00 00 00 00 00 00   ................
0030  00 00 00 00 4a                                    ....J
USB Control (24 bytes):
0000  09 08 02 01 00 11 00 08 03 00 00 00 00 00 00 00   ................
0010  00 00 00 00 00 00 00 4a                           .......J

Packet (53 bytes):
0000  1c 00 20 ea b5 85 03 ad ff ff 00 00 00 00 1b 00   .. .............
0010  00 01 00 01 00 00 02 19 00 00 00 00 21 09 08 02   ............!...
0020  01 00 11 00 08 07 00 00 0c 04 48 48 44 81 00 00   ..........HHD...
0030  00 00 00 00 e1                                    .....
USB Control (24 bytes):
0000  09 08 02 01 00 11 00 08 07 00 00 0c 04 48 48 44   .............HHD
0010  81 00 00 00 00 00 00 e1                           ........

Packet (53 bytes):
0000  1c 00 60 34 f7 80 03 ad ff ff 00 00 00 00 1b 00   ..`4............
0010  00 01 00 01 00 00 02 19 00 00 00 00 21 09 08 02   ............!...
0020  01 00 11 00 08 03 00 00 00 00 00 00 00 00 00 00   ................
0030  00 00 00 00 4a                                    ....J
USB Control (24 bytes):
0000  09 08 02 01 00 11 00 08 03 00 00 00 00 00 00 00   ................
0010  00 00 00 00 00 00 00 4a                           .......J

Packet (53 bytes):
0000  1c 00 b0 e9 9e 85 03 ad ff ff 00 00 00 00 1b 00   ................
0010  00 01 00 01 00 00 02 19 00 00 00 00 21 09 08 02   ............!...
0020  01 00 11 00 08 07 00 00 0c 04 49 49 44 7f 00 00   ..........IID...
0030  00 00 00 00 e1                                    .....
USB Control (24 bytes):
0000  09 08 02 01 00 11 00 08 07 00 00 0c 04 49 49 44   .............IID
0010  7f 00 00 00 00 00 00 e1                           ........

Packet (53 bytes):
0000  1c 00 10 d0 9e 85 03 ad ff ff 00 00 00 00 1b 00   ................
0010  00 01 00 01 00 00 02 19 00 00 00 00 21 09 08 02   ............!...
0020  01 00 11 00 08 03 00 00 00 00 00 00 00 00 00 00   ................
0030  00 00 00 00 4a                                    ....J
USB Control (24 bytes):
0000  09 08 02 01 00 11 00 08 03 00 00 00 00 00 00 00   ................
0010  00 00 00 00 00 00 00 4a                           .......J

Packet (53 bytes):
0000  1c 00 b0 e9 9e 85 03 ad ff ff 00 00 00 00 1b 00   ................
0010  00 01 00 01 00 00 02 19 00 00 00 00 21 09 08 02   ............!...
0020  01 00 11 00 08 03 00 00 00 00 00 00 00 00 00 00   ................
0030  00 00 00 00 4a                                    ....J
USB Control (24 bytes):
0000  09 08 02 01 00 11 00 08 03 00 00 00 00 00 00 00   ................
0010  00 00 00 00 00 00 00 4a                           .......J

Packet (53 bytes):
0000  1c 00 10 e0 9e 85 03 ad ff ff 00 00 00 00 1b 00   ................
0010  00 01 00 01 00 00 02 19 00 00 00 00 21 09 08 02   ............!...
0020  01 00 11 00 08 04 00 00 00 00 00 00 00 00 00 00   ................
0030  00 00 00 00 49                                    ....I
USB Control (24 bytes):
0000  09 08 02 01 00 11 00 08 04 00 00 00 00 00 00 00   ................
0010  00 00 00 00 00 00 00 49                           .......I

Packet (53 bytes):
0000  1c 00 b0 e9 9e 85 03 ad ff ff 00 00 00 00 1b 00   ................
0010  00 01 00 01 00 00 02 19 00 00 00 00 21 09 08 02   ............!...
0020  01 00 11 00 08 07 00 00 0c 04 4a 4a 44 7d 00 00   ..........JJD}..
0030  00 00 00 00 e1                                    .....
USB Control (24 bytes):
0000  09 08 02 01 00 11 00 08 07 00 00 0c 04 4a 4a 44   .............JJD
0010  7d 00 00 00 00 00 00 e1                           }.......

Packet (53 bytes):
0000  1c 00 b0 d9 9e 85 03 ad ff ff 00 00 00 00 1b 00   ................
0010  00 01 00 01 00 00 02 19 00 00 00 00 21 09 08 02   ............!...
0020  01 00 11 00 08 03 00 00 00 00 00 00 00 00 00 00   ................
0030  00 00 00 00 4a                                    ....J
USB Control (24 bytes):
0000  09 08 02 01 00 11 00 08 03 00 00 00 00 00 00 00   ................
0010  00 00 00 00 00 00 00 4a                           .......J

Packet (53 bytes):
0000  1c 00 20 ea b5 85 03 ad ff ff 00 00 00 00 1b 00   .. .............
0010  00 01 00 01 00 00 02 19 00 00 00 00 21 09 08 02   ............!...
0020  01 00 11 00 08 07 00 00 0c 04 4b 4b 44 7b 00 00   ..........KKD{..
0030  00 00 00 00 e1                                    .....
USB Control (24 bytes):
0000  09 08 02 01 00 11 00 08 07 00 00 0c 04 4b 4b 44   .............KKD
0010  7b 00 00 00 00 00 00 e1                           {.......

Packet (53 bytes):
0000  1c 00 e0 f4 9e 85 03 ad ff ff 00 00 00 00 1b 00   ................
0010  00 01 00 01 00 00 02 19 00 00 00 00 21 09 08 02   ............!...
0020  01 00 11 00 08 03 00 00 00 00 00 00 00 00 00 00   ................
0030  00 00 00 00 4a                                    ....J
USB Control (24 bytes):
0000  09 08 02 01 00 11 00 08 03 00 00 00 00 00 00 00   ................
0010  00 00 00 00 00 00 00 4a                           .......J

Packet (53 bytes):
0000  1c 00 b0 e9 9e 85 03 ad ff ff 00 00 00 00 1b 00   ................
0010  00 01 00 01 00 00 02 19 00 00 00 00 21 09 08 02   ............!...
0020  01 00 11 00 08 07 00 00 0c 04 4c 4c 44 79 00 00   ..........LLDy..
0030  00 00 00 00 e1                                    .....
USB Control (24 bytes):
0000  09 08 02 01 00 11 00 08 07 00 00 0c 04 4c 4c 44   .............LLD
0010  79 00 00 00 00 00 00 e1                           y.......

Packet (53 bytes):
0000  1c 00 b0 e9 9e 85 03 ad ff ff 00 00 00 00 1b 00   ................
0010  00 01 00 01 00 00 02 19 00 00 00 00 21 09 08 02   ............!...
0020  01 00 11 00 08 03 00 00 00 00 00 00 00 00 00 00   ................
0030  00 00 00 00 4a                                    ....J
USB Control (24 bytes):
0000  09 08 02 01 00 11 00 08 03 00 00 00 00 00 00 00   ................
0010  00 00 00 00 00 00 00 4a                           .......J

Packet (53 bytes):
0000  1c 00 20 ea b5 85 03 ad ff ff 00 00 00 00 1b 00   .. .............
0010  00 01 00 01 00 00 02 19 00 00 00 00 21 09 08 02   ............!...
0020  01 00 11 00 08 07 00 00 0c 04 4d 4d 44 77 00 00   ..........MMDw..
0030  00 00 00 00 e1                                    .....
USB Control (24 bytes):
0000  09 08 02 01 00 11 00 08 07 00 00 0c 04 4d 4d 44   .............MMD
0010  77 00 00 00 00 00 00 e1                           w.......

Packet (53 bytes):
0000  1c 00 b0 d9 9e 85 03 ad ff ff 00 00 00 00 1b 00   ................
0010  00 01 00 01 00 00 02 19 00 00 00 00 21 09 08 02   ............!...
0020  01 00 11 00 08 03 00 00 00 00 00 00 00 00 00 00   ................
0030  00 00 00 00 4a                                    ....J
USB Control (24 bytes):
0000  09 08 02 01 00 11 00 08 03 00 00 00 00 00 00 00   ................
0010  00 00 00 00 00 00 00 4a                           .......J

Packet (53 bytes):
0000  1c 00 20 ea b5 85 03 ad ff ff 00 00 00 00 1b 00   .. .............
0010  00 01 00 01 00 00 02 19 00 00 00 00 21 09 08 02   ............!...
0020  01 00 11 00 08 07 00 00 0c 04 4e 4e 44 75 00 00   ..........NNDu..
0030  00 00 00 00 e1                                    .....
USB Control (24 bytes):
0000  09 08 02 01 00 11 00 08 07 00 00 0c 04 4e 4e 44   .............NND
0010  75 00 00 00 00 00 00 e1                           u.......

Packet (53 bytes):
0000  1c 00 20 ea b5 85 03 ad ff ff 00 00 00 00 1b 00   .. .............
0010  00 01 00 01 00 00 02 19 00 00 00 00 21 09 08 02   ............!...
0020  01 00 11 00 08 03 00 00 00 00 00 00 00 00 00 00   ................
0030  00 00 00 00 4a                                    ....J
USB Control (24 bytes):
0000  09 08 02 01 00 11 00 08 03 00 00 00 00 00 00 00   ................
0010  00 00 00 00 00 00 00 4a                           .......J

Packet (53 bytes):
0000  1c 00 b0 e9 9e 85 03 ad ff ff 00 00 00 00 1b 00   ................
0010  00 01 00 01 00 00 02 19 00 00 00 00 21 09 08 02   ............!...
0020  01 00 11 00 08 07 00 00 0c 04 4f 4f 44 73 00 00   ..........OODs..
0030  00 00 00 00 e1                                    .....
USB Control (24 bytes):
0000  09 08 02 01 00 11 00 08 07 00 00 0c 04 4f 4f 44   .............OOD
0010  73 00 00 00 00 00 00 e1                           s.......

Packet (53 bytes):
0000  1c 00 10 e0 b9 85 03 ad ff ff 00 00 00 00 1b 00   ................
0010  00 01 00 01 00 00 02 19 00 00 00 00 21 09 08 02   ............!...
0020  01 00 11 00 08 03 00 00 00 00 00 00 00 00 00 00   ................
0030  00 00 00 00 4a                                    ....J
USB Control (24 bytes):
0000  09 08 02 01 00 11 00 08 03 00 00 00 00 00 00 00   ................
0010  00 00 00 00 00 00 00 4a                           .......J

Packet (53 bytes):
0000  1c 00 b0 d9 9e 85 03 ad ff ff 00 00 00 00 1b 00   ................
0010  00 01 00 01 00 00 02 19 00 00 00 00 21 09 08 02   ............!...
0020  01 00 11 00 08 07 00 00 0c 04 50 50 44 71 00 00   ..........PPDq..
0030  00 00 00 00 e1                                    .....
USB Control (24 bytes):
0000  09 08 02 01 00 11 00 08 07 00 00 0c 04 50 50 44   .............PPD
0010  71 00 00 00 00 00 00 e1                           q.......

Packet (53 bytes):
0000  1c 00 10 e0 b9 85 03 ad ff ff 00 00 00 00 1b 00   ................
0010  00 01 00 01 00 00 02 19 00 00 00 00 21 09 08 02   ............!...
0020  01 00 11 00 08 03 00 00 00 00 00 00 00 00 00 00   ................
0030  00 00 00 00 4a                                    ....J
USB Control (24 bytes):
0000  09 08 02 01 00 11 00 08 03 00 00 00 00 00 00 00   ................
0010  00 00 00 00 00 00 00 4a                           .......J

Packet (53 bytes):
0000  1c 00 10 c0 9e 85 03 ad ff ff 00 00 00 00 1b 00   ................
0010  00 01 00 01 00 00 02 19 00 00 00 00 21 09 08 02   ............!...
0020  01 00 11 00 08 07 00 00 0c 04 51 51 44 6f 00 00   ..........QQDo..
0030  00 00 00 00 e1                                    .....
USB Control (24 bytes):
0000  09 08 02 01 00 11 00 08 07 00 00 0c 04 51 51 44   .............QQD
0010  6f 00 00 00 00 00 00 e1                           o.......

Packet (53 bytes):
0000  1c 00 60 ca 7c 80 03 ad ff ff 00 00 00 00 1b 00   ..`.|...........
0010  00 01 00 01 00 00 02 19 00 00 00 00 21 09 08 02   ............!...
0020  01 00 11 00 08 03 00 00 00 00 00 00 00 00 00 00   ................
0030  00 00 00 00 4a                                    ....J
USB Control (24 bytes):
0000  09 08 02 01 00 11 00 08 03 00 00 00 00 00 00 00   ................
0010  00 00 00 00 00 00 00 4a                           .......J

Packet (53 bytes):
0000  1c 00 20 ea b5 85 03 ad ff ff 00 00 00 00 1b 00   .. .............
0010  00 01 00 01 00 00 02 19 00 00 00 00 21 09 08 02   ............!...
0020  01 00 11 00 08 07 00 00 0c 04 52 52 44 6d 00 00   ..........RRDm..
0030  00 00 00 00 e1                                    .....
USB Control (24 bytes):
0000  09 08 02 01 00 11 00 08 07 00 00 0c 04 52 52 44   .............RRD
0010  6d 00 00 00 00 00 00 e1                           m.......

Packet (53 bytes):
0000  1c 00 20 ea b5 85 03 ad ff ff 00 00 00 00 1b 00   .. .............
0010  00 01 00 01 00 00 02 19 00 00 00 00 21 09 08 02   ............!...
0020  01 00 11 00 08 03 00 00 00 00 00 00 00 00 00 00   ................
0030  00 00 00 00 4a                                    ....J
USB Control (24 bytes):
0000  09 08 02 01 00 11 00 08 03 00 00 00 00 00 00 00   ................
0010  00 00 00 00 00 00 00 4a                           .......J

Packet (53 bytes):
0000  1c 00 10 c0 9e 85 03 ad ff ff 00 00 00 00 1b 00   ................
0010  00 01 00 01 00 00 02 19 00 00 00 00 21 09 08 02   ............!...
0020  01 00 11 00 08 04 00 00 00 00 00 00 00 00 00 00   ................
0030  00 00 00 00 49                                    ....I
USB Control (24 bytes):
0000  09 08 02 01 00 11 00 08 04 00 00 00 00 00 00 00   ................
0010  00 00 00 00 00 00 00 49                           .......I

Packet (53 bytes):
0000  1c 00 b0 e9 9e 85 03 ad ff ff 00 00 00 00 1b 00   ................
0010  00 01 00 01 00 00 02 19 00 00 00 00 21 09 08 02   ............!...
0020  01 00 11 00 08 03 00 00 00 00 00 00 00 00 00 00   ................
0030  00 00 00 00 4a                                    ....J
USB Control (24 bytes):
0000  09 08 02 01 00 11 00 08 03 00 00 00 00 00 00 00   ................
0010  00 00 00 00 00 00 00 4a                           .......J

Packet (53 bytes):
0000  1c 00 20 ea b5 85 03 ad ff ff 00 00 00 00 1b 00   .. .............
0010  00 01 00 01 00 00 02 19 00 00 00 00 21 09 08 02   ............!...
0020  01 00 11 00 08 07 00 00 0c 04 53 53 44 6b 00 00   ..........SSDk..
0030  00 00 00 00 e1                                    .....
USB Control (24 bytes):
0000  09 08 02 01 00 11 00 08 07 00 00 0c 04 53 53 44   .............SSD
0010  6b 00 00 00 00 00 00 e1                           k.......

Packet (53 bytes):
0000  1c 00 60 34 f7 80 03 ad ff ff 00 00 00 00 1b 00   ..`4............
0010  00 01 00 01 00 00 02 19 00 00 00 00 21 09 08 02   ............!...
0020  01 00 11 00 08 03 00 00 00 00 00 00 00 00 00 00   ................
0030  00 00 00 00 4a                                    ....J
USB Control (24 bytes):
0000  09 08 02 01 00 11 00 08 03 00 00 00 00 00 00 00   ................
0010  00 00 00 00 00 00 00 4a                           .......J

Packet (53 bytes):
0000  1c 00 b0 e9 9e 85 03 ad ff ff 00 00 00 00 1b 00   ................
0010  00 01 00 01 00 00 02 19 00 00 00 00 21 09 08 02   ............!...
0020  01 00 11 00 08 07 00 00 0c 04 54 54 44 69 00 00   ..........TTDi..
0030  00 00 00 00 e1                                    .....
USB Control (24 bytes):
0000  09 08 02 01 00 11 00 08 07 00 00 0c 04 54 54 44   .............TTD
0010  69 00 00 00 00 00 00 e1                           i.......

Packet (53 bytes):
0000  1c 00 e0 c4 9e 85 03 ad ff ff 00 00 00 00 1b 00   ................
0010  00 01 00 01 00 00 02 19 00 00 00 00 21 09 08 02   ............!...
0020  01 00 11 00 08 03 00 00 00 00 00 00 00 00 00 00   ................
0030  00 00 00 00 4a                                    ....J
USB Control (24 bytes):
0000  09 08 02 01 00 11 00 08 03 00 00 00 00 00 00 00   ................
0010  00 00 00 00 00 00 00 4a                           .......J

Packet (53 bytes):
0000  1c 00 20 ea b5 85 03 ad ff ff 00 00 00 00 1b 00   .. .............
0010  00 01 00 01 00 00 02 19 00 00 00 00 21 09 08 02   ............!...
0020  01 00 11 00 08 07 00 00 0c 04 55 55 44 67 00 00   ..........UUDg..
0030  00 00 00 00 e1                                    .....
USB Control (24 bytes):
0000  09 08 02 01 00 11 00 08 07 00 00 0c 04 55 55 44   .............UUD
0010  67 00 00 00 00 00 00 e1                           g.......

Packet (53 bytes):
0000  1c 00 b0 e9 9e 85 03 ad ff ff 00 00 00 00 1b 00   ................
0010  00 01 00 01 00 00 02 19 00 00 00 00 21 09 08 02   ............!...
0020  01 00 11 00 08 03 00 00 00 00 00 00 00 00 00 00   ................
0030  00 00 00 00 4a                                    ....J
USB Control (24 bytes):
0000  09 08 02 01 00 11 00 08 03 00 00 00 00 00 00 00   ................
0010  00 00 00 00 00 00 00 4a                           .......J

Packet (53 bytes):
0000  1c 00 60 34 f7 80 03 ad ff ff 00 00 00 00 1b 00   ..`4............
0010  00 01 00 01 00 00 02 19 00 00 00 00 21 09 08 02   ............!...
0020  01 00 11 00 08 07 00 00 0c 04 56 56 44 65 00 00   ..........VVDe..
0030  00 00 00 00 e1                                    .....
USB Control (24 bytes):
0000  09 08 02 01 00 11 00 08 07 00 00 0c 04 56 56 44   .............VVD
0010  65 00 00 00 00 00 00 e1                           e.......

Packet (53 bytes):
0000  1c 00 b0 e9 9e 85 03 ad ff ff 00 00 00 00 1b 00   ................
0010  00 01 00 01 00 00 02 19 00 00 00 00 21 09 08 02   ............!...
0020  01 00 11 00 08 03 00 00 00 00 00 00 00 00 00 00   ................
0030  00 00 00 00 4a                                    ....J
USB Control (24 bytes):
0000  09 08 02 01 00 11 00 08 03 00 00 00 00 00 00 00   ................
0010  00 00 00 00 00 00 00 4a                           .......J

Packet (53 bytes):
0000  1c 00 b0 d9 9e 85 03 ad ff ff 00 00 00 00 1b 00   ................
0010  00 01 00 01 00 00 02 19 00 00 00 00 21 09 08 02   ............!...
0020  01 00 11 00 08 07 00 00 0c 04 57 57 44 63 00 00   ..........WWDc..
0030  00 00 00 00 e1                                    .....
USB Control (24 bytes):
0000  09 08 02 01 00 11 00 08 07 00 00 0c 04 57 57 44   .............WWD
0010  63 00 00 00 00 00 00 e1                           c.......

Packet (53 bytes):
0000  1c 00 60 ca 7c 80 03 ad ff ff 00 00 00 00 1b 00   ..`.|...........
0010  00 01 00 01 00 00 02 19 00 00 00 00 21 09 08 02   ............!...
0020  01 00 11 00 08 03 00 00 00 00 00 00 00 00 00 00   ................
0030  00 00 00 00 4a                                    ....J
USB Control (24 bytes):
0000  09 08 02 01 00 11 00 08 03 00 00 00 00 00 00 00   ................
0010  00 00 00 00 00 00 00 4a                           .......J

Packet (53 bytes):
0000  1c 00 10 20 23 7f 03 ad ff ff 00 00 00 00 1b 00   ... #...........
0010  00 01 00 01 00 00 02 19 00 00 00 00 21 09 08 02   ............!...
0020  01 00 11 00 08 07 00 00 0c 04 58 58 44 61 00 00   ..........XXDa..
0030  00 00 00 00 e1                                    .....
USB Control (24 bytes):
0000  09 08 02 01 00 11 00 08 07 00 00 0c 04 58 58 44   .............XXD
0010  61 00 00 00 00 00 00 e1                           a.......

Packet (53 bytes):
0000  1c 00 e0 f4 9e 85 03 ad ff ff 00 00 00 00 1b 00   ................
0010  00 01 00 01 00 00 02 19 00 00 00 00 21 09 08 02   ............!...
0020  01 00 11 00 08 03 00 00 00 00 00 00 00 00 00 00   ................
0030  00 00 00 00 4a                                    ....J
USB Control (24 bytes):
0000  09 08 02 01 00 11 00 08 03 00 00 00 00 00 00 00   ................
0010  00 00 00 00 00 00 00 4a                           .......J

Packet (53 bytes):
0000  1c 00 b0 d9 9e 85 03 ad ff ff 00 00 00 00 1b 00   ................
0010  00 01 00 01 00 00 02 19 00 00 00 00 21 09 08 02   ............!...
0020  01 00 11 00 08 07 00 00 0c 04 59 59 44 5f 00 00   ..........YYD_..
0030  00 00 00 00 e1                                    .....
USB Control (24 bytes):
0000  09 08 02 01 00 11 00 08 07 00 00 0c 04 59 59 44   .............YYD
0010  5f 00 00 00 00 00 00 e1                           _.......

Packet (53 bytes):
0000  1c 00 b0 e9 9e 85 03 ad ff ff 00 00 00 00 1b 00   ................
0010  00 01 00 01 00 00 02 19 00 00 00 00 21 09 08 02   ............!...
0020  01 00 11 00 08 03 00 00 00 00 00 00 00 00 00 00   ................
0030  00 00 00 00 4a                                    ....J
USB Control (24 bytes):
0000  09 08 02 01 00 11 00 08 03 00 00 00 00 00 00 00   ................
0010  00 00 00 00 00 00 00 4a                           .......J

Packet (53 bytes):
0000  1c 00 10 20 23 7f 03 ad ff ff 00 00 00 00 1b 00   ... #...........
0010  00 01 00 01 00 00 02 19 00 00 00 00 21 09 08 02   ............!...
0020  01 00 11 00 08 07 00 00 0c 04 5a 5a 44 5d 00 00   ..........ZZD]..
0030  00 00 00 00 e1                                    .....
USB Control (24 bytes):
0000  09 08 02 01 00 11 00 08 07 00 00 0c 04 5a 5a 44   .............ZZD
0010  5d 00 00 00 00 00 00 e1                           ].......

Packet (53 bytes):
0000  1c 00 b0 e9 9e 85 03 ad ff ff 00 00 00 00 1b 00   ................
0010  00 01 00 01 00 00 02 19 00 00 00 00 21 09 08 02   ............!...
0020  01 00 11 00 08 03 00 00 00 00 00 00 00 00 00 00   ................
0030  00 00 00 00 4a                                    ....J
USB Control (24 bytes):
0000  09 08 02 01 00 11 00 08 03 00 00 00 00 00 00 00   ................
0010  00 00 00 00 00 00 00 4a                           .......J

Packet (53 bytes):
0000  1c 00 10 c0 9e 85 03 ad ff ff 00 00 00 00 1b 00   ................
0010  00 01 00 01 00 00 02 19 00 00 00 00 21 09 08 02   ............!...
0020  01 00 11 00 08 04 00 00 00 00 00 00 00 00 00 00   ................
0030  00 00 00 00 49                                    ....I
USB Control (24 bytes):
0000  09 08 02 01 00 11 00 08 04 00 00 00 00 00 00 00   ................
0010  00 00 00 00 00 00 00 49                           .......I

Packet (53 bytes):
0000  1c 00 60 34 f7 80 03 ad ff ff 00 00 00 00 1b 00   ..`4............
0010  00 01 00 01 00 00 02 19 00 00 00 00 21 09 08 02   ............!...
0020  01 00 11 00 08 03 00 00 00 00 00 00 00 00 00 00   ................
0030  00 00 00 00 4a                                    ....J
USB Control (24 bytes):
0000  09 08 02 01 00 11 00 08 03 00 00 00 00 00 00 00   ................
0010  00 00 00 00 00 00 00 4a                           .......J

Packet (53 bytes):
0000  1c 00 b0 d9 9e 85 03 ad ff ff 00 00 00 00 1b 00   ................
0010  00 01 00 01 00 00 02 19 00 00 00 00 21 09 08 02   ............!...
0020  01 00 11 00 08 07 00 00 0c 04 5b 5b 44 5b 00 00   ..........[[D[..
0030  00 00 00 00 e1                                    .....
USB Control (24 bytes):
0000  09 08 02 01 00 11 00 08 07 00 00 0c 04 5b 5b 44   .............[[D
0010  5b 00 00 00 00 00 00 e1                           [.......

Packet (53 bytes):
0000  1c 00 10 20 23 7f 03 ad ff ff 00 00 00 00 1b 00   ... #...........
0010  00 01 00 01 00 00 02 19 00 00 00 00 21 09 08 02   ............!...
0020  01 00 11 00 08 03 00 00 00 00 00 00 00 00 00 00   ................
0030  00 00 00 00 4a                                    ....J
USB Control (24 bytes):
0000  09 08 02 01 00 11 00 08 03 00 00 00 00 00 00 00   ................
0010  00 00 00 00 00 00 00 4a                           .......J

Packet (53 bytes):
0000  1c 00 b0 d9 9e 85 03 ad ff ff 00 00 00 00 1b 00   ................
0010  00 01 00 01 00 00 02 19 00 00 00 00 21 09 08 02   ............!...
0020  01 00 11 00 08 07 00 00 0c 04 5c 5c 44 59 00 00   ..........\\DY..
0030  00 00 00 00 e1                                    .....
USB Control (24 bytes):
0000  09 08 02 01 00 11 00 08 07 00 00 0c 04 5c 5c 44   .............\\D
0010  59 00 00 00 00 00 00 e1                           Y.......

Packet (53 bytes):
0000  1c 00 10 20 23 7f 03 ad ff ff 00 00 00 00 1b 00   ... #...........
0010  00 01 00 01 00 00 02 19 00 00 00 00 21 09 08 02   ............!...
0020  01 00 11 00 08 03 00 00 00 00 00 00 00 00 00 00   ................
0030  00 00 00 00 4a                                    ....J
USB Control (24 bytes):
0000  09 08 02 01 00 11 00 08 03 00 00 00 00 00 00 00   ................
0010  00 00 00 00 00 00 00 4a                           .......J

Packet (53 bytes):
0000  1c 00 e0 f4 9e 85 03 ad ff ff 00 00 00 00 1b 00   ................
0010  00 01 00 01 00 00 02 19 00 00 00 00 21 09 08 02   ............!...
0020  01 00 11 00 08 07 00 00 0c 04 5d 5d 44 57 00 00   ..........]]DW..
0030  00 00 00 00 e1                                    .....
USB Control (24 bytes):
0000  09 08 02 01 00 11 00 08 07 00 00 0c 04 5d 5d 44   .............]]D
0010  57 00 00 00 00 00 00 e1                           W.......

Packet (53 bytes):
0000  1c 00 60 34 f7 80 03 ad ff ff 00 00 00 00 1b 00   ..`4............
0010  00 01 00 01 00 00 02 19 00 00 00 00 21 09 08 02   ............!...
0020  01 00 11 00 08 03 00 00 00 00 00 00 00 00 00 00   ................
0030  00 00 00 00 4a                                    ....J
USB Control (24 bytes):
0000  09 08 02 01 00 11 00 08 03 00 00 00 00 00 00 00   ................
0010  00 00 00 00 00 00 00 4a                           .......J

Packet (53 bytes):
0000  1c 00 10 20 23 7f 03 ad ff ff 00 00 00 00 1b 00   ... #...........
0010  00 01 00 01 00 00 02 19 00 00 00 00 21 09 08 02   ............!...
0020  01 00 11 00 08 07 00 00 0c 04 5e 5e 44 55 00 00   ..........^^DU..
0030  00 00 00 00 e1                                    .....
USB Control (24 bytes):
0000  09 08 02 01 00 11 00 08 07 00 00 0c 04 5e 5e 44   .............^^D
0010  55 00 00 00 00 00 00 e1                           U.......

Packet (53 bytes):
0000  1c 00 10 e0 b9 85 03 ad ff ff 00 00 00 00 1b 00   ................
0010  00 01 00 01 00 00 02 19 00 00 00 00 21 09 08 02   ............!...
0020  01 00 11 00 08 03 00 00 00 00 00 00 00 00 00 00   ................
0030  00 00 00 00 4a                                    ....J
USB Control (24 bytes):
0000  09 08 02 01 00 11 00 08 03 00 00 00 00 00 00 00   ................
0010  00 00 00 00 00 00 00 4a                           .......J

Packet (53 bytes):
0000  1c 00 10 e0 b9 85 03 ad ff ff 00 00 00 00 1b 00   ................
0010  00 01 00 01 00 00 02 19 00 00 00 00 21 09 08 02   ............!...
0020  01 00 11 00 08 07 00 00 0c 04 5f 5f 44 53 00 00   ..........__DS..
0030  00 00 00 00 e1                                    .....
USB Control (24 bytes):
0000  09 08 02 01 00 11 00 08 07 00 00 0c 04 5f 5f 44   .............__D
0010  53 00 00 00 00 00 00 e1                           S.......

Packet (53 bytes):
0000  1c 00 10 c0 9e 85 03 ad ff ff 00 00 00 00 1b 00   ................
0010  00 01 00 01 00 00 02 19 00 00 00 00 21 09 08 02   ............!...
0020  01 00 11 00 08 03 00 00 00 00 00 00 00 00 00 00   ................
0030  00 00 00 00 4a                                    ....J
USB Control (24 bytes):
0000  09 08 02 01 00 11 00 08 03 00 00 00 00 00 00 00   ................
0010  00 00 00 00 00 00 00 4a                           .......J

Packet (53 bytes):
0000  1c 00 10 20 23 7f 03 ad ff ff 00 00 00 00 1b 00   ... #...........
0010  00 01 00 01 00 00 02 19 00 00 00 00 21 09 08 02   ............!...
0020  01 00 11 00 08 07 00 00 0c 04 60 60 44 51 00 00   ..........``DQ..
0030  00 00 00 00 e1                                    .....
USB Control (24 bytes):
0000  09 08 02 01 00 11 00 08 07 00 00 0c 04 60 60 44   .............``D
0010  51 00 00 00 00 00 00 e1                           Q.......

Packet (53 bytes):
0000  1c 00 e0 c4 9e 85 03 ad ff ff 00 00 00 00 1b 00   ................
0010  00 01 00 01 00 00 02 19 00 00 00 00 21 09 08 02   ............!...
0020  01 00 11 00 08 03 00 00 00 00 00 00 00 00 00 00   ................
0030  00 00 00 00 4a                                    ....J
USB Control (24 bytes):
0000  09 08 02 01 00 11 00 08 03 00 00 00 00 00 00 00   ................
0010  00 00 00 00 00 00 00 4a                           .......J

Packet (53 bytes):
0000  1c 00 b0 d9 9e 85 03 ad ff ff 00 00 00 00 1b 00   ................
0010  00 01 00 01 00 00 02 19 00 00 00 00 21 09 08 02   ............!...
0020  01 00 11 00 08 07 00 00 0c 04 61 61 44 4f 00 00   ..........aaDO..
0030  00 00 00 00 e1                                    .....
USB Control (24 bytes):
0000  09 08 02 01 00 11 00 08 07 00 00 0c 04 61 61 44   .............aaD
0010  4f 00 00 00 00 00 00 e1                           O.......

Packet (53 bytes):
0000  1c 00 10 20 23 7f 03 ad ff ff 00 00 00 00 1b 00   ... #...........
0010  00 01 00 01 00 00 02 19 00 00 00 00 21 09 08 02   ............!...
0020  01 00 11 00 08 03 00 00 00 00 00 00 00 00 00 00   ................
0030  00 00 00 00 4a                                    ....J
USB Control (24 bytes):
0000  09 08 02 01 00 11 00 08 03 00 00 00 00 00 00 00   ................
0010  00 00 00 00 00 00 00 4a                           .......J

Packet (53 bytes):
0000  1c 00 10 e0 9e 85 03 ad ff ff 00 00 00 00 1b 00   ................
0010  00 01 00 01 00 00 02 19 00 00 00 00 21 09 08 02   ............!...
0020  01 00 11 00 08 04 00 00 00 00 00 00 00 00 00 00   ................
0030  00 00 00 00 49                                    ....I
USB Control (24 bytes):
0000  09 08 02 01 00 11 00 08 04 00 00 00 00 00 00 00   ................
0010  00 00 00 00 00 00 00 49                           .......I

Packet (53 bytes):
0000  1c 00 50 50 46 83 03 ad ff ff 00 00 00 00 1b 00   ..PPF...........
0010  00 01 00 01 00 00 02 19 00 00 00 00 21 09 08 02   ............!...
0020  01 00 11 00 08 03 00 00 00 00 00 00 00 00 00 00   ................
0030  00 00 00 00 4a                                    ....J
USB Control (24 bytes):
0000  09 08 02 01 00 11 00 08 03 00 00 00 00 00 00 00   ................
0010  00 00 00 00 00 00 00 4a                           .......J

Packet (53 bytes):
0000  1c 00 10 20 23 7f 03 ad ff ff 00 00 00 00 1b 00   ... #...........
0010  00 01 00 01 00 00 02 19 00 00 00 00 21 09 08 02   ............!...
0020  01 00 11 00 08 07 00 00 0c 04 62 62 44 4d 00 00   ..........bbDM..
0030  00 00 00 00 e1                                    .....
USB Control (24 bytes):
0000  09 08 02 01 00 11 00 08 07 00 00 0c 04 62 62 44   .............bbD
0010  4d 00 00 00 00 00 00 e1                           M.......

Packet (53 bytes):
0000  1c 00 b0 d9 9e 85 03 ad ff ff 00 00 00 00 1b 00   ................
0010  00 01 00 01 00 00 02 19 00 00 00 00 21 09 08 02   ............!...
0020  01 00 11 00 08 03 00 00 00 00 00 00 00 00 00 00   ................
0030  00 00 00 00 4a                                    ....J
USB Control (24 bytes):
0000  09 08 02 01 00 11 00 08 03 00 00 00 00 00 00 00   ................
0010  00 00 00 00 00 00 00 4a                           .......J

Packet (53 bytes):
0000  1c 00 10 e0 9e 85 03 ad ff ff 00 00 00 00 1b 00   ................
0010  00 01 00 01 00 00 02 19 00 00 00 00 21 09 08 02   ............!...
0020  01 00 11 00 08 07 00 00 0c 04 63 63 44 4b 00 00   ..........ccDK..
0030  00 00 00 00 e1                                    .....
USB Control (24 bytes):
0000  09 08 02 01 00 11 00 08 07 00 00 0c 04 63 63 44   .............ccD
0010  4b 00 00 00 00 00 00 e1                           K.......

Packet (53 bytes):
0000  1c 00 10 d0 9e 85 03 ad ff ff 00 00 00 00 1b 00   ................
0010  00 01 00 01 00 00 02 19 00 00 00 00 21 09 08 02   ............!...
0020  01 00 11 00 08 03 00 00 00 00 00 00 00 00 00 00   ................
0030  00 00 00 00 4a                                    ....J
USB Control (24 bytes):
0000  09 08 02 01 00 11 00 08 03 00 00 00 00 00 00 00   ................
0010  00 00 00 00 00 00 00 4a                           .......J

Packet (53 bytes):
0000  1c 00 20 ea b5 85 03 ad ff ff 00 00 00 00 1b 00   .. .............
0010  00 01 00 01 00 00 02 19 00 00 00 00 21 09 08 02   ............!...
0020  01 00 11 00 08 07 00 00 0c 04 64 64 44 49 00 00   ..........ddDI..
0030  00 00 00 00 e1                                    .....
USB Control (24 bytes):
0000  09 08 02 01 00 11 00 08 07 00 00 0c 04 64 64 44   .............ddD
0010  49 00 00 00 00 00 00 e1                           I.......

Packet (53 bytes):
0000  1c 00 50 50 46 83 03 ad ff ff 00 00 00 00 1b 00   ..PPF...........
0010  00 01 00 01 00 00 02 19 00 00 00 00 21 09 08 02   ............!...
0020  01 00 11 00 08 03 00 00 00 00 00 00 00 00 00 00   ................
0030  00 00 00 00 4a                                    ....J
USB Control (24 bytes):
0000  09 08 02 01 00 11 00 08 03 00 00 00 00 00 00 00   ................
0010  00 00 00 00 00 00 00 4a                           .......J

Packet (53 bytes):
0000  1c 00 20 ea b5 85 03 ad ff ff 00 00 00 00 1b 00   .. .............
0010  00 01 00 01 00 00 02 19 00 00 00 00 21 09 08 02   ............!...
0020  01 00 11 00 08 07 00 00 0c 04 65 65 44 47 00 00   ..........eeDG..
0030  00 00 00 00 e1                                    .....
USB Control (24 bytes):
0000  09 08 02 01 00 11 00 08 07 00 00 0c 04 65 65 44   .............eeD
0010  47 00 00 00 00 00 00 e1                           G.......

Packet (53 bytes):
0000  1c 00 60 34 f7 80 03 ad ff ff 00 00 00 00 1b 00   ..`4............
0010  00 01 00 01 00 00 02 19 00 00 00 00 21 09 08 02   ............!...
0020  01 00 11 00 08 03 00 00 00 00 00 00 00 00 00 00   ................
0030  00 00 00 00 4a                                    ....J
USB Control (24 bytes):
0000  09 08 02 01 00 11 00 08 03 00 00 00 00 00 00 00   ................
0010  00 00 00 00 00 00 00 4a                           .......J

Packet (53 bytes):
0000  1c 00 10 20 23 7f 03 ad ff ff 00 00 00 00 1b 00   ... #...........
0010  00 01 00 01 00 00 02 19 00 00 00 00 21 09 08 02   ............!...
0020  01 00 11 00 08 07 00 00 0c 04 66 66 44 45 00 00   ..........ffDE..
0030  00 00 00 00 e1                                    .....
USB Control (24 bytes):
0000  09 08 02 01 00 11 00 08 07 00 00 0c 04 66 66 44   .............ffD
0010  45 00 00 00 00 00 00 e1                           E.......

Packet (53 bytes):
0000  1c 00 60 34 f7 80 03 ad ff ff 00 00 00 00 1b 00   ..`4............
0010  00 01 00 01 00 00 02 19 00 00 00 00 21 09 08 02   ............!...
0020  01 00 11 00 08 03 00 00 00 00 00 00 00 00 00 00   ................
0030  00 00 00 00 4a                                    ....J
USB Control (24 bytes):
0000  09 08 02 01 00 11 00 08 03 00 00 00 00 00 00 00   ................
0010  00 00 00 00 00 00 00 4a                           .......J

Packet (53 bytes):
0000  1c 00 20 ea b5 85 03 ad ff ff 00 00 00 00 1b 00   .. .............
0010  00 01 00 01 00 00 02 19 00 00 00 00 21 09 08 02   ............!...
0020  01 00 11 00 08 07 00 00 0c 04 67 67 44 43 00 00   ..........ggDC..
0030  00 00 00 00 e1                                    .....
USB Control (24 bytes):
0000  09 08 02 01 00 11 00 08 07 00 00 0c 04 67 67 44   .............ggD
0010  43 00 00 00 00 00 00 e1                           C.......

Packet (53 bytes):
0000  1c 00 b0 d9 9e 85 03 ad ff ff 00 00 00 00 1b 00   ................
0010  00 01 00 01 00 00 02 19 00 00 00 00 21 09 08 02   ............!...
0020  01 00 11 00 08 03 00 00 00 00 00 00 00 00 00 00   ................
0030  00 00 00 00 4a                                    ....J
USB Control (24 bytes):
0000  09 08 02 01 00 11 00 08 03 00 00 00 00 00 00 00   ................
0010  00 00 00 00 00 00 00 4a                           .......J

Packet (53 bytes):
0000  1c 00 a0 18 b9 7e 03 ad ff ff 00 00 00 00 1b 00   .....~..........
0010  00 01 00 01 00 00 02 19 00 00 00 00 21 09 08 02   ............!...
0020  01 00 11 00 08 07 00 00 0c 04 68 68 44 41 00 00   ..........hhDA..
0030  00 00 00 00 e1                                    .....
USB Control (24 bytes):
0000  09 08 02 01 00 11 00 08 07 00 00 0c 04 68 68 44   .............hhD
0010  41 00 00 00 00 00 00 e1                           A.......

Packet (53 bytes):
0000  1c 00 20 ea b5 85 03 ad ff ff 00 00 00 00 1b 00   .. .............
0010  00 01 00 01 00 00 02 19 00 00 00 00 21 09 08 02   ............!...
0020  01 00 11 00 08 03 00 00 00 00 00 00 00 00 00 00   ................
0030  00 00 00 00 4a                                    ....J
USB Control (24 bytes):
0000  09 08 02 01 00 11 00 08 03 00 00 00 00 00 00 00   ................
0010  00 00 00 00 00 00 00 4a                           .......J

Packet (53 bytes):
0000  1c 00 10 c0 9e 85 03 ad ff ff 00 00 00 00 1b 00   ................
0010  00 01 00 01 00 00 02 19 00 00 00 00 21 09 08 02   ............!...
0020  01 00 11 00 08 04 00 00 00 00 00 00 00 00 00 00   ................
0030  00 00 00 00 49                                    ....I
USB Control (24 bytes):
0000  09 08 02 01 00 11 00 08 04 00 00 00 00 00 00 00   ................
0010  00 00 00 00 00 00 00 49                           .......I

Packet (53 bytes):
0000  1c 00 20 fb f7 80 03 ad ff ff 00 00 00 00 1b 00   .. .............
0010  00 01 00 01 00 00 02 19 00 00 00 00 21 09 08 02   ............!...
0020  01 00 11 00 08 03 00 00 00 00 00 00 00 00 00 00   ................
0030  00 00 00 00 4a                                    ....J
USB Control (24 bytes):
0000  09 08 02 01 00 11 00 08 03 00 00 00 00 00 00 00   ................
0010  00 00 00 00 00 00 00 4a                           .......J

Packet (53 bytes):
0000  1c 00 b0 d9 9e 85 03 ad ff ff 00 00 00 00 1b 00   ................
0010  00 01 00 01 00 00 02 19 00 00 00 00 21 09 08 02   ............!...
0020  01 00 11 00 08 07 00 00 0c 04 69 69 44 3f 00 00   ..........iiD?..
0030  00 00 00 00 e1                                    .....
USB Control (24 bytes):
0000  09 08 02 01 00 11 00 08 07 00 00 0c 04 69 69 44   .............iiD
0010  3f 00 00 00 00 00 00 e1                           ?.......

Packet (53 bytes):
0000  1c 00 10 c0 9e 85 03 ad ff ff 00 00 00 00 1b 00   ................
0010  00 01 00 01 00 00 02 19 00 00 00 00 21 09 08 02   ............!...
0020  01 00 11 00 08 03 00 00 00 00 00 00 00 00 00 00   ................
0030  00 00 00 00 4a                                    ....J
USB Control (24 bytes):
0000  09 08 02 01 00 11 00 08 03 00 00 00 00 00 00 00   ................
0010  00 00 00 00 00 00 00 4a                           .......J

Packet (53 bytes):
0000  1c 00 20 ea b5 85 03 ad ff ff 00 00 00 00 1b 00   .. .............
0010  00 01 00 01 00 00 02 19 00 00 00 00 21 09 08 02   ............!...
0020  01 00 11 00 08 07 00 00 0c 04 6a 6a 44 3d 00 00   ..........jjD=..
0030  00 00 00 00 e1                                    .....
USB Control (24 bytes):
0000  09 08 02 01 00 11 00 08 07 00 00 0c 04 6a 6a 44   .............jjD
0010  3d 00 00 00 00 00 00 e1                           =.......

Packet (53 bytes):
0000  1c 00 00 bb 9e 85 03 ad ff ff 00 00 00 00 1b 00   ................
0010  00 01 00 01 00 00 02 19 00 00 00 00 21 09 08 02   ............!...
0020  01 00 11 00 08 03 00 00 00 00 00 00 00 00 00 00   ................
0030  00 00 00 00 4a                                    ....J
USB Control (24 bytes):
0000  09 08 02 01 00 11 00 08 03 00 00 00 00 00 00 00   ................
0010  00 00 00 00 00 00 00 4a                           .......J

Packet (53 bytes):
0000  1c 00 b0 d9 9e 85 03 ad ff ff 00 00 00 00 1b 00   ................
0010  00 01 00 01 00 00 02 19 00 00 00 00 21 09 08 02   ............!...
0020  01 00 11 00 08 07 00 00 0c 04 6b 6b 44 3b 00 00   ..........kkD;..
0030  00 00 00 00 e1                                    .....
USB Control (24 bytes):
0000  09 08 02 01 00 11 00 08 07 00 00 0c 04 6b 6b 44   .............kkD
0010  3b 00 00 00 00 00 00 e1                           ;.......

Packet (53 bytes):
0000  1c 00 20 ea b5 85 03 ad ff ff 00 00 00 00 1b 00   .. .............
0010  00 01 00 01 00 00 02 19 00 00 00 00 21 09 08 02   ............!...
0020  01 00 11 00 08 03 00 00 00 00 00 00 00 00 00 00   ................
0030  00 00 00 00 4a                                    ....J
USB Control (24 bytes):
0000  09 08 02 01 00 11 00 08 03 00 00 00 00 00 00 00   ................
0010  00 00 00 00 00 00 00 4a                           .......J

Packet (53 bytes):
0000  1c 00 b0 d9 9e 85 03 ad ff ff 00 00 00 00 1b 00   ................
0010  00 01 00 01 00 00 02 19 00 00 00 00 21 09 08 02   ............!...
0020  01 00 11 00 08 07 00 00 0c 04 6c 6c 44 39 00 00   ..........llD9..
0030  00 00 00 00 e1                                    .....
USB Control (24 bytes):
0000  09 08 02 01 00 11 00 08 07 00 00 0c 04 6c 6c 44   .............llD
0010  39 00 00 00 00 00 00 e1                           9.......

Packet (53 bytes):
0000  1c 00 10 e0 9e 85 03 ad ff ff 00 00 00 00 1b 00   ................
0010  00 01 00 01 00 00 02 19 00 00 00 00 21 09 08 02   ............!...
0020  01 00 11 00 08 03 00 00 00 00 00 00 00 00 00 00   ................
0030  00 00 00 00 4a                                    ....J
USB Control (24 bytes):
0000  09 08 02 01 00 11 00 08 03 00 00 00 00 00 00 00   ................
0010  00 00 00 00 00 00 00 4a                           .......J

Packet (53 bytes):
0000  1c 00 b0 d9 9e 85 03 ad ff ff 00 00 00 00 1b 00   ................
0010  00 01 00 01 00 00 02 19 00 00 00 00 21 09 08 02   ............!...
0020  01 00 11 00 08 07 00 00 0c 04 6d 6d 44 37 00 00   ..........mmD7..
0030  00 00 00 00 e1                                    .....
USB Control (24 bytes):
0000  09 08 02 01 00 11 00 08 07 00 00 0c 04 6d 6d 44   .............mmD
0010  37 00 00 00 00 00 00 e1                           7.......

Packet (53 bytes):
0000  1c 00 60 34 f7 80 03 ad ff ff 00 00 00 00 1b 00   ..`4............
0010  00 01 00 01 00 00 02 19 00 00 00 00 21 09 08 02   ............!...
0020  01 00 11 00 08 03 00 00 00 00 00 00 00 00 00 00   ................
0030  00 00 00 00 4a                                    ....J
USB Control (24 bytes):
0000  09 08 02 01 00 11 00 08 03 00 00 00 00 00 00 00   ................
0010  00 00 00 00 00 00 00 4a                           .......J

Packet (53 bytes):
0000  1c 00 b0 d9 9e 85 03 ad ff ff 00 00 00 00 1b 00   ................
0010  00 01 00 01 00 00 02 19 00 00 00 00 21 09 08 02   ............!...
0020  01 00 11 00 08 07 00 00 0c 04 6e 6e 44 35 00 00   ..........nnD5..
0030  00 00 00 00 e1                                    .....
USB Control (24 bytes):
0000  09 08 02 01 00 11 00 08 07 00 00 0c 04 6e 6e 44   .............nnD
0010  35 00 00 00 00 00 00 e1                           5.......

Packet (53 bytes):
0000  1c 00 10 20 23 7f 03 ad ff ff 00 00 00 00 1b 00   ... #...........
0010  00 01 00 01 00 00 02 19 00 00 00 00 21 09 08 02   ............!...
0020  01 00 11 00 08 03 00 00 00 00 00 00 00 00 00 00   ................
0030  00 00 00 00 4a                                    ....J
USB Control (24 bytes):
0000  09 08 02 01 00 11 00 08 03 00 00 00 00 00 00 00   ................
0010  00 00 00 00 00 00 00 4a                           .......J

Packet (53 bytes):
0000  1c 00 20 ea b5 85 03 ad ff ff 00 00 00 00 1b 00   .. .............
0010  00 01 00 01 00 00 02 19 00 00 00 00 21 09 08 02   ............!...
0020  01 00 11 00 08 07 00 00 0c 04 6f 6f 44 33 00 00   ..........ooD3..
0030  00 00 00 00 e1                                    .....
USB Control (24 bytes):
0000  09 08 02 01 00 11 00 08 07 00 00 0c 04 6f 6f 44   .............ooD
0010  33 00 00 00 00 00 00 e1                           3.......

Packet (53 bytes):
0000  1c 00 10 e0 9e 85 03 ad ff ff 00 00 00 00 1b 00   ................
0010  00 01 00 01 00 00 02 19 00 00 00 00 21 09 08 02   ............!...
0020  01 00 11 00 08 03 00 00 00 00 00 00 00 00 00 00   ................
0030  00 00 00 00 4a                                    ....J
USB Control (24 bytes):
0000  09 08 02 01 00 11 00 08 03 00 00 00 00 00 00 00   ................
0010  00 00 00 00 00 00 00 4a                           .......J

Packet (53 bytes):
0000  1c 00 20 0b 67 81 03 ad ff ff 00 00 00 00 1b 00   .. .g...........
0010  00 01 00 01 00 00 02 19 00 00 00 00 21 09 08 02   ............!...
0020  01 00 11 00 08 07 00 00 0c 04 70 70 44 31 00 00   ..........ppD1..
0030  00 00 00 00 e1                                    .....
USB Control (24 bytes):
0000  09 08 02 01 00 11 00 08 07 00 00 0c 04 70 70 44   .............ppD
0010  31 00 00 00 00 00 00 e1                           1.......

Packet (53 bytes):
0000  1c 00 60 34 f7 80 03 ad ff ff 00 00 00 00 1b 00   ..`4............
0010  00 01 00 01 00 00 02 19 00 00 00 00 21 09 08 02   ............!...
0020  01 00 11 00 08 03 00 00 00 00 00 00 00 00 00 00   ................
0030  00 00 00 00 4a                                    ....J
USB Control (24 bytes):
0000  09 08 02 01 00 11 00 08 03 00 00 00 00 00 00 00   ................
0010  00 00 00 00 00 00 00 4a                           .......J

Packet (53 bytes):
0000  1c 00 10 20 23 7f 03 ad ff ff 00 00 00 00 1b 00   ... #...........
0010  00 01 00 01 00 00 02 19 00 00 00 00 21 09 08 02   ............!...
0020  01 00 11 00 08 03 00 00 00 00 00 00 00 00 00 00   ................
0030  00 00 00 00 4a                                    ....J
USB Control (24 bytes):
0000  09 08 02 01 00 11 00 08 03 00 00 00 00 00 00 00   ................
0010  00 00 00 00 00 00 00 4a                           .......J

Packet (53 bytes):
0000  1c 00 a0 18 b9 7e 03 ad ff ff 00 00 00 00 1b 00   .....~..........
0010  00 01 00 01 00 00 02 19 00 00 00 00 21 09 08 02   ............!...
0020  01 00 11 00 08 04 00 00 00 00 00 00 00 00 00 00   ................
0030  00 00 00 00 49                                    ....I
USB Control (24 bytes):
0000  09 08 02 01 00 11 00 08 04 00 00 00 00 00 00 00   ................
0010  00 00 00 00 00 00 00 49                           .......I

Packet (53 bytes):
0000  1c 00 a0 18 b9 7e 03 ad ff ff 00 00 00 00 1b 00   .....~..........
0010  00 01 00 01 00 00 02 19 00 00 00 00 21 09 08 02   ............!...
0020  01 00 11 00 08 07 00 00 0c 04 71 71 44 2f 00 00   ..........qqD/..
0030  00 00 00 00 e1                                    .....
USB Control (24 bytes):
0000  09 08 02 01 00 11 00 08 07 00 00 0c 04 71 71 44   .............qqD
0010  2f 00 00 00 00 00 00 e1                           /.......

Packet (53 bytes):
0000  1c 00 e0 c4 9e 85 03 ad ff ff 00 00 00 00 1b 00   ................
0010  00 01 00 01 00 00 02 19 00 00 00 00 21 09 08 02   ............!...
0020  01 00 11 00 08 03 00 00 00 00 00 00 00 00 00 00   ................
0030  00 00 00 00 4a                                    ....J
USB Control (24 bytes):
0000  09 08 02 01 00 11 00 08 03 00 00 00 00 00 00 00   ................
0010  00 00 00 00 00 00 00 4a                           .......J

Packet (53 bytes):
0000  1c 00 20 0b 67 81 03 ad ff ff 00 00 00 00 1b 00   .. .g...........
0010  00 01 00 01 00 00 02 19 00 00 00 00 21 09 08 02   ............!...
0020  01 00 11 00 08 07 00 00 0c 04 72 72 44 2d 00 00   ..........rrD-..
0030  00 00 00 00 e1                                    .....
USB Control (24 bytes):
0000  09 08 02 01 00 11 00 08 07 00 00 0c 04 72 72 44   .............rrD
0010  2d 00 00 00 00 00 00 e1                           -.......

Packet (53 bytes):
0000  1c 00 50 50 46 83 03 ad ff ff 00 00 00 00 1b 00   ..PPF...........
0010  00 01 00 01 00 00 02 19 00 00 00 00 21 09 08 02   ............!...
0020  01 00 11 00 08 03 00 00 00 00 00 00 00 00 00 00   ................
0030  00 00 00 00 4a                                    ....J
USB Control (24 bytes):
0000  09 08 02 01 00 11 00 08 03 00 00 00 00 00 00 00   ................
0010  00 00 00 00 00 00 00 4a                           .......J

Packet (53 bytes):
0000  1c 00 10 20 23 7f 03 ad ff ff 00 00 00 00 1b 00   ... #...........
0010  00 01 00 01 00 00 02 19 00 00 00 00 21 09 08 02   ............!...
0020  01 00 11 00 08 07 00 00 0c 04 73 73 44 2b 00 00   ..........ssD+..
0030  00 00 00 00 e1                                    .....
USB Control (24 bytes):
0000  09 08 02 01 00 11 00 08 07 00 00 0c 04 73 73 44   .............ssD
0010  2b 00 00 00 00 00 00 e1                           +.......

Packet (53 bytes):
0000  1c 00 e0 d4 9e 85 03 ad ff ff 00 00 00 00 1b 00   ................
0010  00 01 00 01 00 00 02 19 00 00 00 00 21 09 08 02   ............!...
0020  01 00 11 00 08 03 00 00 00 00 00 00 00 00 00 00   ................
0030  00 00 00 00 4a                                    ....J
USB Control (24 bytes):
0000  09 08 02 01 00 11 00 08 03 00 00 00 00 00 00 00   ................
0010  00 00 00 00 00 00 00 4a                           .......J

Packet (53 bytes):
0000  1c 00 20 0b 67 81 03 ad ff ff 00 00 00 00 1b 00   .. .g...........
0010  00 01 00 01 00 00 02 19 00 00 00 00 21 09 08 02   ............!...
0020  01 00 11 00 08 07 00 00 0c 04 74 74 44 29 00 00   ..........ttD)..
0030  00 00 00 00 e1                                    .....
USB Control (24 bytes):
0000  09 08 02 01 00 11 00 08 07 00 00 0c 04 74 74 44   .............ttD
0010  29 00 00 00 00 00 00 e1                           ).......

Packet (53 bytes):
0000  1c 00 10 90 32 81 03 ad ff ff 00 00 00 00 1b 00   ....2...........
0010  00 01 00 01 00 00 02 19 00 00 00 00 21 09 08 02   ............!...
0020  01 00 11 00 08 03 00 00 00 00 00 00 00 00 00 00   ................
0030  00 00 00 00 4a                                    ....J
USB Control (24 bytes):
0000  09 08 02 01 00 11 00 08 03 00 00 00 00 00 00 00   ................
0010  00 00 00 00 00 00 00 4a                           .......J

Packet (53 bytes):
0000  1c 00 10 20 23 7f 03 ad ff ff 00 00 00 00 1b 00   ... #...........
0010  00 01 00 01 00 00 02 19 00 00 00 00 21 09 08 02   ............!...
0020  01 00 11 00 08 07 00 00 0c 04 75 75 44 27 00 00   ..........uuD'..
0030  00 00 00 00 e1                                    .....
USB Control (24 bytes):
0000  09 08 02 01 00 11 00 08 07 00 00 0c 04 75 75 44   .............uuD
0010  27 00 00 00 00 00 00 e1                           '.......

Packet (53 bytes):
0000  1c 00 20 0b 67 81 03 ad ff ff 00 00 00 00 1b 00   .. .g...........
0010  00 01 00 01 00 00 02 19 00 00 00 00 21 09 08 02   ............!...
0020  01 00 11 00 08 03 00 00 00 00 00 00 00 00 00 00   ................
0030  00 00 00 00 4a                                    ....J
USB Control (24 bytes):
0000  09 08 02 01 00 11 00 08 03 00 00 00 00 00 00 00   ................
0010  00 00 00 00 00 00 00 4a                           .......J

Packet (53 bytes):
0000  1c 00 10 20 23 7f 03 ad ff ff 00 00 00 00 1b 00   ... #...........
0010  00 01 00 01 00 00 02 19 00 00 00 00 21 09 08 02   ............!...
0020  01 00 11 00 08 07 00 00 0c 04 76 76 44 25 00 00   ..........vvD%..
0030  00 00 00 00 e1                                    .....
USB Control (24 bytes):
0000  09 08 02 01 00 11 00 08 07 00 00 0c 04 76 76 44   .............vvD
0010  25 00 00 00 00 00 00 e1                           %.......

Packet (53 bytes):
0000  1c 00 e0 d4 9e 85 03 ad ff ff 00 00 00 00 1b 00   ................
0010  00 01 00 01 00 00 02 19 00 00 00 00 21 09 08 02   ............!...
0020  01 00 11 00 08 03 00 00 00 00 00 00 00 00 00 00   ................
0030  00 00 00 00 4a                                    ....J
USB Control (24 bytes):
0000  09 08 02 01 00 11 00 08 03 00 00 00 00 00 00 00   ................
0010  00 00 00 00 00 00 00 4a                           .......J

Packet (53 bytes):
0000  1c 00 20 0b 67 81 03 ad ff ff 00 00 00 00 1b 00   .. .g...........
0010  00 01 00 01 00 00 02 19 00 00 00 00 21 09 08 02   ............!...
0020  01 00 11 00 08 07 00 00 0c 04 77 77 44 23 00 00   ..........wwD#..
0030  00 00 00 00 e1                                    .....
USB Control (24 bytes):
0000  09 08 02 01 00 11 00 08 07 00 00 0c 04 77 77 44   .............wwD
0010  23 00 00 00 00 00 00 e1                           #.......

Packet (53 bytes):
0000  1c 00 10 90 32 81 03 ad ff ff 00 00 00 00 1b 00   ....2...........
0010  00 01 00 01 00 00 02 19 00 00 00 00 21 09 08 02   ............!...
0020  01 00 11 00 08 03 00 00 00 00 00 00 00 00 00 00   ................
0030  00 00 00 00 4a                                    ....J
USB Control (24 bytes):
0000  09 08 02 01 00 11 00 08 03 00 00 00 00 00 00 00   ................
0010  00 00 00 00 00 00 00 4a                           .......J

Packet (53 bytes):
0000  1c 00 20 0b 67 81 03 ad ff ff 00 00 00 00 1b 00   .. .g...........
0010  00 01 00 01 00 00 02 19 00 00 00 00 21 09 08 02   ............!...
0020  01 00 11 00 08 07 00 00 0c 04 78 78 44 21 00 00   ..........xxD!..
0030  00 00 00 00 e1                                    .....
USB Control (24 bytes):
0000  09 08 02 01 00 11 00 08 07 00 00 0c 04 78 78 44   .............xxD
0010  21 00 00 00 00 00 00 e1                           !.......

Packet (53 bytes):
0000  1c 00 10 20 23 7f 03 ad ff ff 00 00 00 00 1b 00   ... #...........
0010  00 01 00 01 00 00 02 19 00 00 00 00 21 09 08 02   ............!...
0020  01 00 11 00 08 03 00 00 00 00 00 00 00 00 00 00   ................
0030  00 00 00 00 4a                                    ....J
USB Control (24 bytes):
0000  09 08 02 01 00 11 00 08 03 00 00 00 00 00 00 00   ................
0010  00 00 00 00 00 00 00 4a                           .......J

Packet (53 bytes):
0000  1c 00 20 0b 67 81 03 ad ff ff 00 00 00 00 1b 00   .. .g...........
0010  00 01 00 01 00 00 02 19 00 00 00 00 21 09 08 02   ............!...
0020  01 00 11 00 08 07 00 00 0c 04 79 79 44 1f 00 00   ..........yyD...
0030  00 00 00 00 e1                                    .....
USB Control (24 bytes):
0000  09 08 02 01 00 11 00 08 07 00 00 0c 04 79 79 44   .............yyD
0010  1f 00 00 00 00 00 00 e1                           ........

Packet (53 bytes):
0000  1c 00 a0 18 b9 7e 03 ad ff ff 00 00 00 00 1b 00   .....~..........
0010  00 01 00 01 00 00 02 19 00 00 00 00 21 09 08 02   ............!...
0020  01 00 11 00 08 03 00 00 00 00 00 00 00 00 00 00   ................
0030  00 00 00 00 4a                                    ....J
USB Control (24 bytes):
0000  09 08 02 01 00 11 00 08 03 00 00 00 00 00 00 00   ................
0010  00 00 00 00 00 00 00 4a                           .......J

Packet (53 bytes):
0000  1c 00 b0 c2 a1 85 03 ad ff ff 00 00 00 00 1b 00   ................
0010  00 01 00 01 00 00 02 19 00 00 00 00 21 09 08 02   ............!...
0020  01 00 11 00 08 07 00 00 0c 04 7a 7a 44 1d 00 00   ..........zzD...
0030  00 00 00 00 e1                                    .....
USB Control (24 bytes):
0000  09 08 02 01 00 11 00 08 07 00 00 0c 04 7a 7a 44   .............zzD
0010  1d 00 00 00 00 00 00 e1                           ........

Packet (53 bytes):
0000  1c 00 e0 c4 9e 85 03 ad ff ff 00 00 00 00 1b 00   ................
0010  00 01 00 01 00 00 02 19 00 00 00 00 21 09 08 02   ............!...
0020  01 00 11 00 08 03 00 00 00 00 00 00 00 00 00 00   ................
0030  00 00 00 00 4a                                    ....J
USB Control (24 bytes):
0000  09 08 02 01 00 11 00 08 03 00 00 00 00 00 00 00   ................
0010  00 00 00 00 00 00 00 4a                           .......J

Packet (53 bytes):
0000  1c 00 20 ea b5 85 03 ad ff ff 00 00 00 00 1b 00   .. .............
0010  00 01 00 01 00 00 02 19 00 00 00 00 21 09 08 02   ............!...
0020  01 00 11 00 08 03 00 00 00 00 00 00 00 00 00 00   ................
0030  00 00 00 00 4a                                    ....J
USB Control (24 bytes):
0000  09 08 02 01 00 11 00 08 03 00 00 00 00 00 00 00   ................
0010  00 00 00 00 00 00 00 4a                           .......J

Packet (53 bytes):
0000  1c 00 10 90 32 81 03 ad ff ff 00 00 00 00 1b 00   ....2...........
0010  00 01 00 01 00 00 02 19 00 00 00 00 21 09 08 02   ............!...
0020  01 00 11 00 08 04 00 00 00 00 00 00 00 00 00 00   ................
0030  00 00 00 00 49                                    ....I
USB Control (24 bytes):
0000  09 08 02 01 00 11 00 08 04 00 00 00 00 00 00 00   ................
0010  00 00 00 00 00 00 00 49                           .......I

Packet (53 bytes):
0000  1c 00 10 90 32 81 03 ad ff ff 00 00 00 00 1b 00   ....2...........
0010  00 01 00 01 00 00 02 19 00 00 00 00 21 09 08 02   ............!...
0020  01 00 11 00 08 07 00 00 0c 04 7b 7b 44 1b 00 00   ..........{{D...
0030  00 00 00 00 e1                                    .....
USB Control (24 bytes):
0000  09 08 02 01 00 11 00 08 07 00 00 0c 04 7b 7b 44   .............{{D
0010  1b 00 00 00 00 00 00 e1                           ........

Packet (53 bytes):
0000  1c 00 10 d0 fd 85 03 ad ff ff 00 00 00 00 1b 00   ................
0010  00 01 00 01 00 00 02 19 00 00 00 00 21 09 08 02   ............!...
0020  01 00 11 00 08 03 00 00 00 00 00 00 00 00 00 00   ................
0030  00 00 00 00 4a                                    ....J
USB Control (24 bytes):
0000  09 08 02 01 00 11 00 08 03 00 00 00 00 00 00 00   ................
0010  00 00 00 00 00 00 00 4a                           .......J

Packet (53 bytes):
0000  1c 00 20 ea b5 85 03 ad ff ff 00 00 00 00 1b 00   .. .............
0010  00 01 00 01 00 00 02 19 00 00 00 00 21 09 08 02   ............!...
0020  01 00 11 00 08 07 00 00 0c 04 7c 7c 44 19 00 00   ..........||D...
0030  00 00 00 00 e1                                    .....
USB Control (24 bytes):
0000  09 08 02 01 00 11 00 08 07 00 00 0c 04 7c 7c 44   .............||D
0010  19 00 00 00 00 00 00 e1                           ........

Packet (53 bytes):
0000  1c 00 10 c0 9e 85 03 ad ff ff 00 00 00 00 1b 00   ................
0010  00 01 00 01 00 00 02 19 00 00 00 00 21 09 08 02   ............!...
0020  01 00 11 00 08 03 00 00 00 00 00 00 00 00 00 00   ................
0030  00 00 00 00 4a                                    ....J
USB Control (24 bytes):
0000  09 08 02 01 00 11 00 08 03 00 00 00 00 00 00 00   ................
0010  00 00 00 00 00 00 00 4a                           .......J

Packet (53 bytes):
0000  1c 00 b0 c2 a1 85 03 ad ff ff 00 00 00 00 1b 00   ................
0010  00 01 00 01 00 00 02 19 00 00 00 00 21 09 08 02   ............!...
0020  01 00 11 00 08 07 00 00 0c 04 7d 7d 44 17 00 00   ..........}}D...
0030  00 00 00 00 e1                                    .....
USB Control (24 bytes):
0000  09 08 02 01 00 11 00 08 07 00 00 0c 04 7d 7d 44   .............}}D
0010  17 00 00 00 00 00 00 e1                           ........

Packet (53 bytes):
0000  1c 00 e0 c4 9e 85 03 ad ff ff 00 00 00 00 1b 00   ................
0010  00 01 00 01 00 00 02 19 00 00 00 00 21 09 08 02   ............!...
0020  01 00 11 00 08 03 00 00 00 00 00 00 00 00 00 00   ................
0030  00 00 00 00 4a                                    ....J
USB Control (24 bytes):
0000  09 08 02 01 00 11 00 08 03 00 00 00 00 00 00 00   ................
0010  00 00 00 00 00 00 00 4a                           .......J

Packet (53 bytes):
0000  1c 00 10 20 23 7f 03 ad ff ff 00 00 00 00 1b 00   ... #...........
0010  00 01 00 01 00 00 02 19 00 00 00 00 21 09 08 02   ............!...
0020  01 00 11 00 08 07 00 00 0c 04 7e 7e 44 15 00 00   ..........~~D...
0030  00 00 00 00 e1                                    .....
USB Control (24 bytes):
0000  09 08 02 01 00 11 00 08 07 00 00 0c 04 7e 7e 44   .............~~D
0010  15 00 00 00 00 00 00 e1                           ........

Packet (53 bytes):
0000  1c 00 b0 c2 a1 85 03 ad ff ff 00 00 00 00 1b 00   ................
0010  00 01 00 01 00 00 02 19 00 00 00 00 21 09 08 02   ............!...
0020  01 00 11 00 08 03 00 00 00 00 00 00 00 00 00 00   ................
0030  00 00 00 00 4a                                    ....J
USB Control (24 bytes):
0000  09 08 02 01 00 11 00 08 03 00 00 00 00 00 00 00   ................
0010  00 00 00 00 00 00 00 4a                           .......J

Packet (53 bytes):
0000  1c 00 10 20 23 7f 03 ad ff ff 00 00 00 00 1b 00   ... #...........
0010  00 01 00 01 00 00 02 19 00 00 00 00 21 09 08 02   ............!...
0020  01 00 11 00 08 07 00 00 0c 04 7f 7f 44 13 00 00   ............D...
0030  00 00 00 00 e1                                    .....
USB Control (24 bytes):
0000  09 08 02 01 00 11 00 08 07 00 00 0c 04 7f 7f 44   ...............D
0010  13 00 00 00 00 00 00 e1                           ........

Packet (53 bytes):
0000  1c 00 b0 c2 a1 85 03 ad ff ff 00 00 00 00 1b 00   ................
0010  00 01 00 01 00 00 02 19 00 00 00 00 21 09 08 02   ............!...
0020  01 00 11 00 08 03 00 00 00 00 00 00 00 00 00 00   ................
0030  00 00 00 00 4a                                    ....J
USB Control (24 bytes):
0000  09 08 02 01 00 11 00 08 03 00 00 00 00 00 00 00   ................
0010  00 00 00 00 00 00 00 4a                           .......J

Packet (53 bytes):
0000  1c 00 60 34 f7 80 03 ad ff ff 00 00 00 00 1b 00   ..`4............
0010  00 01 00 01 00 00 02 19 00 00 00 00 21 09 08 02   ............!...
0020  01 00 11 00 08 07 00 00 0c 04 80 80 44 11 00 00   ............D...
0030  00 00 00 00 e1                                    .....
USB Control (24 bytes):
0000  09 08 02 01 00 11 00 08 07 00 00 0c 04 80 80 44   ...............D
0010  11 00 00 00 00 00 00 e1                           ........

Packet (53 bytes):
0000  1c 00 50 50 46 83 03 ad ff ff 00 00 00 00 1b 00   ..PPF...........
0010  00 01 00 01 00 00 02 19 00 00 00 00 21 09 08 02   ............!...
0020  01 00 11 00 08 03 00 00 00 00 00 00 00 00 00 00   ................
0030  00 00 00 00 4a                                    ....J
USB Control (24 bytes):
0000  09 08 02 01 00 11 00 08 03 00 00 00 00 00 00 00   ................
0010  00 00 00 00 00 00 00 4a                           .......J

Packet (53 bytes):
0000  1c 00 20 ea b5 85 03 ad ff ff 00 00 00 00 1b 00   .. .............
0010  00 01 00 01 00 00 02 19 00 00 00 00 21 09 08 02   ............!...
0020  01 00 11 00 08 07 00 00 0c 04 81 81 44 0f 00 00   ............D...
0030  00 00 00 00 e1                                    .....
USB Control (24 bytes):
0000  09 08 02 01 00 11 00 08 07 00 00 0c 04 81 81 44   ...............D
0010  0f 00 00 00 00 00 00 e1                           ........

Packet (53 bytes):
0000  1c 00 10 90 32 81 03 ad ff ff 00 00 00 00 1b 00   ....2...........
0010  00 01 00 01 00 00 02 19 00 00 00 00 21 09 08 02   ............!...
0020  01 00 11 00 08 03 00 00 00 00 00 00 00 00 00 00   ................
0030  00 00 00 00 4a                                    ....J
USB Control (24 bytes):
0000  09 08 02 01 00 11 00 08 03 00 00 00 00 00 00 00   ................
0010  00 00 00 00 00 00 00 4a                           .......J

Packet (53 bytes):
0000  1c 00 10 c0 9e 85 03 ad ff ff 00 00 00 00 1b 00   ................
0010  00 01 00 01 00 00 02 19 00 00 00 00 21 09 08 02   ............!...
0020  01 00 11 00 08 07 00 00 0c 04 82 82 44 0d 00 00   ............D...
0030  00 00 00 00 e1                                    .....
USB Control (24 bytes):
0000  09 08 02 01 00 11 00 08 07 00 00 0c 04 82 82 44   ...............D
0010  0d 00 00 00 00 00 00 e1                           ........

Packet (53 bytes):
0000  1c 00 e0 d4 9e 85 03 ad ff ff 00 00 00 00 1b 00   ................
0010  00 01 00 01 00 00 02 19 00 00 00 00 21 09 08 02   ............!...
0020  01 00 11 00 08 03 00 00 00 00 00 00 00 00 00 00   ................
0030  00 00 00 00 4a                                    ....J
USB Control (24 bytes):
0000  09 08 02 01 00 11 00 08 03 00 00 00 00 00 00 00   ................
0010  00 00 00 00 00 00 00 4a                           .......J

Packet (53 bytes):
0000  1c 00 20 ea b5 85 03 ad ff ff 00 00 00 00 1b 00   .. .............
0010  00 01 00 01 00 00 02 19 00 00 00 00 21 09 08 02   ............!...
0020  01 00 11 00 08 07 00 00 0c 04 83 83 44 0b 00 00   ............D...
0030  00 00 00 00 e1                                    .....
USB Control (24 bytes):
0000  09 08 02 01 00 11 00 08 07 00 00 0c 04 83 83 44   ...............D
0010  0b 00 00 00 00 00 00 e1                           ........

Packet (53 bytes):
0000  1c 00 10 90 32 81 03 ad ff ff 00 00 00 00 1b 00   ....2...........
0010  00 01 00 01 00 00 02 19 00 00 00 00 21 09 08 02   ............!...
0020  01 00 11 00 08 03 00 00 00 00 00 00 00 00 00 00   ................
0030  00 00 00 00 4a                                    ....J
USB Control (24 bytes):
0000  09 08 02 01 00 11 00 08 03 00 00 00 00 00 00 00   ................
0010  00 00 00 00 00 00 00 4a                           .......J

Packet (53 bytes):
0000  1c 00 20 ea b5 85 03 ad ff ff 00 00 00 00 1b 00   .. .............
0010  00 01 00 01 00 00 02 19 00 00 00 00 21 09 08 02   ............!...
0020  01 00 11 00 08 07 00 00 0c 04 84 84 44 09 00 00   ............D...
0030  00 00 00 00 e1                                    .....
USB Control (24 bytes):
0000  09 08 02 01 00 11 00 08 07 00 00 0c 04 84 84 44   ...............D
0010  09 00 00 00 00 00 00 e1                           ........

Packet (53 bytes):
0000  1c 00 60 34 f7 80 03 ad ff ff 00 00 00 00 1b 00   ..`4............
0010  00 01 00 01 00 00 02 19 00 00 00 00 21 09 08 02   ............!...
0020  01 00 11 00 08 03 00 00 00 00 00 00 00 00 00 00   ................
0030  00 00 00 00 4a                                    ....J
USB Control (24 bytes):
0000  09 08 02 01 00 11 00 08 03 00 00 00 00 00 00 00   ................
0010  00 00 00 00 00 00 00 4a                           .......J

Packet (53 bytes):
0000  1c 00 20 0b 67 81 03 ad ff ff 00 00 00 00 1b 00   .. .g...........
0010  00 01 00 01 00 00 02 19 00 00 00 00 21 09 08 02   ............!...
0020  01 00 11 00 08 03 00 00 00 00 00 00 00 00 00 00   ................
0030  00 00 00 00 4a                                    ....J
USB Control (24 bytes):
0000  09 08 02 01 00 11 00 08 03 00 00 00 00 00 00 00   ................
0010  00 00 00 00 00 00 00 4a                           .......J

Packet (53 bytes):
0000  1c 00 10 d0 fd 85 03 ad ff ff 00 00 00 00 1b 00   ................
0010  00 01 00 01 00 00 02 19 00 00 00 00 21 09 08 02   ............!...
0020  01 00 11 00 08 04 00 00 00 00 00 00 00 00 00 00   ................
0030  00 00 00 00 49                                    ....I
USB Control (24 bytes):
0000  09 08 02 01 00 11 00 08 04 00 00 00 00 00 00 00   ................
0010  00 00 00 00 00 00 00 49                           .......I

Packet (53 bytes):
0000  1c 00 10 d0 fd 85 03 ad ff ff 00 00 00 00 1b 00   ................
0010  00 01 00 01 00 00 02 19 00 00 00 00 21 09 08 02   ............!...
0020  01 00 11 00 08 07 00 00 0c 04 85 85 44 07 00 00   ............D...
0030  00 00 00 00 e1                                    .....
USB Control (24 bytes):
0000  09 08 02 01 00 11 00 08 07 00 00 0c 04 85 85 44   ...............D
0010  07 00 00 00 00 00 00 e1                           ........

Packet (53 bytes):
0000  1c 00 50 50 46 83 03 ad ff ff 00 00 00 00 1b 00   ..PPF...........
0010  00 01 00 01 00 00 02 19 00 00 00 00 21 09 08 02   ............!...
0020  01 00 11 00 08 03 00 00 00 00 00 00 00 00 00 00   ................
0030  00 00 00 00 4a                                    ....J
USB Control (24 bytes):
0000  09 08 02 01 00 11 00 08 03 00 00 00 00 00 00 00   ................
0010  00 00 00 00 00 00 00 4a                           .......J

Packet (53 bytes):
0000  1c 00 20 0b 67 81 03 ad ff ff 00 00 00 00 1b 00   .. .g...........
0010  00 01 00 01 00 00 02 19 00 00 00 00 21 09 08 02   ............!...
0020  01 00 11 00 08 07 00 00 0c 04 86 86 44 05 00 00   ............D...
0030  00 00 00 00 e1                                    .....
USB Control (24 bytes):
0000  09 08 02 01 00 11 00 08 07 00 00 0c 04 86 86 44   ...............D
0010  05 00 00 00 00 00 00 e1                           ........

Packet (53 bytes):
0000  1c 00 e0 c4 9e 85 03 ad ff ff 00 00 00 00 1b 00   ................
0010  00 01 00 01 00 00 02 19 00 00 00 00 21 09 08 02   ............!...
0020  01 00 11 00 08 03 00 00 00 00 00 00 00 00 00 00   ................
0030  00 00 00 00 4a                                    ....J
USB Control (24 bytes):
0000  09 08 02 01 00 11 00 08 03 00 00 00 00 00 00 00   ................
0010  00 00 00 00 00 00 00 4a                           .......J

Packet (53 bytes):
0000  1c 00 20 0b 67 81 03 ad ff ff 00 00 00 00 1b 00   .. .g...........
0010  00 01 00 01 00 00 02 19 00 00 00 00 21 09 08 02   ............!...
0020  01 00 11 00 08 07 00 00 0c 04 87 87 44 03 00 00   ............D...
0030  00 00 00 00 e1                                    .....
USB Control (24 bytes):
0000  09 08 02 01 00 11 00 08 07 00 00 0c 04 87 87 44   ...............D
0010  03 00 00 00 00 00 00 e1                           ........

Packet (53 bytes):
0000  1c 00 20 ea b5 85 03 ad ff ff 00 00 00 00 1b 00   .. .............
0010  00 01 00 01 00 00 02 19 00 00 00 00 21 09 08 02   ............!...
0020  01 00 11 00 08 03 00 00 00 00 00 00 00 00 00 00   ................
0030  00 00 00 00 4a                                    ....J
USB Control (24 bytes):
0000  09 08 02 01 00 11 00 08 03 00 00 00 00 00 00 00   ................
0010  00 00 00 00 00 00 00 4a                           .......J

Packet (53 bytes):
0000  1c 00 10 20 23 7f 03 ad ff ff 00 00 00 00 1b 00   ... #...........
0010  00 01 00 01 00 00 02 19 00 00 00 00 21 09 08 02   ............!...
0020  01 00 11 00 08 07 00 00 0c 04 88 88 44 01 00 00   ............D...
0030  00 00 00 00 e1                                    .....
USB Control (24 bytes):
0000  09 08 02 01 00 11 00 08 07 00 00 0c 04 88 88 44   ...............D
0010  01 00 00 00 00 00 00 e1                           ........

Packet (53 bytes):
0000  1c 00 e0 d4 9e 85 03 ad ff ff 00 00 00 00 1b 00   ................
0010  00 01 00 01 00 00 02 19 00 00 00 00 21 09 08 02   ............!...
0020  01 00 11 00 08 03 00 00 00 00 00 00 00 00 00 00   ................
0030  00 00 00 00 4a                                    ....J
USB Control (24 bytes):
0000  09 08 02 01 00 11 00 08 03 00 00 00 00 00 00 00   ................
0010  00 00 00 00 00 00 00 4a                           .......J

Packet (53 bytes):
0000  1c 00 20 0b 67 81 03 ad ff ff 00 00 00 00 1b 00   .. .g...........
0010  00 01 00 01 00 00 02 19 00 00 00 00 21 09 08 02   ............!...
0020  01 00 11 00 08 07 00 00 0c 04 89 89 44 ff 00 00   ............D...
0030  00 00 00 00 e1                                    .....
USB Control (24 bytes):
0000  09 08 02 01 00 11 00 08 07 00 00 0c 04 89 89 44   ...............D
0010  ff 00 00 00 00 00 00 e1                           ........

Packet (53 bytes):
0000  1c 00 e0 f4 9e 85 03 ad ff ff 00 00 00 00 1b 00   ................
0010  00 01 00 01 00 00 02 19 00 00 00 00 21 09 08 02   ............!...
0020  01 00 11 00 08 03 00 00 00 00 00 00 00 00 00 00   ................
0030  00 00 00 00 4a                                    ....J
USB Control (24 bytes):
0000  09 08 02 01 00 11 00 08 03 00 00 00 00 00 00 00   ................
0010  00 00 00 00 00 00 00 4a                           .......J

Packet (53 bytes):
0000  1c 00 10 20 23 7f 03 ad ff ff 00 00 00 00 1b 00   ... #...........
0010  00 01 00 01 00 00 02 19 00 00 00 00 21 09 08 02   ............!...
0020  01 00 11 00 08 07 00 00 0c 04 8a 8a 44 fd 00 00   ............D...
0030  00 00 00 00 e1                                    .....
USB Control (24 bytes):
0000  09 08 02 01 00 11 00 08 07 00 00 0c 04 8a 8a 44   ...............D
0010  fd 00 00 00 00 00 00 e1                           ........

Packet (53 bytes):
0000  1c 00 b0 d9 9e 85 03 ad ff ff 00 00 00 00 1b 00   ................
0010  00 01 00 01 00 00 02 19 00 00 00 00 21 09 08 02   ............!...
0020  01 00 11 00 08 03 00 00 00 00 00 00 00 00 00 00   ................
0030  00 00 00 00 4a                                    ....J
USB Control (24 bytes):
0000  09 08 02 01 00 11 00 08 03 00 00 00 00 00 00 00   ................
0010  00 00 00 00 00 00 00 4a                           .......J

Packet (53 bytes):
0000  1c 00 20 0b 67 81 03 ad ff ff 00 00 00 00 1b 00   .. .g...........
0010  00 01 00 01 00 00 02 19 00 00 00 00 21 09 08 02   ............!...
0020  01 00 11 00 08 07 00 00 0c 04 8b 8b 44 fb 00 00   ............D...
0030  00 00 00 00 e1                                    .....
USB Control (24 bytes):
0000  09 08 02 01 00 11 00 08 07 00 00 0c 04 8b 8b 44   ...............D
0010  fb 00 00 00 00 00 00 e1                           ........

Packet (53 bytes):
0000  1c 00 b0 d9 9e 85 03 ad ff ff 00 00 00 00 1b 00   ................
0010  00 01 00 01 00 00 02 19 00 00 00 00 21 09 08 02   ............!...
0020  01 00 11 00 08 03 00 00 00 00 00 00 00 00 00 00   ................
0030  00 00 00 00 4a                                    ....J
USB Control (24 bytes):
0000  09 08 02 01 00 11 00 08 03 00 00 00 00 00 00 00   ................
0010  00 00 00 00 00 00 00 4a                           .......J

Packet (53 bytes):
0000  1c 00 20 0b 67 81 03 ad ff ff 00 00 00 00 1b 00   .. .g...........
0010  00 01 00 01 00 00 02 19 00 00 00 00 21 09 08 02   ............!...
0020  01 00 11 00 08 07 00 00 0c 04 8c 8c 44 f9 00 00   ............D...
0030  00 00 00 00 e1                                    .....
USB Control (24 bytes):
0000  09 08 02 01 00 11 00 08 07 00 00 0c 04 8c 8c 44   ...............D
0010  f9 00 00 00 00 00 00 e1                           ........

Packet (53 bytes):
0000  1c 00 10 e0 76 85 03 ad ff ff 00 00 00 00 1b 00   ....v...........
0010  00 01 00 01 00 00 02 19 00 00 00 00 21 09 08 02   ............!...
0020  01 00 11 00 08 03 00 00 00 00 00 00 00 00 00 00   ................
0030  00 00 00 00 4a                                    ....J
USB Control (24 bytes):
0000  09 08 02 01 00 11 00 08 03 00 00 00 00 00 00 00   ................
0010  00 00 00 00 00 00 00 4a                           .......J

Packet (53 bytes):
0000  1c 00 10 90 32 81 03 ad ff ff 00 00 00 00 1b 00   ....2...........
0010  00 01 00 01 00 00 02 19 00 00 00 00 21 09 08 02   ............!...
0020  01 00 11 00 08 07 00 00 0c 04 8d 8d 44 f7 00 00   ............D...
0030  00 00 00 00 e1                                    .....
USB Control (24 bytes):
0000  09 08 02 01 00 11 00 08 07 00 00 0c 04 8d 8d 44   ...............D
0010  f7 00 00 00 00 00 00 e1                           ........

Packet (53 bytes):
0000  1c 00 10 d0 fd 85 03 ad ff ff 00 00 00 00 1b 00   ................
0010  00 01 00 01 00 00 02 19 00 00 00 00 21 09 08 02   ............!...
0020  01 00 11 00 08 03 00 00 00 00 00 00 00 00 00 00   ................
0030  00 00 00 00 4a                                    ....J
USB Control (24 bytes):
0000  09 08 02 01 00 11 00 08 03 00 00 00 00 00 00 00   ................
0010  00 00 00 00 00 00 00 4a                           .......J

Packet (53 bytes):
0000  1c 00 20 ea b5 85 03 ad ff ff 00 00 00 00 1b 00   .. .............
0010  00 01 00 01 00 00 02 19 00 00 00 00 21 09 08 02   ............!...
0020  01 00 11 00 08 07 00 00 0c 04 8e 8e 44 f5 00 00   ............D...
0030  00 00 00 00 e1                                    .....
USB Control (24 bytes):
0000  09 08 02 01 00 11 00 08 07 00 00 0c 04 8e 8e 44   ...............D
0010  f5 00 00 00 00 00 00 e1                           ........

Packet (53 bytes):
0000  1c 00 e0 d4 9e 85 03 ad ff ff 00 00 00 00 1b 00   ................
0010  00 01 00 01 00 00 02 19 00 00 00 00 21 09 08 02   ............!...
0020  01 00 11 00 08 03 00 00 00 00 00 00 00 00 00 00   ................
0030  00 00 00 00 4a                                    ....J
USB Control (24 bytes):
0000  09 08 02 01 00 11 00 08 03 00 00 00 00 00 00 00   ................
0010  00 00 00 00 00 00 00 4a                           .......J

Packet (53 bytes):
0000  1c 00 20 ea b5 85 03 ad ff ff 00 00 00 00 1b 00   .. .............
0010  00 01 00 01 00 00 02 19 00 00 00 00 21 09 08 02   ............!...
0020  01 00 11 00 08 07 00 00 0c 04 8f 8f 44 f3 00 00   ............D...
0030  00 00 00 00 e1                                    .....
USB Control (24 bytes):
0000  09 08 02 01 00 11 00 08 07 00 00 0c 04 8f 8f 44   ...............D
0010  f3 00 00 00 00 00 00 e1                           ........

Packet (53 bytes):
0000  1c 00 50 50 46 83 03 ad ff ff 00 00 00 00 1b 00   ..PPF...........
0010  00 01 00 01 00 00 02 19 00 00 00 00 21 09 08 02   ............!...
0020  01 00 11 00 08 03 00 00 00 00 00 00 00 00 00 00   ................
0030  00 00 00 00 4a                                    ....J
USB Control (24 bytes):
0000  09 08 02 01 00 11 00 08 03 00 00 00 00 00 00 00   ................
0010  00 00 00 00 00 00 00 4a                           .......J

Packet (53 bytes):
0000  1c 00 10 20 23 7f 03 ad ff ff 00 00 00 00 1b 00   ... #...........
0010  00 01 00 01 00 00 02 19 00 00 00 00 21 09 08 02   ............!...
0020  01 00 11 00 08 07 00 00 0c 04 90 90 44 f1 00 00   ............D...
0030  00 00 00 00 e1                                    .....
USB Control (24 bytes):
0000  09 08 02 01 00 11 00 08 07 00 00 0c 04 90 90 44   ...............D
0010  f1 00 00 00 00 00 00 e1                           ........

Packet (53 bytes):
0000  1c 00 10 c0 9e 85 03 ad ff ff 00 00 00 00 1b 00   ................
0010  00 01 00 01 00 00 02 19 00 00 00 00 21 09 08 02   ............!...
0020  01 00 11 00 08 03 00 00 00 00 00 00 00 00 00 00   ................
0030  00 00 00 00 4a                                    ....J
USB Control (24 bytes):
0000  09 08 02 01 00 11 00 08 03 00 00 00 00 00 00 00   ................
0010  00 00 00 00 00 00 00 4a                           .......J

Packet (53 bytes):
0000  1c 00 10 d0 fd 85 03 ad ff ff 00 00 00 00 1b 00   ................
0010  00 01 00 01 00 00 02 19 00 00 00 00 21 09 08 02   ............!...
0020  01 00 11 00 08 03 00 00 00 00 00 00 00 00 00 00   ................
0030  00 00 00 00 4a                                    ....J
USB Control (24 bytes):
0000  09 08 02 01 00 11 00 08 03 00 00 00 00 00 00 00   ................
0010  00 00 00 00 00 00 00 4a                           .......J

Packet (53 bytes):
0000  1c 00 60 34 f7 80 03 ad ff ff 00 00 00 00 1b 00   ..`4............
0010  00 01 00 01 00 00 02 19 00 00 00 00 21 09 08 02   ............!...
0020  01 00 11 00 08 04 00 00 00 00 00 00 00 00 00 00   ................
0030  00 00 00 00 49                                    ....I
USB Control (24 bytes):
0000  09 08 02 01 00 11 00 08 04 00 00 00 00 00 00 00   ................
0010  00 00 00 00 00 00 00 49                           .......I

Packet (53 bytes):
0000  1c 00 50 50 46 83 03 ad ff ff 00 00 00 00 1b 00   ..PPF...........
0010  00 01 00 01 00 00 02 19 00 00 00 00 21 09 08 02   ............!...
0020  01 00 11 00 08 07 00 00 0c 04 91 91 44 ef 00 00   ............D...
0030  00 00 00 00 e1                                    .....
USB Control (24 bytes):
0000  09 08 02 01 00 11 00 08 07 00 00 0c 04 91 91 44   ...............D
0010  ef 00 00 00 00 00 00 e1                           ........

Packet (53 bytes):
0000  1c 00 e0 c4 9e 85 03 ad ff ff 00 00 00 00 1b 00   ................
0010  00 01 00 01 00 00 02 19 00 00 00 00 21 09 08 02   ............!...
0020  01 00 11 00 08 03 00 00 00 00 00 00 00 00 00 00   ................
0030  00 00 00 00 4a                                    ....J
USB Control (24 bytes):
0000  09 08 02 01 00 11 00 08 03 00 00 00 00 00 00 00   ................
0010  00 00 00 00 00 00 00 4a                           .......J

Packet (53 bytes):
0000  1c 00 20 ea b5 85 03 ad ff ff 00 00 00 00 1b 00   .. .............
0010  00 01 00 01 00 00 02 19 00 00 00 00 21 09 08 02   ............!...
0020  01 00 11 00 08 07 00 00 0c 04 92 92 44 ed 00 00   ............D...
0030  00 00 00 00 e1                                    .....
USB Control (24 bytes):
0000  09 08 02 01 00 11 00 08 07 00 00 0c 04 92 92 44   ...............D
0010  ed 00 00 00 00 00 00 e1                           ........

Packet (53 bytes):
0000  1c 00 e0 c4 9e 85 03 ad ff ff 00 00 00 00 1b 00   ................
0010  00 01 00 01 00 00 02 19 00 00 00 00 21 09 08 02   ............!...
0020  01 00 11 00 08 03 00 00 00 00 00 00 00 00 00 00   ................
0030  00 00 00 00 4a                                    ....J
USB Control (24 bytes):
0000  09 08 02 01 00 11 00 08 03 00 00 00 00 00 00 00   ................
0010  00 00 00 00 00 00 00 4a                           .......J

Packet (53 bytes):
0000  1c 00 20 ea b5 85 03 ad ff ff 00 00 00 00 1b 00   .. .............
0010  00 01 00 01 00 00 02 19 00 00 00 00 21 09 08 02   ............!...
0020  01 00 11 00 08 07 00 00 0c 04 93 93 44 eb 00 00   ............D...
0030  00 00 00 00 e1                                    .....
USB Control (24 bytes):
0000  09 08 02 01 00 11 00 08 07 00 00 0c 04 93 93 44   ...............D
0010  eb 00 00 00 00 00 00 e1                           ........

Packet (53 bytes):
0000  1c 00 b0 d9 9e 85 03 ad ff ff 00 00 00 00 1b 00   ................
0010  00 01 00 01 00 00 02 19 00 00 00 00 21 09 08 02   ............!...
0020  01 00 11 00 08 03 00 00 00 00 00 00 00 00 00 00   ................
0030  00 00 00 00 4a                                    ....J
USB Control (24 bytes):
0000  09 08 02 01 00 11 00 08 03 00 00 00 00 00 00 00   ................
0010  00 00 00 00 00 00 00 4a                           .......J

Packet (53 bytes):
0000  1c 00 20 ea b5 85 03 ad ff ff 00 00 00 00 1b 00   .. .............
0010  00 01 00 01 00 00 02 19 00 00 00 00 21 09 08 02   ............!...
0020  01 00 11 00 08 07 00 00 0c 04 94 94 44 e9 00 00   ............D...
0030  00 00 00 00 e1                                    .....
USB Control (24 bytes):
0000  09 08 02 01 00 11 00 08 07 00 00 0c 04 94 94 44   ...............D
0010  e9 00 00 00 00 00 00 e1                           ........

Packet (53 bytes):
0000  1c 00 e0 d4 9e 85 03 ad ff ff 00 00 00 00 1b 00   ................
0010  00 01 00 01 00 00 02 19 00 00 00 00 21 09 08 02   ............!...
0020  01 00 11 00 08 03 00 00 00 00 00 00 00 00 00 00   ................
0030  00 00 00 00 4a                                    ....J
USB Control (24 bytes):
0000  09 08 02 01 00 11 00 08 03 00 00 00 00 00 00 00   ................
0010  00 00 00 00 00 00 00 4a                           .......J

Packet (53 bytes):
0000  1c 00 20 ea b5 85 03 ad ff ff 00 00 00 00 1b 00   .. .............
0010  00 01 00 01 00 00 02 19 00 00 00 00 21 09 08 02   ............!...
0020  01 00 11 00 08 07 00 00 0c 04 95 95 44 e7 00 00   ............D...
0030  00 00 00 00 e1                                    .....
USB Control (24 bytes):
0000  09 08 02 01 00 11 00 08 07 00 00 0c 04 95 95 44   ...............D
0010  e7 00 00 00 00 00 00 e1                           ........

Packet (53 bytes):
0000  1c 00 e0 c4 9e 85 03 ad ff ff 00 00 00 00 1b 00   ................
0010  00 01 00 01 00 00 02 19 00 00 00 00 21 09 08 02   ............!...
0020  01 00 11 00 08 03 00 00 00 00 00 00 00 00 00 00   ................
0030  00 00 00 00 4a                                    ....J
USB Control (24 bytes):
0000  09 08 02 01 00 11 00 08 03 00 00 00 00 00 00 00   ................
0010  00 00 00 00 00 00 00 4a                           .......J

Packet (53 bytes):
0000  1c 00 b0 c2 a1 85 03 ad ff ff 00 00 00 00 1b 00   ................
0010  00 01 00 01 00 00 02 19 00 00 00 00 21 09 08 02   ............!...
0020  01 00 11 00 08 07 00 00 0c 04 96 96 44 e5 00 00   ............D...
0030  00 00 00 00 e1                                    .....
USB Control (24 bytes):
0000  09 08 02 01 00 11 00 08 07 00 00 0c 04 96 96 44   ...............D
0010  e5 00 00 00 00 00 00 e1                           ........

Packet (53 bytes):
0000  1c 00 10 e0 76 85 03 ad ff ff 00 00 00 00 1b 00   ....v...........
0010  00 01 00 01 00 00 02 19 00 00 00 00 21 09 08 02   ............!...
0020  01 00 11 00 08 03 00 00 00 00 00 00 00 00 00 00   ................
0030  00 00 00 00 4a                                    ....J
USB Control (24 bytes):
0000  09 08 02 01 00 11 00 08 03 00 00 00 00 00 00 00   ................
0010  00 00 00 00 00 00 00 4a                           .......J

Packet (53 bytes):
0000  1c 00 10 20 23 7f 03 ad ff ff 00 00 00 00 1b 00   ... #...........
0010  00 01 00 01 00 00 02 19 00 00 00 00 21 09 08 02   ............!...
0020  01 00 11 00 08 07 00 00 0c 04 97 97 44 e3 00 00   ............D...
0030  00 00 00 00 e1                                    .....
USB Control (24 bytes):
0000  09 08 02 01 00 11 00 08 07 00 00 0c 04 97 97 44   ...............D
0010  e3 00 00 00 00 00 00 e1                           ........

Packet (53 bytes):
0000  1c 00 e0 d4 9e 85 03 ad ff ff 00 00 00 00 1b 00   ................
0010  00 01 00 01 00 00 02 19 00 00 00 00 21 09 08 02   ............!...
0020  01 00 11 00 08 03 00 00 00 00 00 00 00 00 00 00   ................
0030  00 00 00 00 4a                                    ....J
USB Control (24 bytes):
0000  09 08 02 01 00 11 00 08 03 00 00 00 00 00 00 00   ................
0010  00 00 00 00 00 00 00 4a                           .......J

Packet (53 bytes):
0000  1c 00 20 0b 67 81 03 ad ff ff 00 00 00 00 1b 00   .. .g...........
0010  00 01 00 01 00 00 02 19 00 00 00 00 21 09 08 02   ............!...
0020  01 00 11 00 08 07 00 00 0c 04 98 98 44 e1 00 00   ............D...
0030  00 00 00 00 e1                                    .....
USB Control (24 bytes):
0000  09 08 02 01 00 11 00 08 07 00 00 0c 04 98 98 44   ...............D
0010  e1 00 00 00 00 00 00 e1                           ........

Packet (53 bytes):
0000  1c 00 10 e0 76 85 03 ad ff ff 00 00 00 00 1b 00   ....v...........
0010  00 01 00 01 00 00 02 19 00 00 00 00 21 09 08 02   ............!...
0020  01 00 11 00 08 03 00 00 00 00 00 00 00 00 00 00   ................
0030  00 00 00 00 4a                                    ....J
USB Control (24 bytes):
0000  09 08 02 01 00 11 00 08 03 00 00 00 00 00 00 00   ................
0010  00 00 00 00 00 00 00 4a                           .......J

Packet (53 bytes):
0000  1c 00 b0 c2 a1 85 03 ad ff ff 00 00 00 00 1b 00   ................
0010  00 01 00 01 00 00 02 19 00 00 00 00 21 09 08 02   ............!...
0020  01 00 11 00 08 07 00 00 0c 04 99 99 44 df 00 00   ............D...
0030  00 00 00 00 e1                                    .....
USB Control (24 bytes):
0000  09 08 02 01 00 11 00 08 07 00 00 0c 04 99 99 44   ...............D
0010  df 00 00 00 00 00 00 e1                           ........

Packet (53 bytes):
0000  1c 00 50 50 46 83 03 ad ff ff 00 00 00 00 1b 00   ..PPF...........
0010  00 01 00 01 00 00 02 19 00 00 00 00 21 09 08 02   ............!...
0020  01 00 11 00 08 03 00 00 00 00 00 00 00 00 00 00   ................
0030  00 00 00 00 4a                                    ....J
USB Control (24 bytes):
0000  09 08 02 01 00 11 00 08 03 00 00 00 00 00 00 00   ................
0010  00 00 00 00 00 00 00 4a                           .......J

Packet (53 bytes):
0000  1c 00 b0 c2 a1 85 03 ad ff ff 00 00 00 00 1b 00   ................
0010  00 01 00 01 00 00 02 19 00 00 00 00 21 09 08 02   ............!...
0020  01 00 11 00 08 07 00 00 0c 04 9a 9a 44 dd 00 00   ............D...
0030  00 00 00 00 e1                                    .....
USB Control (24 bytes):
0000  09 08 02 01 00 11 00 08 07 00 00 0c 04 9a 9a 44   ...............D
0010  dd 00 00 00 00 00 00 e1                           ........

Packet (53 bytes):
0000  1c 00 60 34 f7 80 03 ad ff ff 00 00 00 00 1b 00   ..`4............
0010  00 01 00 01 00 00 02 19 00 00 00 00 21 09 08 02   ............!...
0020  01 00 11 00 08 03 00 00 00 00 00 00 00 00 00 00   ................
0030  00 00 00 00 4a                                    ....J
USB Control (24 bytes):
0000  09 08 02 01 00 11 00 08 03 00 00 00 00 00 00 00   ................
0010  00 00 00 00 00 00 00 4a                           .......J

Packet (53 bytes):
0000  1c 00 10 d0 fd 85 03 ad ff ff 00 00 00 00 1b 00   ................
0010  00 01 00 01 00 00 02 19 00 00 00 00 21 09 08 02   ............!...
0020  01 00 11 00 08 07 00 00 0c 04 9b 9b 44 db 00 00   ............D...
0030  00 00 00 00 e1                                    .....
USB Control (24 bytes):
0000  09 08 02 01 00 11 00 08 07 00 00 0c 04 9b 9b 44   ...............D
0010  db 00 00 00 00 00 00 e1                           ........

Packet (53 bytes):
0000  1c 00 10 e0 76 85 03 ad ff ff 00 00 00 00 1b 00   ....v...........
0010  00 01 00 01 00 00 02 19 00 00 00 00 21 09 08 02   ............!...
0020  01 00 11 00 08 03 00 00 00 00 00 00 00 00 00 00   ................
0030  00 00 00 00 4a                                    ....J
USB Control (24 bytes):
0000  09 08 02 01 00 11 00 08 03 00 00 00 00 00 00 00   ................
0010  00 00 00 00 00 00 00 4a                           .......J

Packet (53 bytes):
0000  1c 00 20 0b 67 81 03 ad ff ff 00 00 00 00 1b 00   .. .g...........
0010  00 01 00 01 00 00 02 19 00 00 00 00 21 09 08 02   ............!...
0020  01 00 11 00 08 03 00 00 00 00 00 00 00 00 00 00   ................
0030  00 00 00 00 4a                                    ....J
USB Control (24 bytes):
0000  09 08 02 01 00 11 00 08 03 00 00 00 00 00 00 00   ................
0010  00 00 00 00 00 00 00 4a                           .......J

Packet (53 bytes):
0000  1c 00 60 34 f7 80 03 ad ff ff 00 00 00 00 1b 00   ..`4............
0010  00 01 00 01 00 00 02 19 00 00 00 00 21 09 08 02   ............!...
0020  01 00 11 00 08 04 00 00 00 00 00 00 00 00 00 00   ................
0030  00 00 00 00 49                                    ....I
USB Control (24 bytes):
0000  09 08 02 01 00 11 00 08 04 00 00 00 00 00 00 00   ................
0010  00 00 00 00 00 00 00 49                           .......I

Packet (53 bytes):
0000  1c 00 60 34 f7 80 03 ad ff ff 00 00 00 00 1b 00   ..`4............
0010  00 01 00 01 00 00 02 19 00 00 00 00 21 09 08 02   ............!...
0020  01 00 11 00 08 07 00 00 0c 04 9c 9c 44 d9 00 00   ............D...
0030  00 00 00 00 e1                                    .....
USB Control (24 bytes):
0000  09 08 02 01 00 11 00 08 07 00 00 0c 04 9c 9c 44   ...............D
0010  d9 00 00 00 00 00 00 e1                           ........

Packet (53 bytes):
0000  1c 00 10 d0 fd 85 03 ad ff ff 00 00 00 00 1b 00   ................
0010  00 01 00 01 00 00 02 19 00 00 00 00 21 09 08 02   ............!...
0020  01 00 11 00 08 03 00 00 00 00 00 00 00 00 00 00   ................
0030  00 00 00 00 4a                                    ....J
USB Control (24 bytes):
0000  09 08 02 01 00 11 00 08 03 00 00 00 00 00 00 00   ................
0010  00 00 00 00 00 00 00 4a                           .......J

Packet (53 bytes):
0000  1c 00 10 20 23 7f 03 ad ff ff 00 00 00 00 1b 00   ... #...........
0010  00 01 00 01 00 00 02 19 00 00 00 00 21 09 08 02   ............!...
0020  01 00 11 00 08 07 00 00 0c 04 9d 9d 44 d7 00 00   ............D...
0030  00 00 00 00 e1                                    .....
USB Control (24 bytes):
0000  09 08 02 01 00 11 00 08 07 00 00 0c 04 9d 9d 44   ...............D
0010  d7 00 00 00 00 00 00 e1                           ........

Packet (53 bytes):
0000  1c 00 b0 c2 a1 85 03 ad ff ff 00 00 00 00 1b 00   ................
0010  00 01 00 01 00 00 02 19 00 00 00 00 21 09 08 02   ............!...
0020  01 00 11 00 08 03 00 00 00 00 00 00 00 00 00 00   ................
0030  00 00 00 00 4a                                    ....J
USB Control (24 bytes):
0000  09 08 02 01 00 11 00 08 03 00 00 00 00 00 00 00   ................
0010  00 00 00 00 00 00 00 4a                           .......J

Packet (53 bytes):
0000  1c 00 20 0b 67 81 03 ad ff ff 00 00 00 00 1b 00   .. .g...........
0010  00 01 00 01 00 00 02 19 00 00 00 00 21 09 08 02   ............!...
0020  01 00 11 00 08 07 00 00 0c 04 9e 9e 44 d5 00 00   ............D...
0030  00 00 00 00 e1                                    .....
USB Control (24 bytes):
0000  09 08 02 01 00 11 00 08 07 00 00 0c 04 9e 9e 44   ...............D
0010  d5 00 00 00 00 00 00 e1                           ........

Packet (53 bytes):
0000  1c 00 10 c0 9e 85 03 ad ff ff 00 00 00 00 1b 00   ................
0010  00 01 00 01 00 00 02 19 00 00 00 00 21 09 08 02   ............!...
0020  01 00 11 00 08 03 00 00 00 00 00 00 00 00 00 00   ................
0030  00 00 00 00 4a                                    ....J
USB Control (24 bytes):
0000  09 08 02 01 00 11 00 08 03 00 00 00 00 00 00 00   ................
0010  00 00 00 00 00 00 00 4a                           .......J

Packet (53 bytes):
0000  1c 00 20 0b 67 81 03 ad ff ff 00 00 00 00 1b 00   .. .g...........
0010  00 01 00 01 00 00 02 19 00 00 00 00 21 09 08 02   ............!...
0020  01 00 11 00 08 07 00 00 0c 04 9f 9f 44 d3 00 00   ............D...
0030  00 00 00 00 e1                                    .....
USB Control (24 bytes):
0000  09 08 02 01 00 11 00 08 07 00 00 0c 04 9f 9f 44   ...............D
0010  d3 00 00 00 00 00 00 e1                           ........

Packet (53 bytes):
0000  1c 00 b0 c2 a1 85 03 ad ff ff 00 00 00 00 1b 00   ................
0010  00 01 00 01 00 00 02 19 00 00 00 00 21 09 08 02   ............!...
0020  01 00 11 00 08 03 00 00 00 00 00 00 00 00 00 00   ................
0030  00 00 00 00 4a                                    ....J
USB Control (24 bytes):
0000  09 08 02 01 00 11 00 08 03 00 00 00 00 00 00 00   ................
0010  00 00 00 00 00 00 00 4a                           .......J

Packet (53 bytes):
0000  1c 00 20 0b 67 81 03 ad ff ff 00 00 00 00 1b 00   .. .g...........
0010  00 01 00 01 00 00 02 19 00 00 00 00 21 09 08 02   ............!...
0020  01 00 11 00 08 07 00 00 0c 04 a0 a0 44 d1 00 00   ............D...
0030  00 00 00 00 e1                                    .....
USB Control (24 bytes):
0000  09 08 02 01 00 11 00 08 07 00 00 0c 04 a0 a0 44   ...............D
0010  d1 00 00 00 00 00 00 e1                           ........

Packet (53 bytes):
0000  1c 00 b0 c2 a1 85 03 ad ff ff 00 00 00 00 1b 00   ................
0010  00 01 00 01 00 00 02 19 00 00 00 00 21 09 08 02   ............!...
0020  01 00 11 00 08 03 00 00 00 00 00 00 00 00 00 00   ................
0030  00 00 00 00 4a                                    ....J
USB Control (24 bytes):
0000  09 08 02 01 00 11 00 08 03 00 00 00 00 00 00 00   ................
0010  00 00 00 00 00 00 00 4a                           .......J

Packet (53 bytes):
0000  1c 00 10 20 23 7f 03 ad ff ff 00 00 00 00 1b 00   ... #...........
0010  00 01 00 01 00 00 02 19 00 00 00 00 21 09 08 02   ............!...
0020  01 00 11 00 08 07 00 00 0c 04 a1 a1 44 cf 00 00   ............D...
0030  00 00 00 00 e1                                    .....
USB Control (24 bytes):
0000  09 08 02 01 00 11 00 08 07 00 00 0c 04 a1 a1 44   ...............D
0010  cf 00 00 00 00 00 00 e1                           ........

Packet (53 bytes):
0000  1c 00 10 90 32 81 03 ad ff ff 00 00 00 00 1b 00   ....2...........
0010  00 01 00 01 00 00 02 19 00 00 00 00 21 09 08 02   ............!...
0020  01 00 11 00 08 03 00 00 00 00 00 00 00 00 00 00   ................
0030  00 00 00 00 4a                                    ....J
USB Control (24 bytes):
0000  09 08 02 01 00 11 00 08 03 00 00 00 00 00 00 00   ................
0010  00 00 00 00 00 00 00 4a                           .......J

Packet (53 bytes):
0000  1c 00 b0 c2 a1 85 03 ad ff ff 00 00 00 00 1b 00   ................
0010  00 01 00 01 00 00 02 19 00 00 00 00 21 09 08 02   ............!...
0020  01 00 11 00 08 07 00 00 0c 04 a2 a2 44 cd 00 00   ............D...
0030  00 00 00 00 e1                                    .....
USB Control (24 bytes):
0000  09 08 02 01 00 11 00 08 07 00 00 0c 04 a2 a2 44   ...............D
0010  cd 00 00 00 00 00 00 e1                           ........

Packet (53 bytes):
0000  1c 00 60 34 f7 80 03 ad ff ff 00 00 00 00 1b 00   ..`4............
0010  00 01 00 01 00 00 02 19 00 00 00 00 21 09 08 02   ............!...
0020  01 00 11 00 08 03 00 00 00 00 00 00 00 00 00 00   ................
0030  00 00 00 00 4a                                    ....J
USB Control (24 bytes):
0000  09 08 02 01 00 11 00 08 03 00 00 00 00 00 00 00   ................
0010  00 00 00 00 00 00 00 4a                           .......J

Packet (53 bytes):
0000  1c 00 b0 c2 a1 85 03 ad ff ff 00 00 00 00 1b 00   ................
0010  00 01 00 01 00 00 02 19 00 00 00 00 21 09 08 02   ............!...
0020  01 00 11 00 08 07 00 00 0c 04 a3 a3 44 cb 00 00   ............D...
0030  00 00 00 00 e1                                    .....
USB Control (24 bytes):
0000  09 08 02 01 00 11 00 08 07 00 00 0c 04 a3 a3 44   ...............D
0010  cb 00 00 00 00 00 00 e1                           ........

Packet (53 bytes):
0000  1c 00 50 50 46 83 03 ad ff ff 00 00 00 00 1b 00   ..PPF...........
0010  00 01 00 01 00 00 02 19 00 00 00 00 21 09 08 02   ............!...
0020  01 00 11 00 08 03 00 00 00 00 00 00 00 00 00 00   ................
0030  00 00 00 00 4a                                    ....J
USB Control (24 bytes):
0000  09 08 02 01 00 11 00 08 03 00 00 00 00 00 00 00   ................
0010  00 00 00 00 00 00 00 4a                           .......J

Packet (53 bytes):
0000  1c 00 10 20 23 7f 03 ad ff ff 00 00 00 00 1b 00   ... #...........
0010  00 01 00 01 00 00 02 19 00 00 00 00 21 09 08 02   ............!...
0020  01 00 11 00 08 07 00 00 0c 04 a4 a4 44 c9 00 00   ............D...
0030  00 00 00 00 e1                                    .....
USB Control (24 bytes):
0000  09 08 02 01 00 11 00 08 07 00 00 0c 04 a4 a4 44   ...............D
0010  c9 00 00 00 00 00 00 e1                           ........

Packet (53 bytes):
0000  1c 00 a0 18 b9 7e 03 ad ff ff 00 00 00 00 1b 00   .....~..........
0010  00 01 00 01 00 00 02 19 00 00 00 00 21 09 08 02   ............!...
0020  01 00 11 00 08 03 00 00 00 00 00 00 00 00 00 00   ................
0030  00 00 00 00 4a                                    ....J
USB Control (24 bytes):
0000  09 08 02 01 00 11 00 08 03 00 00 00 00 00 00 00   ................
0010  00 00 00 00 00 00 00 4a                           .......J

Packet (53 bytes):
0000  1c 00 b0 c2 a1 85 03 ad ff ff 00 00 00 00 1b 00   ................
0010  00 01 00 01 00 00 02 19 00 00 00 00 21 09 08 02   ............!...
0020  01 00 11 00 08 07 00 00 0c 04 a5 a5 44 c7 00 00   ............D...
0030  00 00 00 00 e1                                    .....
USB Control (24 bytes):
0000  09 08 02 01 00 11 00 08 07 00 00 0c 04 a5 a5 44   ...............D
0010  c7 00 00 00 00 00 00 e1                           ........

Packet (53 bytes):
0000  1c 00 e0 d4 9e 85 03 ad ff ff 00 00 00 00 1b 00   ................
0010  00 01 00 01 00 00 02 19 00 00 00 00 21 09 08 02   ............!...
0020  01 00 11 00 08 03 00 00 00 00 00 00 00 00 00 00   ................
0030  00 00 00 00 4a                                    ....J
USB Control (24 bytes):
0000  09 08 02 01 00 11 00 08 03 00 00 00 00 00 00 00   ................
0010  00 00 00 00 00 00 00 4a                           .......J

Packet (53 bytes):
0000  1c 00 b0 c2 a1 85 03 ad ff ff 00 00 00 00 1b 00   ................
0010  00 01 00 01 00 00 02 19 00 00 00 00 21 09 08 02   ............!...
0020  01 00 11 00 08 07 00 00 0c 04 a6 a6 44 c5 00 00   ............D...
0030  00 00 00 00 e1                                    .....
USB Control (24 bytes):
0000  09 08 02 01 00 11 00 08 07 00 00 0c 04 a6 a6 44   ...............D
0010  c5 00 00 00 00 00 00 e1                           ........

Packet (53 bytes):
0000  1c 00 10 20 23 7f 03 ad ff ff 00 00 00 00 1b 00   ... #...........
0010  00 01 00 01 00 00 02 19 00 00 00 00 21 09 08 02   ............!...
0020  01 00 11 00 08 03 00 00 00 00 00 00 00 00 00 00   ................
0030  00 00 00 00 4a                                    ....J
USB Control (24 bytes):
0000  09 08 02 01 00 11 00 08 03 00 00 00 00 00 00 00   ................
0010  00 00 00 00 00 00 00 4a                           .......J

Packet (53 bytes):
0000  1c 00 10 90 32 81 03 ad ff ff 00 00 00 00 1b 00   ....2...........
0010  00 01 00 01 00 00 02 19 00 00 00 00 21 09 08 02   ............!...
0020  01 00 11 00 08 04 00 00 00 00 00 00 00 00 00 00   ................
0030  00 00 00 00 49                                    ....I
USB Control (24 bytes):
0000  09 08 02 01 00 11 00 08 04 00 00 00 00 00 00 00   ................
0010  00 00 00 00 00 00 00 49                           .......I

Packet (53 bytes):
0000  1c 00 e0 d4 9e 85 03 ad ff ff 00 00 00 00 1b 00   ................
0010  00 01 00 01 00 00 02 19 00 00 00 00 21 09 08 02   ............!...
0020  01 00 11 00 08 03 00 00 00 00 00 00 00 00 00 00   ................
0030  00 00 00 00 4a                                    ....J
USB Control (24 bytes):
0000  09 08 02 01 00 11 00 08 03 00 00 00 00 00 00 00   ................
0010  00 00 00 00 00 00 00 4a                           .......J

Packet (53 bytes):
0000  1c 00 10 20 23 7f 03 ad ff ff 00 00 00 00 1b 00   ... #...........
0010  00 01 00 01 00 00 02 19 00 00 00 00 21 09 08 02   ............!...
0020  01 00 11 00 08 07 00 00 0c 04 a7 a7 44 c3 00 00   ............D...
0030  00 00 00 00 e1                                    .....
USB Control (24 bytes):
0000  09 08 02 01 00 11 00 08 07 00 00 0c 04 a7 a7 44   ...............D
0010  c3 00 00 00 00 00 00 e1                           ........

Packet (53 bytes):
0000  1c 00 20 0b 67 81 03 ad ff ff 00 00 00 00 1b 00   .. .g...........
0010  00 01 00 01 00 00 02 19 00 00 00 00 21 09 08 02   ............!...
0020  01 00 11 00 08 03 00 00 00 00 00 00 00 00 00 00   ................
0030  00 00 00 00 4a                                    ....J
USB Control (24 bytes):
0000  09 08 02 01 00 11 00 08 03 00 00 00 00 00 00 00   ................
0010  00 00 00 00 00 00 00 4a                           .......J

Packet (53 bytes):
0000  1c 00 b0 c2 a1 85 03 ad ff ff 00 00 00 00 1b 00   ................
0010  00 01 00 01 00 00 02 19 00 00 00 00 21 09 08 02   ............!...
0020  01 00 11 00 08 07 00 00 0c 04 a8 a8 44 c1 00 00   ............D...
0030  00 00 00 00 e1                                    .....
USB Control (24 bytes):
0000  09 08 02 01 00 11 00 08 07 00 00 0c 04 a8 a8 44   ...............D
0010  c1 00 00 00 00 00 00 e1                           ........

Packet (53 bytes):
0000  1c 00 50 50 46 83 03 ad ff ff 00 00 00 00 1b 00   ..PPF...........
0010  00 01 00 01 00 00 02 19 00 00 00 00 21 09 08 02   ............!...
0020  01 00 11 00 08 03 00 00 00 00 00 00 00 00 00 00   ................
0030  00 00 00 00 4a                                    ....J
USB Control (24 bytes):
0000  09 08 02 01 00 11 00 08 03 00 00 00 00 00 00 00   ................
0010  00 00 00 00 00 00 00 4a                           .......J

Packet (53 bytes):
0000  1c 00 10 20 23 7f 03 ad ff ff 00 00 00 00 1b 00   ... #...........
0010  00 01 00 01 00 00 02 19 00 00 00 00 21 09 08 02   ............!...
0020  01 00 11 00 08 07 00 00 0c 04 a9 a9 44 bf 00 00   ............D...
0030  00 00 00 00 e1                                    .....
USB Control (24 bytes):
0000  09 08 02 01 00 11 00 08 07 00 00 0c 04 a9 a9 44   ...............D
0010  bf 00 00 00 00 00 00 e1                           ........

Packet (53 bytes):
0000  1c 00 10 d0 fd 85 03 ad ff ff 00 00 00 00 1b 00   ................
0010  00 01 00 01 00 00 02 19 00 00 00 00 21 09 08 02   ............!...
0020  01 00 11 00 08 03 00 00 00 00 00 00 00 00 00 00   ................
0030  00 00 00 00 4a                                    ....J
USB Control (24 bytes):
0000  09 08 02 01 00 11 00 08 03 00 00 00 00 00 00 00   ................
0010  00 00 00 00 00 00 00 4a                           .......J

Packet (53 bytes):
0000  1c 00 20 0b 67 81 03 ad ff ff 00 00 00 00 1b 00   .. .g...........
0010  00 01 00 01 00 00 02 19 00 00 00 00 21 09 08 02   ............!...
0020  01 00 11 00 08 07 00 00 0c 04 aa aa 44 bd 00 00   ............D...
0030  00 00 00 00 e1                                    .....
USB Control (24 bytes):
0000  09 08 02 01 00 11 00 08 07 00 00 0c 04 aa aa 44   ...............D
0010  bd 00 00 00 00 00 00 e1                           ........

Packet (53 bytes):
0000  1c 00 10 e0 76 85 03 ad ff ff 00 00 00 00 1b 00   ....v...........
0010  00 01 00 01 00 00 02 19 00 00 00 00 21 09 08 02   ............!...
0020  01 00 11 00 08 03 00 00 00 00 00 00 00 00 00 00   ................
0030  00 00 00 00 4a                                    ....J
USB Control (24 bytes):
0000  09 08 02 01 00 11 00 08 03 00 00 00 00 00 00 00   ................
0010  00 00 00 00 00 00 00 4a                           .......J

Packet (53 bytes):
0000  1c 00 20 0b 67 81 03 ad ff ff 00 00 00 00 1b 00   .. .g...........
0010  00 01 00 01 00 00 02 19 00 00 00 00 21 09 08 02   ............!...
0020  01 00 11 00 08 07 00 00 0c 04 ab ab 44 bb 00 00   ............D...
0030  00 00 00 00 e1                                    .....
USB Control (24 bytes):
0000  09 08 02 01 00 11 00 08 07 00 00 0c 04 ab ab 44   ...............D
0010  bb 00 00 00 00 00 00 e1                           ........

Packet (53 bytes):
0000  1c 00 10 20 23 7f 03 ad ff ff 00 00 00 00 1b 00   ... #...........
0010  00 01 00 01 00 00 02 19 00 00 00 00 21 09 08 02   ............!...
0020  01 00 11 00 08 03 00 00 00 00 00 00 00 00 00 00   ................
0030  00 00 00 00 4a                                    ....J
USB Control (24 bytes):
0000  09 08 02 01 00 11 00 08 03 00 00 00 00 00 00 00   ................
0010  00 00 00 00 00 00 00 4a                           .......J

Packet (53 bytes):
0000  1c 00 20 0b 67 81 03 ad ff ff 00 00 00 00 1b 00   .. .g...........
0010  00 01 00 01 00 00 02 19 00 00 00 00 21 09 08 02   ............!...
0020  01 00 11 00 08 07 00 00 0c 04 ac ac 44 b9 00 00   ............D...
0030  00 00 00 00 e1                                    .....
USB Control (24 bytes):
0000  09 08 02 01 00 11 00 08 07 00 00 0c 04 ac ac 44   ...............D
0010  b9 00 00 00 00 00 00 e1                           ........

Packet (53 bytes):
0000  1c 00 e0 d4 9e 85 03 ad ff ff 00 00 00 00 1b 00   ................
0010  00 01 00 01 00 00 02 19 00 00 00 00 21 09 08 02   ............!...
0020  01 00 11 00 08 03 00 00 00 00 00 00 00 00 00 00   ................
0030  00 00 00 00 4a                                    ....J
USB Control (24 bytes):
0000  09 08 02 01 00 11 00 08 03 00 00 00 00 00 00 00   ................
0010  00 00 00 00 00 00 00 4a                           .......J

Packet (53 bytes):
0000  1c 00 10 20 23 7f 03 ad ff ff 00 00 00 00 1b 00   ... #...........
0010  00 01 00 01 00 00 02 19 00 00 00 00 21 09 08 02   ............!...
0020  01 00 11 00 08 07 00 00 0c 04 ad ad 44 b7 00 00   ............D...
0030  00 00 00 00 e1                                    .....
USB Control (24 bytes):
0000  09 08 02 01 00 11 00 08 07 00 00 0c 04 ad ad 44   ...............D
0010  b7 00 00 00 00 00 00 e1                           ........

Packet (53 bytes):
0000  1c 00 50 50 46 83 03 ad ff ff 00 00 00 00 1b 00   ..PPF...........
0010  00 01 00 01 00 00 02 19 00 00 00 00 21 09 08 02   ............!...
0020  01 00 11 00 08 03 00 00 00 00 00 00 00 00 00 00   ................
0030  00 00 00 00 4a                                    ....J
USB Control (24 bytes):
0000  09 08 02 01 00 11 00 08 03 00 00 00 00 00 00 00   ................
0010  00 00 00 00 00 00 00 4a                           .......J

Packet (53 bytes):
0000  1c 00 b0 c2 a1 85 03 ad ff ff 00 00 00 00 1b 00   ................
0010  00 01 00 01 00 00 02 19 00 00 00 00 21 09 08 02   ............!...
0020  01 00 11 00 08 07 00 00 0c 04 ae ae 44 b5 00 00   ............D...
0030  00 00 00 00 e1                                    .....
USB Control (24 bytes):
0000  09 08 02 01 00 11 00 08 07 00 00 0c 04 ae ae 44   ...............D
0010  b5 00 00 00 00 00 00 e1                           ........

Packet (53 bytes):
0000  1c 00 10 90 32 81 03 ad ff ff 00 00 00 00 1b 00   ....2...........
0010  00 01 00 01 00 00 02 19 00 00 00 00 21 09 08 02   ............!...
0020  01 00 11 00 08 03 00 00 00 00 00 00 00 00 00 00   ................
0030  00 00 00 00 4a                                    ....J
USB Control (24 bytes):
0000  09 08 02 01 00 11 00 08 03 00 00 00 00 00 00 00   ................
0010  00 00 00 00 00 00 00 4a                           .......J

Packet (53 bytes):
0000  1c 00 b0 c2 a1 85 03 ad ff ff 00 00 00 00 1b 00   ................
0010  00 01 00 01 00 00 02 19 00 00 00 00 21 09 08 02   ............!...
0020  01 00 11 00 08 07 00 00 0c 04 af af 44 b3 00 00   ............D...
0030  00 00 00 00 e1                                    .....
USB Control (24 bytes):
0000  09 08 02 01 00 11 00 08 07 00 00 0c 04 af af 44   ...............D
0010  b3 00 00 00 00 00 00 e1                           ........

Packet (53 bytes):
0000  1c 00 20 0b 67 81 03 ad ff ff 00 00 00 00 1b 00   .. .g...........
0010  00 01 00 01 00 00 02 19 00 00 00 00 21 09 08 02   ............!...
0020  01 00 11 00 08 03 00 00 00 00 00 00 00 00 00 00   ................
0030  00 00 00 00 4a                                    ....J
USB Control (24 bytes):
0000  09 08 02 01 00 11 00 08 03 00 00 00 00 00 00 00   ................
0010  00 00 00 00 00 00 00 4a                           .......J

Packet (53 bytes):
0000  1c 00 b0 c2 a1 85 03 ad ff ff 00 00 00 00 1b 00   ................
0010  00 01 00 01 00 00 02 19 00 00 00 00 21 09 08 02   ............!...
0020  01 00 11 00 08 07 00 00 0c 04 b0 b0 44 b1 00 00   ............D...
0030  00 00 00 00 e1                                    .....
USB Control (24 bytes):
0000  09 08 02 01 00 11 00 08 07 00 00 0c 04 b0 b0 44   ...............D
0010  b1 00 00 00 00 00 00 e1                           ........

Packet (53 bytes):
0000  1c 00 e0 d4 9e 85 03 ad ff ff 00 00 00 00 1b 00   ................
0010  00 01 00 01 00 00 02 19 00 00 00 00 21 09 08 02   ............!...
0020  01 00 11 00 08 03 00 00 00 00 00 00 00 00 00 00   ................
0030  00 00 00 00 4a                                    ....J
USB Control (24 bytes):
0000  09 08 02 01 00 11 00 08 03 00 00 00 00 00 00 00   ................
0010  00 00 00 00 00 00 00 4a                           .......J

Packet (53 bytes):
0000  1c 00 20 0b 67 81 03 ad ff ff 00 00 00 00 1b 00   .. .g...........
0010  00 01 00 01 00 00 02 19 00 00 00 00 21 09 08 02   ............!...
0020  01 00 11 00 08 07 00 00 0c 04 b1 b1 44 af 00 00   ............D...
0030  00 00 00 00 e1                                    .....
USB Control (24 bytes):
0000  09 08 02 01 00 11 00 08 07 00 00 0c 04 b1 b1 44   ...............D
0010  af 00 00 00 00 00 00 e1                           ........

Packet (53 bytes):
0000  1c 00 a0 18 b9 7e 03 ad ff ff 00 00 00 00 1b 00   .....~..........
0010  00 01 00 01 00 00 02 19 00 00 00 00 21 09 08 02   ............!...
0020  01 00 11 00 08 03 00 00 00 00 00 00 00 00 00 00   ................
0030  00 00 00 00 4a                                    ....J
USB Control (24 bytes):
0000  09 08 02 01 00 11 00 08 03 00 00 00 00 00 00 00   ................
0010  00 00 00 00 00 00 00 4a                           .......J

Packet (53 bytes):
0000  1c 00 10 d0 fd 85 03 ad ff ff 00 00 00 00 1b 00   ................
0010  00 01 00 01 00 00 02 19 00 00 00 00 21 09 08 02   ............!...
0020  01 00 11 00 08 04 00 00 00 00 00 00 00 00 00 00   ................
0030  00 00 00 00 49                                    ....I
USB Control (24 bytes):
0000  09 08 02 01 00 11 00 08 04 00 00 00 00 00 00 00   ................
0010  00 00 00 00 00 00 00 49                           .......I

Packet (53 bytes):
0000  1c 00 50 50 46 83 03 ad ff ff 00 00 00 00 1b 00   ..PPF...........
0010  00 01 00 01 00 00 02 19 00 00 00 00 21 09 08 02   ............!...
0020  01 00 11 00 08 03 00 00 00 00 00 00 00 00 00 00   ................
0030  00 00 00 00 4a                                    ....J
USB Control (24 bytes):
0000  09 08 02 01 00 11 00 08 03 00 00 00 00 00 00 00   ................
0010  00 00 00 00 00 00 00 4a                           .......J

Packet (53 bytes):
0000  1c 00 20 0b 67 81 03 ad ff ff 00 00 00 00 1b 00   .. .g...........
0010  00 01 00 01 00 00 02 19 00 00 00 00 21 09 08 02   ............!...
0020  01 00 11 00 08 07 00 00 0c 04 b2 b2 44 ad 00 00   ............D...
0030  00 00 00 00 e1                                    .....
USB Control (24 bytes):
0000  09 08 02 01 00 11 00 08 07 00 00 0c 04 b2 b2 44   ...............D
0010  ad 00 00 00 00 00 00 e1                           ........

Packet (53 bytes):
0000  1c 00 10 c0 9e 85 03 ad ff ff 00 00 00 00 1b 00   ................
0010  00 01 00 01 00 00 02 19 00 00 00 00 21 09 08 02   ............!...
0020  01 00 11 00 08 03 00 00 00 00 00 00 00 00 00 00   ................
0030  00 00 00 00 4a                                    ....J
USB Control (24 bytes):
0000  09 08 02 01 00 11 00 08 03 00 00 00 00 00 00 00   ................
0010  00 00 00 00 00 00 00 4a                           .......J

Packet (53 bytes):
0000  1c 00 10 20 23 7f 03 ad ff ff 00 00 00 00 1b 00   ... #...........
0010  00 01 00 01 00 00 02 19 00 00 00 00 21 09 08 02   ............!...
0020  01 00 11 00 08 07 00 00 0c 04 b3 b3 44 ab 00 00   ............D...
0030  00 00 00 00 e1                                    .....
USB Control (24 bytes):
0000  09 08 02 01 00 11 00 08 07 00 00 0c 04 b3 b3 44   ...............D
0010  ab 00 00 00 00 00 00 e1                           ........

Packet (53 bytes):
0000  1c 00 10 20 23 7f 03 ad ff ff 00 00 00 00 1b 00   ... #...........
0010  00 01 00 01 00 00 02 19 00 00 00 00 21 09 08 02   ............!...
0020  01 00 11 00 08 03 00 00 00 00 00 00 00 00 00 00   ................
0030  00 00 00 00 4a                                    ....J
USB Control (24 bytes):
0000  09 08 02 01 00 11 00 08 03 00 00 00 00 00 00 00   ................
0010  00 00 00 00 00 00 00 4a                           .......J

Packet (53 bytes):
0000  1c 00 20 0b 67 81 03 ad ff ff 00 00 00 00 1b 00   .. .g...........
0010  00 01 00 01 00 00 02 19 00 00 00 00 21 09 08 02   ............!...
0020  01 00 11 00 08 07 00 00 0c 04 b4 b4 44 a9 00 00   ............D...
0030  00 00 00 00 e1                                    .....
USB Control (24 bytes):
0000  09 08 02 01 00 11 00 08 07 00 00 0c 04 b4 b4 44   ...............D
0010  a9 00 00 00 00 00 00 e1                           ........

Packet (53 bytes):
0000  1c 00 e0 d4 9e 85 03 ad ff ff 00 00 00 00 1b 00   ................
0010  00 01 00 01 00 00 02 19 00 00 00 00 21 09 08 02   ............!...
0020  01 00 11 00 08 03 00 00 00 00 00 00 00 00 00 00   ................
0030  00 00 00 00 4a                                    ....J
USB Control (24 bytes):
0000  09 08 02 01 00 11 00 08 03 00 00 00 00 00 00 00   ................
0010  00 00 00 00 00 00 00 4a                           .......J

Packet (53 bytes):
0000  1c 00 20 0b 67 81 03 ad ff ff 00 00 00 00 1b 00   .. .g...........
0010  00 01 00 01 00 00 02 19 00 00 00 00 21 09 08 02   ............!...
0020  01 00 11 00 08 07 00 00 0c 04 b5 b5 44 a7 00 00   ............D...
0030  00 00 00 00 e1                                    .....
USB Control (24 bytes):
0000  09 08 02 01 00 11 00 08 07 00 00 0c 04 b5 b5 44   ...............D
0010  a7 00 00 00 00 00 00 e1                           ........

Packet (53 bytes):
0000  1c 00 e0 c4 9e 85 03 ad ff ff 00 00 00 00 1b 00   ................
0010  00 01 00 01 00 00 02 19 00 00 00 00 21 09 08 02   ............!...
0020  01 00 11 00 08 03 00 00 00 00 00 00 00 00 00 00   ................
0030  00 00 00 00 4a                                    ....J
USB Control (24 bytes):
0000  09 08 02 01 00 11 00 08 03 00 00 00 00 00 00 00   ................
0010  00 00 00 00 00 00 00 4a                           .......J

Packet (53 bytes):
0000  1c 00 10 20 23 7f 03 ad ff ff 00 00 00 00 1b 00   ... #...........
0010  00 01 00 01 00 00 02 19 00 00 00 00 21 09 08 02   ............!...
0020  01 00 11 00 08 07 00 00 0c 04 b6 b6 44 a5 00 00   ............D...
0030  00 00 00 00 e1                                    .....
USB Control (24 bytes):
0000  09 08 02 01 00 11 00 08 07 00 00 0c 04 b6 b6 44   ...............D
0010  a5 00 00 00 00 00 00 e1                           ........

Packet (53 bytes):
0000  1c 00 e0 d4 9e 85 03 ad ff ff 00 00 00 00 1b 00   ................
0010  00 01 00 01 00 00 02 19 00 00 00 00 21 09 08 02   ............!...
0020  01 00 11 00 08 03 00 00 00 00 00 00 00 00 00 00   ................
0030  00 00 00 00 4a                                    ....J
USB Control (24 bytes):
0000  09 08 02 01 00 11 00 08 03 00 00 00 00 00 00 00   ................
0010  00 00 00 00 00 00 00 4a                           .......J

Packet (53 bytes):
0000  1c 00 20 0b 67 81 03 ad ff ff 00 00 00 00 1b 00   .. .g...........
0010  00 01 00 01 00 00 02 19 00 00 00 00 21 09 08 02   ............!...
0020  01 00 11 00 08 07 00 00 0c 04 b7 b7 44 a3 00 00   ............D...
0030  00 00 00 00 e1                                    .....
USB Control (24 bytes):
0000  09 08 02 01 00 11 00 08 07 00 00 0c 04 b7 b7 44   ...............D
0010  a3 00 00 00 00 00 00 e1                           ........

Packet (53 bytes):
0000  1c 00 e0 c4 9e 85 03 ad ff ff 00 00 00 00 1b 00   ................
0010  00 01 00 01 00 00 02 19 00 00 00 00 21 09 08 02   ............!...
0020  01 00 11 00 08 03 00 00 00 00 00 00 00 00 00 00   ................
0030  00 00 00 00 4a                                    ....J
USB Control (24 bytes):
0000  09 08 02 01 00 11 00 08 03 00 00 00 00 00 00 00   ................
0010  00 00 00 00 00 00 00 4a                           .......J

Packet (53 bytes):
0000  1c 00 20 0b 67 81 03 ad ff ff 00 00 00 00 1b 00   .. .g...........
0010  00 01 00 01 00 00 02 19 00 00 00 00 21 09 08 02   ............!...
0020  01 00 11 00 08 07 00 00 0c 04 b8 b8 44 a1 00 00   ............D...
0030  00 00 00 00 e1                                    .....
USB Control (24 bytes):
0000  09 08 02 01 00 11 00 08 07 00 00 0c 04 b8 b8 44   ...............D
0010  a1 00 00 00 00 00 00 e1                           ........

Packet (53 bytes):
0000  1c 00 10 d0 fd 85 03 ad ff ff 00 00 00 00 1b 00   ................
0010  00 01 00 01 00 00 02 19 00 00 00 00 21 09 08 02   ............!...
0020  01 00 11 00 08 03 00 00 00 00 00 00 00 00 00 00   ................
0030  00 00 00 00 4a                                    ....J
USB Control (24 bytes):
0000  09 08 02 01 00 11 00 08 03 00 00 00 00 00 00 00   ................
0010  00 00 00 00 00 00 00 4a                           .......J

Packet (53 bytes):
0000  1c 00 b0 c2 a1 85 03 ad ff ff 00 00 00 00 1b 00   ................
0010  00 01 00 01 00 00 02 19 00 00 00 00 21 09 08 02   ............!...
0020  01 00 11 00 08 07 00 00 0c 04 b9 b9 44 9f 00 00   ............D...
0030  00 00 00 00 e1                                    .....
USB Control (24 bytes):
0000  09 08 02 01 00 11 00 08 07 00 00 0c 04 b9 b9 44   ...............D
0010  9f 00 00 00 00 00 00 e1                           ........

Packet (53 bytes):
0000  1c 00 50 50 46 83 03 ad ff ff 00 00 00 00 1b 00   ..PPF...........
0010  00 01 00 01 00 00 02 19 00 00 00 00 21 09 08 02   ............!...
0020  01 00 11 00 08 03 00 00 00 00 00 00 00 00 00 00   ................
0030  00 00 00 00 4a                                    ....J
USB Control (24 bytes):
0000  09 08 02 01 00 11 00 08 03 00 00 00 00 00 00 00   ................
0010  00 00 00 00 00 00 00 4a                           .......J

Packet (53 bytes):
0000  1c 00 10 20 23 7f 03 ad ff ff 00 00 00 00 1b 00   ... #...........
0010  00 01 00 01 00 00 02 19 00 00 00 00 21 09 08 02   ............!...
0020  01 00 11 00 08 07 00 00 0c 04 ba ba 44 9d 00 00   ............D...
0030  00 00 00 00 e1                                    .....
USB Control (24 bytes):
0000  09 08 02 01 00 11 00 08 07 00 00 0c 04 ba ba 44   ...............D
0010  9d 00 00 00 00 00 00 e1                           ........

Packet (53 bytes):
0000  1c 00 10 e0 9e 85 03 ad ff ff 00 00 00 00 1b 00   ................
0010  00 01 00 01 00 00 02 19 00 00 00 00 21 09 08 02   ............!...
0020  01 00 11 00 08 03 00 00 00 00 00 00 00 00 00 00   ................
0030  00 00 00 00 4a                                    ....J
USB Control (24 bytes):
0000  09 08 02 01 00 11 00 08 03 00 00 00 00 00 00 00   ................
0010  00 00 00 00 00 00 00 4a                           .......J

Packet (53 bytes):
0000  1c 00 10 d0 fd 85 03 ad ff ff 00 00 00 00 1b 00   ................
0010  00 01 00 01 00 00 02 19 00 00 00 00 21 09 08 02   ............!...
0020  01 00 11 00 08 07 00 00 0c 04 bb bb 44 9b 00 00   ............D...
0030  00 00 00 00 e1                                    .....
USB Control (24 bytes):
0000  09 08 02 01 00 11 00 08 07 00 00 0c 04 bb bb 44   ...............D
0010  9b 00 00 00 00 00 00 e1                           ........

Packet (53 bytes):
0000  1c 00 60 34 f7 80 03 ad ff ff 00 00 00 00 1b 00   ..`4............
0010  00 01 00 01 00 00 02 19 00 00 00 00 21 09 08 02   ............!...
0020  01 00 11 00 08 03 00 00 00 00 00 00 00 00 00 00   ................
0030  00 00 00 00 4a                                    ....J
USB Control (24 bytes):
0000  09 08 02 01 00 11 00 08 03 00 00 00 00 00 00 00   ................
0010  00 00 00 00 00 00 00 4a                           .......J

Packet (53 bytes):
0000  1c 00 20 0b 67 81 03 ad ff ff 00 00 00 00 1b 00   .. .g...........
0010  00 01 00 01 00 00 02 19 00 00 00 00 21 09 08 02   ............!...
0020  01 00 11 00 08 07 00 00 0c 04 bc bc 44 99 00 00   ............D...
0030  00 00 00 00 e1                                    .....
USB Control (24 bytes):
0000  09 08 02 01 00 11 00 08 07 00 00 0c 04 bc bc 44   ...............D
0010  99 00 00 00 00 00 00 e1                           ........

Packet (53 bytes):
0000  1c 00 20 0b 67 81 03 ad ff ff 00 00 00 00 1b 00   .. .g...........
0010  00 01 00 01 00 00 02 19 00 00 00 00 21 09 08 02   ............!...
0020  01 00 11 00 08 03 00 00 00 00 00 00 00 00 00 00   ................
0030  00 00 00 00 4a                                    ....J
USB Control (24 bytes):
0000  09 08 02 01 00 11 00 08 03 00 00 00 00 00 00 00   ................
0010  00 00 00 00 00 00 00 4a                           .......J

Packet (53 bytes):
0000  1c 00 a0 18 b9 7e 03 ad ff ff 00 00 00 00 1b 00   .....~..........
0010  00 01 00 01 00 00 02 19 00 00 00 00 21 09 08 02   ............!...
0020  01 00 11 00 08 04 00 00 00 00 00 00 00 00 00 00   ................
0030  00 00 00 00 49                                    ....I
USB Control (24 bytes):
0000  09 08 02 01 00 11 00 08 04 00 00 00 00 00 00 00   ................
0010  00 00 00 00 00 00 00 49                           .......I

Packet (53 bytes):
0000  1c 00 b0 d9 9e 85 03 ad ff ff 00 00 00 00 1b 00   ................
0010  00 01 00 01 00 00 02 19 00 00 00 00 21 09 08 02   ............!...
0020  01 00 11 00 08 03 00 00 00 00 00 00 00 00 00 00   ................
0030  00 00 00 00 4a                                    ....J
USB Control (24 bytes):
0000  09 08 02 01 00 11 00 08 03 00 00 00 00 00 00 00   ................
0010  00 00 00 00 00 00 00 4a                           .......J

Packet (53 bytes):
0000  1c 00 20 0b 67 81 03 ad ff ff 00 00 00 00 1b 00   .. .g...........
0010  00 01 00 01 00 00 02 19 00 00 00 00 21 09 08 02   ............!...
0020  01 00 11 00 08 07 00 00 0c 04 bd bd 44 97 00 00   ............D...
0030  00 00 00 00 e1                                    .....
USB Control (24 bytes):
0000  09 08 02 01 00 11 00 08 07 00 00 0c 04 bd bd 44   ...............D
0010  97 00 00 00 00 00 00 e1                           ........

Packet (53 bytes):
0000  1c 00 e0 c4 9e 85 03 ad ff ff 00 00 00 00 1b 00   ................
0010  00 01 00 01 00 00 02 19 00 00 00 00 21 09 08 02   ............!...
0020  01 00 11 00 08 03 00 00 00 00 00 00 00 00 00 00   ................
0030  00 00 00 00 4a                                    ....J
USB Control (24 bytes):
0000  09 08 02 01 00 11 00 08 03 00 00 00 00 00 00 00   ................
0010  00 00 00 00 00 00 00 4a                           .......J

Packet (53 bytes):
0000  1c 00 10 c0 9e 85 03 ad ff ff 00 00 00 00 1b 00   ................
0010  00 01 00 01 00 00 02 19 00 00 00 00 21 09 08 02   ............!...
0020  01 00 11 00 08 07 00 00 0c 04 be be 44 95 00 00   ............D...
0030  00 00 00 00 e1                                    .....
USB Control (24 bytes):
0000  09 08 02 01 00 11 00 08 07 00 00 0c 04 be be 44   ...............D
0010  95 00 00 00 00 00 00 e1                           ........

Packet (53 bytes):
0000  1c 00 10 e0 9e 85 03 ad ff ff 00 00 00 00 1b 00   ................
0010  00 01 00 01 00 00 02 19 00 00 00 00 21 09 08 02   ............!...
0020  01 00 11 00 08 03 00 00 00 00 00 00 00 00 00 00   ................
0030  00 00 00 00 4a                                    ....J
USB Control (24 bytes):
0000  09 08 02 01 00 11 00 08 03 00 00 00 00 00 00 00   ................
0010  00 00 00 00 00 00 00 4a                           .......J

Packet (53 bytes):
0000  1c 00 10 20 23 7f 03 ad ff ff 00 00 00 00 1b 00   ... #...........
0010  00 01 00 01 00 00 02 19 00 00 00 00 21 09 08 02   ............!...
0020  01 00 11 00 08 07 00 00 0c 04 bf bf 44 93 00 00   ............D...
0030  00 00 00 00 e1                                    .....
USB Control (24 bytes):
0000  09 08 02 01 00 11 00 08 07 00 00 0c 04 bf bf 44   ...............D
0010  93 00 00 00 00 00 00 e1                           ........

Packet (53 bytes):
0000  1c 00 60 34 f7 80 03 ad ff ff 00 00 00 00 1b 00   ..`4............
0010  00 01 00 01 00 00 02 19 00 00 00 00 21 09 08 02   ............!...
0020  01 00 11 00 08 03 00 00 00 00 00 00 00 00 00 00   ................
0030  00 00 00 00 4a                                    ....J
USB Control (24 bytes):
0000  09 08 02 01 00 11 00 08 03 00 00 00 00 00 00 00   ................
0010  00 00 00 00 00 00 00 4a                           .......J

Packet (53 bytes):
0000  1c 00 b0 c2 a1 85 03 ad ff ff 00 00 00 00 1b 00   ................
0010  00 01 00 01 00 00 02 19 00 00 00 00 21 09 08 02   ............!...
0020  01 00 11 00 08 07 00 00 0c 04 c0 c0 44 91 00 00   ............D...
0030  00 00 00 00 e1                                    .....
USB Control (24 bytes):
0000  09 08 02 01 00 11 00 08 07 00 00 0c 04 c0 c0 44   ...............D
0010  91 00 00 00 00 00 00 e1                           ........

Packet (53 bytes):
0000  1c 00 10 10 9e 86 03 ad ff ff 00 00 00 00 1b 00   ................
0010  00 01 00 01 00 00 02 19 00 00 00 00 21 09 08 02   ............!...
0020  01 00 11 00 08 03 00 00 00 00 00 00 00 00 00 00   ................
0030  00 00 00 00 4a                                    ....J
USB Control (24 bytes):
0000  09 08 02 01 00 11 00 08 03 00 00 00 00 00 00 00   ................
0010  00 00 00 00 00 00 00 4a                           .......J

Packet (53 bytes):
0000  1c 00 60 34 f7 80 03 ad ff ff 00 00 00 00 1b 00   ..`4............
0010  00 01 00 01 00 00 02 19 00 00 00 00 21 09 08 02   ............!...
0020  01 00 11 00 08 07 00 00 0c 04 c1 c1 44 8f 00 00   ............D...
0030  00 00 00 00 e1                                    .....
USB Control (24 bytes):
0000  09 08 02 01 00 11 00 08 07 00 00 0c 04 c1 c1 44   ...............D
0010  8f 00 00 00 00 00 00 e1                           ........

Packet (53 bytes):
0000  1c 00 10 90 32 81 03 ad ff ff 00 00 00 00 1b 00   ....2...........
0010  00 01 00 01 00 00 02 19 00 00 00 00 21 09 08 02   ............!...
0020  01 00 11 00 08 03 00 00 00 00 00 00 00 00 00 00   ................
0030  00 00 00 00 4a                                    ....J
USB Control (24 bytes):
0000  09 08 02 01 00 11 00 08 03 00 00 00 00 00 00 00   ................
0010  00 00 00 00 00 00 00 4a                           .......J

Packet (53 bytes):
0000  1c 00 b0 c2 a1 85 03 ad ff ff 00 00 00 00 1b 00   ................
0010  00 01 00 01 00 00 02 19 00 00 00 00 21 09 08 02   ............!...
0020  01 00 11 00 08 07 00 00 0c 04 c2 c2 44 8d 00 00   ............D...
0030  00 00 00 00 e1                                    .....
USB Control (24 bytes):
0000  09 08 02 01 00 11 00 08 07 00 00 0c 04 c2 c2 44   ...............D
0010  8d 00 00 00 00 00 00 e1                           ........

Packet (53 bytes):
0000  1c 00 10 e0 9e 85 03 ad ff ff 00 00 00 00 1b 00   ................
0010  00 01 00 01 00 00 02 19 00 00 00 00 21 09 08 02   ............!...
0020  01 00 11 00 08 03 00 00 00 00 00 00 00 00 00 00   ................
0030  00 00 00 00 4a                                    ....J
USB Control (24 bytes):
0000  09 08 02 01 00 11 00 08 03 00 00 00 00 00 00 00   ................
0010  00 00 00 00 00 00 00 4a                           .......J

Packet (53 bytes):
0000  1c 00 10 20 23 7f 03 ad ff ff 00 00 00 00 1b 00   ... #...........
0010  00 01 00 01 00 00 02 19 00 00 00 00 21 09 08 02   ............!...
0020  01 00 11 00 08 07 00 00 0c 04 c3 c3 44 8b 00 00   ............D...
0030  00 00 00 00 e1                                    .....
USB Control (24 bytes):
0000  09 08 02 01 00 11 00 08 07 00 00 0c 04 c3 c3 44   ...............D
0010  8b 00 00 00 00 00 00 e1                           ........

Packet (53 bytes):
0000  1c 00 a0 18 b9 7e 03 ad ff ff 00 00 00 00 1b 00   .....~..........
0010  00 01 00 01 00 00 02 19 00 00 00 00 21 09 08 02   ............!...
0020  01 00 11 00 08 03 00 00 00 00 00 00 00 00 00 00   ................
0030  00 00 00 00 4a                                    ....J
USB Control (24 bytes):
0000  09 08 02 01 00 11 00 08 03 00 00 00 00 00 00 00   ................
0010  00 00 00 00 00 00 00 4a                           .......J

Packet (53 bytes):
0000  1c 00 b0 c2 a1 85 03 ad ff ff 00 00 00 00 1b 00   ................
0010  00 01 00 01 00 00 02 19 00 00 00 00 21 09 08 02   ............!...
0020  01 00 11 00 08 07 00 00 0c 04 c4 c4 44 89 00 00   ............D...
0030  00 00 00 00 e1                                    .....
USB Control (24 bytes):
0000  09 08 02 01 00 11 00 08 07 00 00 0c 04 c4 c4 44   ...............D
0010  89 00 00 00 00 00 00 e1                           ........

Packet (53 bytes):
0000  1c 00 50 50 46 83 03 ad ff ff 00 00 00 00 1b 00   ..PPF...........
0010  00 01 00 01 00 00 02 19 00 00 00 00 21 09 08 02   ............!...
0020  01 00 11 00 08 03 00 00 00 00 00 00 00 00 00 00   ................
0030  00 00 00 00 4a                                    ....J
USB Control (24 bytes):
0000  09 08 02 01 00 11 00 08 03 00 00 00 00 00 00 00   ................
0010  00 00 00 00 00 00 00 4a                           .......J

Packet (53 bytes):
0000  1c 00 10 20 23 7f 03 ad ff ff 00 00 00 00 1b 00   ... #...........
0010  00 01 00 01 00 00 02 19 00 00 00 00 21 09 08 02   ............!...
0020  01 00 11 00 08 07 00 00 0c 04 c5 c5 44 87 00 00   ............D...
0030  00 00 00 00 e1                                    .....
USB Control (24 bytes):
0000  09 08 02 01 00 11 00 08 07 00 00 0c 04 c5 c5 44   ...............D
0010  87 00 00 00 00 00 00 e1                           ........

Packet (53 bytes):
0000  1c 00 b0 c2 a1 85 03 ad ff ff 00 00 00 00 1b 00   ................
0010  00 01 00 01 00 00 02 19 00 00 00 00 21 09 08 02   ............!...
0020  01 00 11 00 08 03 00 00 00 00 00 00 00 00 00 00   ................
0030  00 00 00 00 4a                                    ....J
USB Control (24 bytes):
0000  09 08 02 01 00 11 00 08 03 00 00 00 00 00 00 00   ................
0010  00 00 00 00 00 00 00 4a                           .......J

Packet (53 bytes):
0000  1c 00 20 0b 67 81 03 ad ff ff 00 00 00 00 1b 00   .. .g...........
0010  00 01 00 01 00 00 02 19 00 00 00 00 21 09 08 02   ............!...
0020  01 00 11 00 08 07 00 00 0c 04 c6 c6 44 85 00 00   ............D...
0030  00 00 00 00 e1                                    .....
USB Control (24 bytes):
0000  09 08 02 01 00 11 00 08 07 00 00 0c 04 c6 c6 44   ...............D
0010  85 00 00 00 00 00 00 e1                           ........

Packet (53 bytes):
0000  1c 00 10 10 9e 86 03 ad ff ff 00 00 00 00 1b 00   ................
0010  00 01 00 01 00 00 02 19 00 00 00 00 21 09 08 02   ............!...
0020  01 00 11 00 08 03 00 00 00 00 00 00 00 00 00 00   ................
0030  00 00 00 00 4a                                    ....J
USB Control (24 bytes):
0000  09 08 02 01 00 11 00 08 03 00 00 00 00 00 00 00   ................
0010  00 00 00 00 00 00 00 4a                           .......J

Packet (53 bytes):
0000  1c 00 10 20 23 7f 03 ad ff ff 00 00 00 00 1b 00   ... #...........
0010  00 01 00 01 00 00 02 19 00 00 00 00 21 09 08 02   ............!...
0020  01 00 11 00 08 03 00 00 00 00 00 00 00 00 00 00   ................
0030  00 00 00 00 4a                                    ....J
USB Control (24 bytes):
0000  09 08 02 01 00 11 00 08 03 00 00 00 00 00 00 00   ................
0010  00 00 00 00 00 00 00 4a                           .......J

Packet (53 bytes):
0000  1c 00 60 34 f7 80 03 ad ff ff 00 00 00 00 1b 00   ..`4............
0010  00 01 00 01 00 00 02 19 00 00 00 00 21 09 08 02   ............!...
0020  01 00 11 00 08 04 00 00 00 00 00 00 00 00 00 00   ................
0030  00 00 00 00 49                                    ....I
USB Control (24 bytes):
0000  09 08 02 01 00 11 00 08 04 00 00 00 00 00 00 00   ................
0010  00 00 00 00 00 00 00 49                           .......I

Packet (53 bytes):
0000  1c 00 10 10 9e 86 03 ad ff ff 00 00 00 00 1b 00   ................
0010  00 01 00 01 00 00 02 19 00 00 00 00 21 09 08 02   ............!...
0020  01 00 11 00 08 07 00 00 0c 04 c7 c7 44 83 00 00   ............D...
0030  00 00 00 00 e1                                    .....
USB Control (24 bytes):
0000  09 08 02 01 00 11 00 08 07 00 00 0c 04 c7 c7 44   ...............D
0010  83 00 00 00 00 00 00 e1                           ........

Packet (53 bytes):
0000  1c 00 20 0b 67 81 03 ad ff ff 00 00 00 00 1b 00   .. .g...........
0010  00 01 00 01 00 00 02 19 00 00 00 00 21 09 08 02   ............!...
0020  01 00 11 00 08 03 00 00 00 00 00 00 00 00 00 00   ................
0030  00 00 00 00 4a                                    ....J
USB Control (24 bytes):
0000  09 08 02 01 00 11 00 08 03 00 00 00 00 00 00 00   ................
0010  00 00 00 00 00 00 00 4a                           .......J

Packet (53 bytes):
0000  1c 00 20 0b 67 81 03 ad ff ff 00 00 00 00 1b 00   .. .g...........
0010  00 01 00 01 00 00 02 19 00 00 00 00 21 09 08 02   ............!...
0020  01 00 11 00 08 07 00 00 0c 04 c8 c8 44 81 00 00   ............D...
0030  00 00 00 00 e1                                    .....
USB Control (24 bytes):
0000  09 08 02 01 00 11 00 08 07 00 00 0c 04 c8 c8 44   ...............D
0010  81 00 00 00 00 00 00 e1                           ........

Packet (53 bytes):
0000  1c 00 10 e0 9e 85 03 ad ff ff 00 00 00 00 1b 00   ................
0010  00 01 00 01 00 00 02 19 00 00 00 00 21 09 08 02   ............!...
0020  01 00 11 00 08 03 00 00 00 00 00 00 00 00 00 00   ................
0030  00 00 00 00 4a                                    ....J
USB Control (24 bytes):
0000  09 08 02 01 00 11 00 08 03 00 00 00 00 00 00 00   ................
0010  00 00 00 00 00 00 00 4a                           .......J

Packet (53 bytes):
0000  1c 00 b0 c2 a1 85 03 ad ff ff 00 00 00 00 1b 00   ................
0010  00 01 00 01 00 00 02 19 00 00 00 00 21 09 08 02   ............!...
0020  01 00 11 00 08 07 00 00 0c 04 c9 c9 44 7f 00 00   ............D...
0030  00 00 00 00 e1                                    .....
USB Control (24 bytes):
0000  09 08 02 01 00 11 00 08 07 00 00 0c 04 c9 c9 44   ...............D
0010  7f 00 00 00 00 00 00 e1                           ........

Packet (53 bytes):
0000  1c 00 b0 d9 9e 85 03 ad ff ff 00 00 00 00 1b 00   ................
0010  00 01 00 01 00 00 02 19 00 00 00 00 21 09 08 02   ............!...
0020  01 00 11 00 08 03 00 00 00 00 00 00 00 00 00 00   ................
0030  00 00 00 00 4a                                    ....J
USB Control (24 bytes):
0000  09 08 02 01 00 11 00 08 03 00 00 00 00 00 00 00   ................
0010  00 00 00 00 00 00 00 4a                           .......J

Packet (53 bytes):
0000  1c 00 20 ea b5 85 03 ad ff ff 00 00 00 00 1b 00   .. .............
0010  00 01 00 01 00 00 02 19 00 00 00 00 21 09 08 02   ............!...
0020  01 00 11 00 08 07 00 00 0c 04 ca ca 44 7d 00 00   ............D}..
0030  00 00 00 00 e1                                    .....
USB Control (24 bytes):
0000  09 08 02 01 00 11 00 08 07 00 00 0c 04 ca ca 44   ...............D
0010  7d 00 00 00 00 00 00 e1                           }.......

Packet (53 bytes):
0000  1c 00 a0 18 b9 7e 03 ad ff ff 00 00 00 00 1b 00   .....~..........
0010  00 01 00 01 00 00 02 19 00 00 00 00 21 09 08 02   ............!...
0020  01 00 11 00 08 03 00 00 00 00 00 00 00 00 00 00   ................
0030  00 00 00 00 4a                                    ....J
USB Control (24 bytes):
0000  09 08 02 01 00 11 00 08 03 00 00 00 00 00 00 00   ................
0010  00 00 00 00 00 00 00 4a                           .......J

Packet (53 bytes):
0000  1c 00 b0 c2 a1 85 03 ad ff ff 00 00 00 00 1b 00   ................
0010  00 01 00 01 00 00 02 19 00 00 00 00 21 09 08 02   ............!...
0020  01 00 11 00 08 07 00 00 0c 04 cb cb 44 7b 00 00   ............D{..
0030  00 00 00 00 e1                                    .....
USB Control (24 bytes):
0000  09 08 02 01 00 11 00 08 07 00 00 0c 04 cb cb 44   ...............D
0010  7b 00 00 00 00 00 00 e1                           {.......

Packet (53 bytes):
0000  1c 00 e0 c4 9e 85 03 ad ff ff 00 00 00 00 1b 00   ................
0010  00 01 00 01 00 00 02 19 00 00 00 00 21 09 08 02   ............!...
0020  01 00 11 00 08 03 00 00 00 00 00 00 00 00 00 00   ................
0030  00 00 00 00 4a                                    ....J
USB Control (24 bytes):
0000  09 08 02 01 00 11 00 08 03 00 00 00 00 00 00 00   ................
0010  00 00 00 00 00 00 00 4a                           .......J

Packet (53 bytes):
0000  1c 00 20 ea b5 85 03 ad ff ff 00 00 00 00 1b 00   .. .............
0010  00 01 00 01 00 00 02 19 00 00 00 00 21 09 08 02   ............!...
0020  01 00 11 00 08 07 00 00 0c 04 cc cc 44 79 00 00   ............Dy..
0030  00 00 00 00 e1                                    .....
USB Control (24 bytes):
0000  09 08 02 01 00 11 00 08 07 00 00 0c 04 cc cc 44   ...............D
0010  79 00 00 00 00 00 00 e1                           y.......

Packet (53 bytes):
0000  1c 00 60 34 f7 80 03 ad ff ff 00 00 00 00 1b 00   ..`4............
0010  00 01 00 01 00 00 02 19 00 00 00 00 21 09 08 02   ............!...
0020  01 00 11 00 08 03 00 00 00 00 00 00 00 00 00 00   ................
0030  00 00 00 00 4a                                    ....J
USB Control (24 bytes):
0000  09 08 02 01 00 11 00 08 03 00 00 00 00 00 00 00   ................
0010  00 00 00 00 00 00 00 4a                           .......J

Packet (53 bytes):
0000  1c 00 20 ea b5 85 03 ad ff ff 00 00 00 00 1b 00   .. .............
0010  00 01 00 01 00 00 02 19 00 00 00 00 21 09 08 02   ............!...
0020  01 00 11 00 08 07 00 00 0c 04 cd cd 44 77 00 00   ............Dw..
0030  00 00 00 00 e1                                    .....
USB Control (24 bytes):
0000  09 08 02 01 00 11 00 08 07 00 00 0c 04 cd cd 44   ...............D
0010  77 00 00 00 00 00 00 e1                           w.......

Packet (53 bytes):
0000  1c 00 10 10 9e 86 03 ad ff ff 00 00 00 00 1b 00   ................
0010  00 01 00 01 00 00 02 19 00 00 00 00 21 09 08 02   ............!...
0020  01 00 11 00 08 03 00 00 00 00 00 00 00 00 00 00   ................
0030  00 00 00 00 4a                                    ....J
USB Control (24 bytes):
0000  09 08 02 01 00 11 00 08 03 00 00 00 00 00 00 00   ................
0010  00 00 00 00 00 00 00 4a                           .......J

Packet (53 bytes):
0000  1c 00 20 0b 67 81 03 ad ff ff 00 00 00 00 1b 00   .. .g...........
0010  00 01 00 01 00 00 02 19 00 00 00 00 21 09 08 02   ............!...
0020  01 00 11 00 08 07 00 00 0c 04 ce ce 44 75 00 00   ............Du..
0030  00 00 00 00 e1                                    .....
USB Control (24 bytes):
0000  09 08 02 01 00 11 00 08 07 00 00 0c 04 ce ce 44   ...............D
0010  75 00 00 00 00 00 00 e1                           u.......

Packet (53 bytes):
0000  1c 00 10 e0 9e 85 03 ad ff ff 00 00 00 00 1b 00   ................
0010  00 01 00 01 00 00 02 19 00 00 00 00 21 09 08 02   ............!...
0020  01 00 11 00 08 03 00 00 00 00 00 00 00 00 00 00   ................
0030  00 00 00 00 4a                                    ....J
USB Control (24 bytes):
0000  09 08 02 01 00 11 00 08 03 00 00 00 00 00 00 00   ................
0010  00 00 00 00 00 00 00 4a                           .......J

Packet (53 bytes):
0000  1c 00 20 0b 67 81 03 ad ff ff 00 00 00 00 1b 00   .. .g...........
0010  00 01 00 01 00 00 02 19 00 00 00 00 21 09 08 02   ............!...
0020  01 00 11 00 08 07 00 00 0c 04 cf cf 44 73 00 00   ............Ds..
0030  00 00 00 00 e1                                    .....
USB Control (24 bytes):
0000  09 08 02 01 00 11 00 08 07 00 00 0c 04 cf cf 44   ...............D
0010  73 00 00 00 00 00 00 e1                           s.......

Packet (53 bytes):
0000  1c 00 b0 c2 a1 85 03 ad ff ff 00 00 00 00 1b 00   ................
0010  00 01 00 01 00 00 02 19 00 00 00 00 21 09 08 02   ............!...
0020  01 00 11 00 08 03 00 00 00 00 00 00 00 00 00 00   ................
0030  00 00 00 00 4a                                    ....J
USB Control (24 bytes):
0000  09 08 02 01 00 11 00 08 03 00 00 00 00 00 00 00   ................
0010  00 00 00 00 00 00 00 4a                           .......J

Packet (53 bytes):
0000  1c 00 20 ea b5 85 03 ad ff ff 00 00 00 00 1b 00   .. .............
0010  00 01 00 01 00 00 02 19 00 00 00 00 21 09 08 02   ............!...
0020  01 00 11 00 08 07 00 00 0c 04 d0 d0 44 71 00 00   ............Dq..
0030  00 00 00 00 e1                                    .....
USB Control (24 bytes):
0000  09 08 02 01 00 11 00 08 07 00 00 0c 04 d0 d0 44   ...............D
0010  71 00 00 00 00 00 00 e1                           q.......

Packet (53 bytes):
0000  1c 00 20 ea b5 85 03 ad ff ff 00 00 00 00 1b 00   .. .............
0010  00 01 00 01 00 00 02 19 00 00 00 00 21 09 08 02   ............!...
0020  01 00 11 00 08 03 00 00 00 00 00 00 00 00 00 00   ................
0030  00 00 00 00 4a                                    ....J
USB Control (24 bytes):
0000  09 08 02 01 00 11 00 08 03 00 00 00 00 00 00 00   ................
0010  00 00 00 00 00 00 00 4a                           .......J

Packet (53 bytes):
0000  1c 00 10 10 9e 86 03 ad ff ff 00 00 00 00 1b 00   ................
0010  00 01 00 01 00 00 02 19 00 00 00 00 21 09 08 02   ............!...
0020  01 00 11 00 08 04 00 00 00 00 00 00 00 00 00 00   ................
0030  00 00 00 00 49                                    ....I
USB Control (24 bytes):
0000  09 08 02 01 00 11 00 08 04 00 00 00 00 00 00 00   ................
0010  00 00 00 00 00 00 00 49                           .......I

Packet (53 bytes):
0000  1c 00 50 50 46 83 03 ad ff ff 00 00 00 00 1b 00   ..PPF...........
0010  00 01 00 01 00 00 02 19 00 00 00 00 21 09 08 02   ............!...
0020  01 00 11 00 08 03 00 00 00 00 00 00 00 00 00 00   ................
0030  00 00 00 00 4a                                    ....J
USB Control (24 bytes):
0000  09 08 02 01 00 11 00 08 03 00 00 00 00 00 00 00   ................
0010  00 00 00 00 00 00 00 4a                           .......J

Packet (53 bytes):
0000  1c 00 20 ea b5 85 03 ad ff ff 00 00 00 00 1b 00   .. .............
0010  00 01 00 01 00 00 02 19 00 00 00 00 21 09 08 02   ............!...
0020  01 00 11 00 08 07 00 00 0c 04 d1 d1 44 6f 00 00   ............Do..
0030  00 00 00 00 e1                                    .....
USB Control (24 bytes):
0000  09 08 02 01 00 11 00 08 07 00 00 0c 04 d1 d1 44   ...............D
0010  6f 00 00 00 00 00 00 e1                           o.......

Packet (53 bytes):
0000  1c 00 e0 c4 9e 85 03 ad ff ff 00 00 00 00 1b 00   ................
0010  00 01 00 01 00 00 02 19 00 00 00 00 21 09 08 02   ............!...
0020  01 00 11 00 08 03 00 00 00 00 00 00 00 00 00 00   ................
0030  00 00 00 00 4a                                    ....J
USB Control (24 bytes):
0000  09 08 02 01 00 11 00 08 03 00 00 00 00 00 00 00   ................
0010  00 00 00 00 00 00 00 4a                           .......J

Packet (53 bytes):
0000  1c 00 b0 c2 a1 85 03 ad ff ff 00 00 00 00 1b 00   ................
0010  00 01 00 01 00 00 02 19 00 00 00 00 21 09 08 02   ............!...
0020  01 00 11 00 08 07 00 00 0c 04 d2 d2 44 6d 00 00   ............Dm..
0030  00 00 00 00 e1                                    .....
USB Control (24 bytes):
0000  09 08 02 01 00 11 00 08 07 00 00 0c 04 d2 d2 44   ...............D
0010  6d 00 00 00 00 00 00 e1                           m.......

Packet (53 bytes):
0000  1c 00 b0 c2 a1 85 03 ad ff ff 00 00 00 00 1b 00   ................
0010  00 01 00 01 00 00 02 19 00 00 00 00 21 09 08 02   ............!...
0020  01 00 11 00 08 03 00 00 00 00 00 00 00 00 00 00   ................
0030  00 00 00 00 4a                                    ....J
USB Control (24 bytes):
0000  09 08 02 01 00 11 00 08 03 00 00 00 00 00 00 00   ................
0010  00 00 00 00 00 00 00 4a                           .......J

Packet (53 bytes):
0000  1c 00 20 0b 67 81 03 ad ff ff 00 00 00 00 1b 00   .. .g...........
0010  00 01 00 01 00 00 02 19 00 00 00 00 21 09 08 02   ............!...
0020  01 00 11 00 08 07 00 00 0c 04 d3 d3 44 6b 00 00   ............Dk..
0030  00 00 00 00 e1                                    .....
USB Control (24 bytes):
0000  09 08 02 01 00 11 00 08 07 00 00 0c 04 d3 d3 44   ...............D
0010  6b 00 00 00 00 00 00 e1                           k.......

Packet (53 bytes):
0000  1c 00 60 34 f7 80 03 ad ff ff 00 00 00 00 1b 00   ..`4............
0010  00 01 00 01 00 00 02 19 00 00 00 00 21 09 08 02   ............!...
0020  01 00 11 00 08 03 00 00 00 00 00 00 00 00 00 00   ................
0030  00 00 00 00 4a                                    ....J
USB Control (24 bytes):
0000  09 08 02 01 00 11 00 08 03 00 00 00 00 00 00 00   ................
0010  00 00 00 00 00 00 00 4a                           .......J

Packet (53 bytes):
0000  1c 00 10 e0 9e 85 03 ad ff ff 00 00 00 00 1b 00   ................
0010  00 01 00 01 00 00 02 19 00 00 00 00 21 09 08 02   ............!...
0020  01 00 11 00 08 07 00 00 0c 04 d4 d4 44 69 00 00   ............Di..
0030  00 00 00 00 e1                                    .....
USB Control (24 bytes):
0000  09 08 02 01 00 11 00 08 07 00 00 0c 04 d4 d4 44   ...............D
0010  69 00 00 00 00 00 00 e1                           i.......

Packet (53 bytes):
0000  1c 00 10 90 32 81 03 ad ff ff 00 00 00 00 1b 00   ....2...........
0010  00 01 00 01 00 00 02 19 00 00 00 00 21 09 08 02   ............!...
0020  01 00 11 00 08 03 00 00 00 00 00 00 00 00 00 00   ................
0030  00 00 00 00 4a                                    ....J
USB Control (24 bytes):
0000  09 08 02 01 00 11 00 08 03 00 00 00 00 00 00 00   ................
0010  00 00 00 00 00 00 00 4a                           .......J

Packet (53 bytes):
0000  1c 00 20 ea b5 85 03 ad ff ff 00 00 00 00 1b 00   .. .............
0010  00 01 00 01 00 00 02 19 00 00 00 00 21 09 08 02   ............!...
0020  01 00 11 00 08 07 00 00 0c 04 d5 d5 44 67 00 00   ............Dg..
0030  00 00 00 00 e1                                    .....
USB Control (24 bytes):
0000  09 08 02 01 00 11 00 08 07 00 00 0c 04 d5 d5 44   ...............D
0010  67 00 00 00 00 00 00 e1                           g.......

Packet (53 bytes):
0000  1c 00 10 10 9e 86 03 ad ff ff 00 00 00 00 1b 00   ................
0010  00 01 00 01 00 00 02 19 00 00 00 00 21 09 08 02   ............!...
0020  01 00 11 00 08 03 00 00 00 00 00 00 00 00 00 00   ................
0030  00 00 00 00 4a                                    ....J
USB Control (24 bytes):
0000  09 08 02 01 00 11 00 08 03 00 00 00 00 00 00 00   ................
0010  00 00 00 00 00 00 00 4a                           .......J

Packet (53 bytes):
0000  1c 00 20 ea b5 85 03 ad ff ff 00 00 00 00 1b 00   .. .............
0010  00 01 00 01 00 00 02 19 00 00 00 00 21 09 08 02   ............!...
0020  01 00 11 00 08 07 00 00 0c 04 d6 d6 44 65 00 00   ............De..
0030  00 00 00 00 e1                                    .....
USB Control (24 bytes):
0000  09 08 02 01 00 11 00 08 07 00 00 0c 04 d6 d6 44   ...............D
0010  65 00 00 00 00 00 00 e1                           e.......

Packet (53 bytes):
0000  1c 00 20 0b 67 81 03 ad ff ff 00 00 00 00 1b 00   .. .g...........
0010  00 01 00 01 00 00 02 19 00 00 00 00 21 09 08 02   ............!...
0020  01 00 11 00 08 03 00 00 00 00 00 00 00 00 00 00   ................
0030  00 00 00 00 4a                                    ....J
USB Control (24 bytes):
0000  09 08 02 01 00 11 00 08 03 00 00 00 00 00 00 00   ................
0010  00 00 00 00 00 00 00 4a                           .......J

Packet (53 bytes):
0000  1c 00 b0 c2 a1 85 03 ad ff ff 00 00 00 00 1b 00   ................
0010  00 01 00 01 00 00 02 19 00 00 00 00 21 09 08 02   ............!...
0020  01 00 11 00 08 07 00 00 0c 04 d7 d7 44 63 00 00   ............Dc..
0030  00 00 00 00 e1                                    .....
USB Control (24 bytes):
0000  09 08 02 01 00 11 00 08 07 00 00 0c 04 d7 d7 44   ...............D
0010  63 00 00 00 00 00 00 e1                           c.......

Packet (53 bytes):
0000  1c 00 b0 c2 a1 85 03 ad ff ff 00 00 00 00 1b 00   ................
0010  00 01 00 01 00 00 02 19 00 00 00 00 21 09 08 02   ............!...
0020  01 00 11 00 08 03 00 00 00 00 00 00 00 00 00 00   ................
0030  00 00 00 00 4a                                    ....J
USB Control (24 bytes):
0000  09 08 02 01 00 11 00 08 03 00 00 00 00 00 00 00   ................
0010  00 00 00 00 00 00 00 4a                           .......J

Packet (53 bytes):
0000  1c 00 20 0b 67 81 03 ad ff ff 00 00 00 00 1b 00   .. .g...........
0010  00 01 00 01 00 00 02 19 00 00 00 00 21 09 08 02   ............!...
0020  01 00 11 00 08 07 00 00 0c 04 d8 d8 44 61 00 00   ............Da..
0030  00 00 00 00 e1                                    .....
USB Control (24 bytes):
0000  09 08 02 01 00 11 00 08 07 00 00 0c 04 d8 d8 44   ...............D
0010  61 00 00 00 00 00 00 e1                           a.......

Packet (53 bytes):
0000  1c 00 20 0b 67 81 03 ad ff ff 00 00 00 00 1b 00   .. .g...........
0010  00 01 00 01 00 00 02 19 00 00 00 00 21 09 08 02   ............!...
0020  01 00 11 00 08 03 00 00 00 00 00 00 00 00 00 00   ................
0030  00 00 00 00 4a                                    ....J
USB Control (24 bytes):
0000  09 08 02 01 00 11 00 08 03 00 00 00 00 00 00 00   ................
0010  00 00 00 00 00 00 00 4a                           .......J

Packet (53 bytes):
0000  1c 00 20 ea b5 85 03 ad ff ff 00 00 00 00 1b 00   .. .............
0010  00 01 00 01 00 00 02 19 00 00 00 00 21 09 08 02   ............!...
0020  01 00 11 00 08 07 00 00 0c 04 d9 d9 44 5f 00 00   ............D_..
0030  00 00 00 00 e1                                    .....
USB Control (24 bytes):
0000  09 08 02 01 00 11 00 08 07 00 00 0c 04 d9 d9 44   ...............D
0010  5f 00 00 00 00 00 00 e1                           _.......

Packet (53 bytes):
0000  1c 00 20 0b 67 81 03 ad ff ff 00 00 00 00 1b 00   .. .g...........
0010  00 01 00 01 00 00 02 19 00 00 00 00 21 09 08 02   ............!...
0020  01 00 11 00 08 03 00 00 00 00 00 00 00 00 00 00   ................
0030  00 00 00 00 4a                                    ....J
USB Control (24 bytes):
0000  09 08 02 01 00 11 00 08 03 00 00 00 00 00 00 00   ................
0010  00 00 00 00 00 00 00 4a                           .......J

Packet (53 bytes):
0000  1c 00 20 ea b5 85 03 ad ff ff 00 00 00 00 1b 00   .. .............
0010  00 01 00 01 00 00 02 19 00 00 00 00 21 09 08 02   ............!...
0020  01 00 11 00 08 07 00 00 0c 04 da da 44 5d 00 00   ............D]..
0030  00 00 00 00 e1                                    .....
USB Control (24 bytes):
0000  09 08 02 01 00 11 00 08 07 00 00 0c 04 da da 44   ...............D
0010  5d 00 00 00 00 00 00 e1                           ].......

Packet (53 bytes):
0000  1c 00 10 d0 fd 85 03 ad ff ff 00 00 00 00 1b 00   ................
0010  00 01 00 01 00 00 02 19 00 00 00 00 21 09 08 02   ............!...
0020  01 00 11 00 08 03 00 00 00 00 00 00 00 00 00 00   ................
0030  00 00 00 00 4a                                    ....J
USB Control (24 bytes):
0000  09 08 02 01 00 11 00 08 03 00 00 00 00 00 00 00   ................
0010  00 00 00 00 00 00 00 4a                           .......J

Packet (53 bytes):
0000  1c 00 20 0b 67 81 03 ad ff ff 00 00 00 00 1b 00   .. .g...........
0010  00 01 00 01 00 00 02 19 00 00 00 00 21 09 08 02   ............!...
0020  01 00 11 00 08 03 00 00 00 00 00 00 00 00 00 00   ................
0030  00 00 00 00 4a                                    ....J
USB Control (24 bytes):
0000  09 08 02 01 00 11 00 08 03 00 00 00 00 00 00 00   ................
0010  00 00 00 00 00 00 00 4a                           .......J

Packet (53 bytes):
0000  1c 00 10 e0 9e 85 03 ad ff ff 00 00 00 00 1b 00   ................
0010  00 01 00 01 00 00 02 19 00 00 00 00 21 09 08 02   ............!...
0020  01 00 11 00 08 04 00 00 00 00 00 00 00 00 00 00   ................
0030  00 00 00 00 49                                    ....I
USB Control (24 bytes):
0000  09 08 02 01 00 11 00 08 04 00 00 00 00 00 00 00   ................
0010  00 00 00 00 00 00 00 49                           .......I

Packet (53 bytes):
0000  1c 00 20 0b 67 81 03 ad ff ff 00 00 00 00 1b 00   .. .g...........
0010  00 01 00 01 00 00 02 19 00 00 00 00 21 09 08 02   ............!...
0020  01 00 11 00 08 07 00 00 0c 04 db db 44 5b 00 00   ............D[..
0030  00 00 00 00 e1                                    .....
USB Control (24 bytes):
0000  09 08 02 01 00 11 00 08 07 00 00 0c 04 db db 44   ...............D
0010  5b 00 00 00 00 00 00 e1                           [.......

Packet (53 bytes):
0000  1c 00 e0 d4 9e 85 03 ad ff ff 00 00 00 00 1b 00   ................
0010  00 01 00 01 00 00 02 19 00 00 00 00 21 09 08 02   ............!...
0020  01 00 11 00 08 03 00 00 00 00 00 00 00 00 00 00   ................
0030  00 00 00 00 4a                                    ....J
USB Control (24 bytes):
0000  09 08 02 01 00 11 00 08 03 00 00 00 00 00 00 00   ................
0010  00 00 00 00 00 00 00 4a                           .......J

Packet (53 bytes):
0000  1c 00 20 ea b5 85 03 ad ff ff 00 00 00 00 1b 00   .. .............
0010  00 01 00 01 00 00 02 19 00 00 00 00 21 09 08 02   ............!...
0020  01 00 11 00 08 07 00 00 0c 04 dc dc 44 59 00 00   ............DY..
0030  00 00 00 00 e1                                    .....
USB Control (24 bytes):
0000  09 08 02 01 00 11 00 08 07 00 00 0c 04 dc dc 44   ...............D
0010  59 00 00 00 00 00 00 e1                           Y.......

Packet (53 bytes):
0000  1c 00 20 0b 67 81 03 ad ff ff 00 00 00 00 1b 00   .. .g...........
0010  00 01 00 01 00 00 02 19 00 00 00 00 21 09 08 02   ............!...
0020  01 00 11 00 08 03 00 00 00 00 00 00 00 00 00 00   ................
0030  00 00 00 00 4a                                    ....J
USB Control (24 bytes):
0000  09 08 02 01 00 11 00 08 03 00 00 00 00 00 00 00   ................
0010  00 00 00 00 00 00 00 4a                           .......J

Packet (53 bytes):
0000  1c 00 20 ea b5 85 03 ad ff ff 00 00 00 00 1b 00   .. .............
0010  00 01 00 01 00 00 02 19 00 00 00 00 21 09 08 02   ............!...
0020  01 00 11 00 08 07 00 00 0c 04 dd dd 44 57 00 00   ............DW..
0030  00 00 00 00 e1                                    .....
USB Control (24 bytes):
0000  09 08 02 01 00 11 00 08 07 00 00 0c 04 dd dd 44   ...............D
0010  57 00 00 00 00 00 00 e1                           W.......

Packet (53 bytes):
0000  1c 00 b0 c2 a1 85 03 ad ff ff 00 00 00 00 1b 00   ................
0010  00 01 00 01 00 00 02 19 00 00 00 00 21 09 08 02   ............!...
0020  01 00 11 00 08 03 00 00 00 00 00 00 00 00 00 00   ................
0030  00 00 00 00 4a                                    ....J
USB Control (24 bytes):
0000  09 08 02 01 00 11 00 08 03 00 00 00 00 00 00 00   ................
0010  00 00 00 00 00 00 00 4a                           .......J

Packet (53 bytes):
0000  1c 00 20 ea b5 85 03 ad ff ff 00 00 00 00 1b 00   .. .............
0010  00 01 00 01 00 00 02 19 00 00 00 00 21 09 08 02   ............!...
0020  01 00 11 00 08 07 00 00 0c 04 de de 44 55 00 00   ............DU..
0030  00 00 00 00 e1                                    .....
USB Control (24 bytes):
0000  09 08 02 01 00 11 00 08 07 00 00 0c 04 de de 44   ...............D
0010  55 00 00 00 00 00 00 e1                           U.......

Packet (53 bytes):
0000  1c 00 e0 d4 9e 85 03 ad ff ff 00 00 00 00 1b 00   ................
0010  00 01 00 01 00 00 02 19 00 00 00 00 21 09 08 02   ............!...
0020  01 00 11 00 08 03 00 00 00 00 00 00 00 00 00 00   ................
0030  00 00 00 00 4a                                    ....J
USB Control (24 bytes):
0000  09 08 02 01 00 11 00 08 03 00 00 00 00 00 00 00   ................
0010  00 00 00 00 00 00 00 4a                           .......J

Packet (53 bytes):
0000  1c 00 10 e0 9e 85 03 ad ff ff 00 00 00 00 1b 00   ................
0010  00 01 00 01 00 00 02 19 00 00 00 00 21 09 08 02   ............!...
0020  01 00 11 00 08 07 00 00 0c 04 df df 44 53 00 00   ............DS..
0030  00 00 00 00 e1                                    .....
USB Control (24 bytes):
0000  09 08 02 01 00 11 00 08 07 00 00 0c 04 df df 44   ...............D
0010  53 00 00 00 00 00 00 e1                           S.......

Packet (53 bytes):
0000  1c 00 10 e0 76 85 03 ad ff ff 00 00 00 00 1b 00   ....v...........
0010  00 01 00 01 00 00 02 19 00 00 00 00 21 09 08 02   ............!...
0020  01 00 11 00 08 03 00 00 00 00 00 00 00 00 00 00   ................
0030  00 00 00 00 4a                                    ....J
USB Control (24 bytes):
0000  09 08 02 01 00 11 00 08 03 00 00 00 00 00 00 00   ................
0010  00 00 00 00 00 00 00 4a                           .......J

Packet (53 bytes):
0000  1c 00 20 0b 67 81 03 ad ff ff 00 00 00 00 1b 00   .. .g...........
0010  00 01 00 01 00 00 02 19 00 00 00 00 21 09 08 02   ............!...
0020  01 00 11 00 08 07 00 00 0c 04 e0 e0 44 51 00 00   ............DQ..
0030  00 00 00 00 e1                                    .....
USB Control (24 bytes):
0000  09 08 02 01 00 11 00 08 07 00 00 0c 04 e0 e0 44   ...............D
0010  51 00 00 00 00 00 00 e1                           Q.......

Packet (53 bytes):
0000  1c 00 10 10 9e 86 03 ad ff ff 00 00 00 00 1b 00   ................
0010  00 01 00 01 00 00 02 19 00 00 00 00 21 09 08 02   ............!...
0020  01 00 11 00 08 03 00 00 00 00 00 00 00 00 00 00   ................
0030  00 00 00 00 4a                                    ....J
USB Control (24 bytes):
0000  09 08 02 01 00 11 00 08 03 00 00 00 00 00 00 00   ................
0010  00 00 00 00 00 00 00 4a                           .......J

Packet (53 bytes):
0000  1c 00 10 90 32 81 03 ad ff ff 00 00 00 00 1b 00   ....2...........
0010  00 01 00 01 00 00 02 19 00 00 00 00 21 09 08 02   ............!...
0020  01 00 11 00 08 07 00 00 0c 04 e1 e1 44 4f 00 00   ............DO..
0030  00 00 00 00 e1                                    .....
USB Control (24 bytes):
0000  09 08 02 01 00 11 00 08 07 00 00 0c 04 e1 e1 44   ...............D
0010  4f 00 00 00 00 00 00 e1                           O.......

Packet (53 bytes):
0000  1c 00 10 10 9e 86 03 ad ff ff 00 00 00 00 1b 00   ................
0010  00 01 00 01 00 00 02 19 00 00 00 00 21 09 08 02   ............!...
0020  01 00 11 00 08 03 00 00 00 00 00 00 00 00 00 00   ................
0030  00 00 00 00 4a                                    ....J
USB Control (24 bytes):
0000  09 08 02 01 00 11 00 08 03 00 00 00 00 00 00 00   ................
0010  00 00 00 00 00 00 00 4a                           .......J

Packet (53 bytes):
0000  1c 00 b0 c2 a1 85 03 ad ff ff 00 00 00 00 1b 00   ................
0010  00 01 00 01 00 00 02 19 00 00 00 00 21 09 08 02   ............!...
0020  01 00 11 00 08 07 00 00 0c 04 e2 e2 44 4d 00 00   ............DM..
0030  00 00 00 00 e1                                    .....
USB Control (24 bytes):
0000  09 08 02 01 00 11 00 08 07 00 00 0c 04 e2 e2 44   ...............D
0010  4d 00 00 00 00 00 00 e1                           M.......

Packet (53 bytes):
0000  1c 00 60 34 f7 80 03 ad ff ff 00 00 00 00 1b 00   ..`4............
0010  00 01 00 01 00 00 02 19 00 00 00 00 21 09 08 02   ............!...
0020  01 00 11 00 08 03 00 00 00 00 00 00 00 00 00 00   ................
0030  00 00 00 00 4a                                    ....J
USB Control (24 bytes):
0000  09 08 02 01 00 11 00 08 03 00 00 00 00 00 00 00   ................
0010  00 00 00 00 00 00 00 4a                           .......J

Packet (53 bytes):
0000  1c 00 10 10 9e 86 03 ad ff ff 00 00 00 00 1b 00   ................
0010  00 01 00 01 00 00 02 19 00 00 00 00 21 09 08 02   ............!...
0020  01 00 11 00 08 07 00 00 0c 04 e3 e3 44 4b 00 00   ............DK..
0030  00 00 00 00 e1                                    .....
USB Control (24 bytes):
0000  09 08 02 01 00 11 00 08 07 00 00 0c 04 e3 e3 44   ...............D
0010  4b 00 00 00 00 00 00 e1                           K.......

Packet (53 bytes):
0000  1c 00 60 34 f7 80 03 ad ff ff 00 00 00 00 1b 00   ..`4............
0010  00 01 00 01 00 00 02 19 00 00 00 00 21 09 08 02   ............!...
0020  01 00 11 00 08 03 00 00 00 00 00 00 00 00 00 00   ................
0030  00 00 00 00 4a                                    ....J
USB Control (24 bytes):
0000  09 08 02 01 00 11 00 08 03 00 00 00 00 00 00 00   ................
0010  00 00 00 00 00 00 00 4a                           .......J

Packet (53 bytes):
0000  1c 00 b0 c2 a1 85 03 ad ff ff 00 00 00 00 1b 00   ................
0010  00 01 00 01 00 00 02 19 00 00 00 00 21 09 08 02   ............!...
0020  01 00 11 00 08 07 00 00 0c 04 e4 e4 44 49 00 00   ............DI..
0030  00 00 00 00 e1                                    .....
USB Control (24 bytes):
0000  09 08 02 01 00 11 00 08 07 00 00 0c 04 e4 e4 44   ...............D
0010  49 00 00 00 00 00 00 e1                           I.......

Packet (53 bytes):
0000  1c 00 50 50 46 83 03 ad ff ff 00 00 00 00 1b 00   ..PPF...........
0010  00 01 00 01 00 00 02 19 00 00 00 00 21 09 08 02   ............!...
0020  01 00 11 00 08 03 00 00 00 00 00 00 00 00 00 00   ................
0030  00 00 00 00 4a                                    ....J
USB Control (24 bytes):
0000  09 08 02 01 00 11 00 08 03 00 00 00 00 00 00 00   ................
0010  00 00 00 00 00 00 00 4a                           .......J

Packet (53 bytes):
0000  1c 00 20 0b 67 81 03 ad ff ff 00 00 00 00 1b 00   .. .g...........
0010  00 01 00 01 00 00 02 19 00 00 00 00 21 09 08 02   ............!...
0020  01 00 11 00 08 07 00 00 0c 04 e5 e5 44 47 00 00   ............DG..
0030  00 00 00 00 e1                                    .....
USB Control (24 bytes):
0000  09 08 02 01 00 11 00 08 07 00 00 0c 04 e5 e5 44   ...............D
0010  47 00 00 00 00 00 00 e1                           G.......

Packet (53 bytes):
0000  1c 00 20 ea b5 85 03 ad ff ff 00 00 00 00 1b 00   .. .............
0010  00 01 00 01 00 00 02 19 00 00 00 00 21 09 08 02   ............!...
0020  01 00 11 00 08 03 00 00 00 00 00 00 00 00 00 00   ................
0030  00 00 00 00 4a                                    ....J
USB Control (24 bytes):
0000  09 08 02 01 00 11 00 08 03 00 00 00 00 00 00 00   ................
0010  00 00 00 00 00 00 00 4a                           .......J

Packet (53 bytes):
0000  1c 00 b0 c2 a1 85 03 ad ff ff 00 00 00 00 1b 00   ................
0010  00 01 00 01 00 00 02 19 00 00 00 00 21 09 08 02   ............!...
0020  01 00 11 00 08 03 00 00 00 00 00 00 00 00 00 00   ................
0030  00 00 00 00 4a                                    ....J
USB Control (24 bytes):
0000  09 08 02 01 00 11 00 08 03 00 00 00 00 00 00 00   ................
0010  00 00 00 00 00 00 00 4a                           .......J

Packet (53 bytes):
0000  1c 00 10 90 32 81 03 ad ff ff 00 00 00 00 1b 00   ....2...........
0010  00 01 00 01 00 00 02 19 00 00 00 00 21 09 08 02   ............!...
0020  01 00 11 00 08 04 00 00 00 00 00 00 00 00 00 00   ................
0030  00 00 00 00 49                                    ....I
USB Control (24 bytes):
0000  09 08 02 01 00 11 00 08 04 00 00 00 00 00 00 00   ................
0010  00 00 00 00 00 00 00 49                           .......I

Packet (53 bytes):
0000  1c 00 10 90 32 81 03 ad ff ff 00 00 00 00 1b 00   ....2...........
0010  00 01 00 01 00 00 02 19 00 00 00 00 21 09 08 02   ............!...
0020  01 00 11 00 08 07 00 00 0c 04 e6 e6 44 45 00 00   ............DE..
0030  00 00 00 00 e1                                    .....
USB Control (24 bytes):
0000  09 08 02 01 00 11 00 08 07 00 00 0c 04 e6 e6 44   ...............D
0010  45 00 00 00 00 00 00 e1                           E.......

Packet (53 bytes):
0000  1c 00 10 e0 76 85 03 ad ff ff 00 00 00 00 1b 00   ....v...........
0010  00 01 00 01 00 00 02 19 00 00 00 00 21 09 08 02   ............!...
0020  01 00 11 00 08 03 00 00 00 00 00 00 00 00 00 00   ................
0030  00 00 00 00 4a                                    ....J
USB Control (24 bytes):
0000  09 08 02 01 00 11 00 08 03 00 00 00 00 00 00 00   ................
0010  00 00 00 00 00 00 00 4a                           .......J

Packet (53 bytes):
0000  1c 00 20 ea b5 85 03 ad ff ff 00 00 00 00 1b 00   .. .............
0010  00 01 00 01 00 00 02 19 00 00 00 00 21 09 08 02   ............!...
0020  01 00 11 00 08 07 00 00 0c 04 e7 e7 44 43 00 00   ............DC..
0030  00 00 00 00 e1                                    .....
USB Control (24 bytes):
0000  09 08 02 01 00 11 00 08 07 00 00 0c 04 e7 e7 44   ...............D
0010  43 00 00 00 00 00 00 e1                           C.......

Packet (53 bytes):
0000  1c 00 b0 c2 a1 85 03 ad ff ff 00 00 00 00 1b 00   ................
0010  00 01 00 01 00 00 02 19 00 00 00 00 21 09 08 02   ............!...
0020  01 00 11 00 08 03 00 00 00 00 00 00 00 00 00 00   ................
0030  00 00 00 00 4a                                    ....J
USB Control (24 bytes):
0000  09 08 02 01 00 11 00 08 03 00 00 00 00 00 00 00   ................
0010  00 00 00 00 00 00 00 4a                           .......J

Packet (53 bytes):
0000  1c 00 20 ea b5 85 03 ad ff ff 00 00 00 00 1b 00   .. .............
0010  00 01 00 01 00 00 02 19 00 00 00 00 21 09 08 02   ............!...
0020  01 00 11 00 08 07 00 00 0c 04 e8 e8 44 41 00 00   ............DA..
0030  00 00 00 00 e1                                    .....
USB Control (24 bytes):
0000  09 08 02 01 00 11 00 08 07 00 00 0c 04 e8 e8 44   ...............D
0010  41 00 00 00 00 00 00 e1                           A.......

Packet (53 bytes):
0000  1c 00 10 90 32 81 03 ad ff ff 00 00 00 00 1b 00   ....2...........
0010  00 01 00 01 00 00 02 19 00 00 00 00 21 09 08 02   ............!...
0020  01 00 11 00 08 03 00 00 00 00 00 00 00 00 00 00   ................
0030  00 00 00 00 4a                                    ....J
USB Control (24 bytes):
0000  09 08 02 01 00 11 00 08 03 00 00 00 00 00 00 00   ................
0010  00 00 00 00 00 00 00 4a                           .......J

Packet (53 bytes):
0000  1c 00 b0 c2 a1 85 03 ad ff ff 00 00 00 00 1b 00   ................
0010  00 01 00 01 00 00 02 19 00 00 00 00 21 09 08 02   ............!...
0020  01 00 11 00 08 07 00 00 0c 04 e9 e9 44 3f 00 00   ............D?..
0030  00 00 00 00 e1                                    .....
USB Control (24 bytes):
0000  09 08 02 01 00 11 00 08 07 00 00 0c 04 e9 e9 44   ...............D
0010  3f 00 00 00 00 00 00 e1                           ?.......

Packet (53 bytes):
0000  1c 00 e0 d4 9e 85 03 ad ff ff 00 00 00 00 1b 00   ................
0010  00 01 00 01 00 00 02 19 00 00 00 00 21 09 08 02   ............!...
0020  01 00 11 00 08 03 00 00 00 00 00 00 00 00 00 00   ................
0030  00 00 00 00 4a                                    ....J
USB Control (24 bytes):
0000  09 08 02 01 00 11 00 08 03 00 00 00 00 00 00 00   ................
0010  00 00 00 00 00 00 00 4a                           .......J

Packet (53 bytes):
0000  1c 00 20 ea b5 85 03 ad ff ff 00 00 00 00 1b 00   .. .............
0010  00 01 00 01 00 00 02 19 00 00 00 00 21 09 08 02   ............!...
0020  01 00 11 00 08 07 00 00 0c 04 ea ea 44 3d 00 00   ............D=..
0030  00 00 00 00 e1                                    .....
USB Control (24 bytes):
0000  09 08 02 01 00 11 00 08 07 00 00 0c 04 ea ea 44   ...............D
0010  3d 00 00 00 00 00 00 e1                           =.......

Packet (53 bytes):
0000  1c 00 b0 c2 a1 85 03 ad ff ff 00 00 00 00 1b 00   ................
0010  00 01 00 01 00 00 02 19 00 00 00 00 21 09 08 02   ............!...
0020  01 00 11 00 08 03 00 00 00 00 00 00 00 00 00 00   ................
0030  00 00 00 00 4a                                    ....J
USB Control (24 bytes):
0000  09 08 02 01 00 11 00 08 03 00 00 00 00 00 00 00   ................
0010  00 00 00 00 00 00 00 4a                           .......J

Packet (53 bytes):
0000  1c 00 10 20 23 7f 03 ad ff ff 00 00 00 00 1b 00   ... #...........
0010  00 01 00 01 00 00 02 19 00 00 00 00 21 09 08 02   ............!...
0020  01 00 11 00 08 07 00 00 0c 04 eb eb 44 3b 00 00   ............D;..
0030  00 00 00 00 e1                                    .....
USB Control (24 bytes):
0000  09 08 02 01 00 11 00 08 07 00 00 0c 04 eb eb 44   ...............D
0010  3b 00 00 00 00 00 00 e1                           ;.......

Packet (53 bytes):
0000  1c 00 50 50 46 83 03 ad ff ff 00 00 00 00 1b 00   ..PPF...........
0010  00 01 00 01 00 00 02 19 00 00 00 00 21 09 08 02   ............!...
0020  01 00 11 00 08 03 00 00 00 00 00 00 00 00 00 00   ................
0030  00 00 00 00 4a                                    ....J
USB Control (24 bytes):
0000  09 08 02 01 00 11 00 08 03 00 00 00 00 00 00 00   ................
0010  00 00 00 00 00 00 00 4a                           .......J

Packet (53 bytes):
0000  1c 00 20 ea b5 85 03 ad ff ff 00 00 00 00 1b 00   .. .............
0010  00 01 00 01 00 00 02 19 00 00 00 00 21 09 08 02   ............!...
0020  01 00 11 00 08 07 00 00 0c 04 ec ec 44 39 00 00   ............D9..
0030  00 00 00 00 e1                                    .....
USB Control (24 bytes):
0000  09 08 02 01 00 11 00 08 07 00 00 0c 04 ec ec 44   ...............D
0010  39 00 00 00 00 00 00 e1                           9.......

Packet (53 bytes):
0000  1c 00 e0 d4 9e 85 03 ad ff ff 00 00 00 00 1b 00   ................
0010  00 01 00 01 00 00 02 19 00 00 00 00 21 09 08 02   ............!...
0020  01 00 11 00 08 03 00 00 00 00 00 00 00 00 00 00   ................
0030  00 00 00 00 4a                                    ....J
USB Control (24 bytes):
0000  09 08 02 01 00 11 00 08 03 00 00 00 00 00 00 00   ................
0010  00 00 00 00 00 00 00 4a                           .......J

Packet (53 bytes):
0000  1c 00 20 0b 67 81 03 ad ff ff 00 00 00 00 1b 00   .. .g...........
0010  00 01 00 01 00 00 02 19 00 00 00 00 21 09 08 02   ............!...
0020  01 00 11 00 08 07 00 00 0c 04 ed ed 44 37 00 00   ............D7..
0030  00 00 00 00 e1                                    .....
USB Control (24 bytes):
0000  09 08 02 01 00 11 00 08 07 00 00 0c 04 ed ed 44   ...............D
0010  37 00 00 00 00 00 00 e1                           7.......

Packet (53 bytes):
0000  1c 00 b0 c2 a1 85 03 ad ff ff 00 00 00 00 1b 00   ................
0010  00 01 00 01 00 00 02 19 00 00 00 00 21 09 08 02   ............!...
0020  01 00 11 00 08 03 00 00 00 00 00 00 00 00 00 00   ................
0030  00 00 00 00 4a                                    ....J
USB Control (24 bytes):
0000  09 08 02 01 00 11 00 08 03 00 00 00 00 00 00 00   ................
0010  00 00 00 00 00 00 00 4a                           .......J

Packet (53 bytes):
0000  1c 00 10 20 23 7f 03 ad ff ff 00 00 00 00 1b 00   ... #...........
0010  00 01 00 01 00 00 02 19 00 00 00 00 21 09 08 02   ............!...
0020  01 00 11 00 08 07 00 00 0c 04 ee ee 44 35 00 00   ............D5..
0030  00 00 00 00 e1                                    .....
USB Control (24 bytes):
0000  09 08 02 01 00 11 00 08 07 00 00 0c 04 ee ee 44   ...............D
0010  35 00 00 00 00 00 00 e1                           5.......

Packet (53 bytes):
0000  1c 00 50 50 46 83 03 ad ff ff 00 00 00 00 1b 00   ..PPF...........
0010  00 01 00 01 00 00 02 19 00 00 00 00 21 09 08 02   ............!...
0020  01 00 11 00 08 03 00 00 00 00 00 00 00 00 00 00   ................
0030  00 00 00 00 4a                                    ....J
USB Control (24 bytes):
0000  09 08 02 01 00 11 00 08 03 00 00 00 00 00 00 00   ................
0010  00 00 00 00 00 00 00 4a                           .......J

Packet (53 bytes):
0000  1c 00 20 0b 67 81 03 ad ff ff 00 00 00 00 1b 00   .. .g...........
0010  00 01 00 01 00 00 02 19 00 00 00 00 21 09 08 02   ............!...
0020  01 00 11 00 08 07 00 00 0c 04 ef ef 44 33 00 00   ............D3..
0030  00 00 00 00 e1                                    .....
USB Control (24 bytes):
0000  09 08 02 01 00 11 00 08 07 00 00 0c 04 ef ef 44   ...............D
0010  33 00 00 00 00 00 00 e1                           3.......

Packet (53 bytes):
0000  1c 00 a0 18 b9 7e 03 ad ff ff 00 00 00 00 1b 00   .....~..........
0010  00 01 00 01 00 00 02 19 00 00 00 00 21 09 08 02   ............!...
0020  01 00 11 00 08 03 00 00 00 00 00 00 00 00 00 00   ................
0030  00 00 00 00 4a                                    ....J
USB Control (24 bytes):
0000  09 08 02 01 00 11 00 08 03 00 00 00 00 00 00 00   ................
0010  00 00 00 00 00 00 00 4a                           .......J

Packet (53 bytes):
0000  1c 00 20 ea b5 85 03 ad ff ff 00 00 00 00 1b 00   .. .............
0010  00 01 00 01 00 00 02 19 00 00 00 00 21 09 08 02   ............!...
0020  01 00 11 00 08 07 00 00 0c 04 f0 f0 44 31 00 00   ............D1..
0030  00 00 00 00 e1                                    .....
USB Control (24 bytes):
0000  09 08 02 01 00 11 00 08 07 00 00 0c 04 f0 f0 44   ...............D
0010  31 00 00 00 00 00 00 e1                           1.......

Packet (53 bytes):
0000  1c 00 10 10 9e 86 03 ad ff ff 00 00 00 00 1b 00   ................
0010  00 01 00 01 00 00 02 19 00 00 00 00 21 09 08 02   ............!...
0020  01 00 11 00 08 03 00 00 00 00 00 00 00 00 00 00   ................
0030  00 00 00 00 4a                                    ....J
USB Control (24 bytes):
0000  09 08 02 01 00 11 00 08 03 00 00 00 00 00 00 00   ................
0010  00 00 00 00 00 00 00 4a                           .......J

Packet (53 bytes):
0000  1c 00 10 90 32 81 03 ad ff ff 00 00 00 00 1b 00   ....2...........
0010  00 01 00 01 00 00 02 19 00 00 00 00 21 09 08 02   ............!...
0020  01 00 11 00 08 07 00 00 0c 04 f1 f1 44 2f 00 00   ............D/..
0030  00 00 00 00 e1                                    .....
USB Control (24 bytes):
0000  09 08 02 01 00 11 00 08 07 00 00 0c 04 f1 f1 44   ...............D
0010  2f 00 00 00 00 00 00 e1                           /.......

Packet (53 bytes):
0000  1c 00 20 0b 67 81 03 ad ff ff 00 00 00 00 1b 00   .. .g...........
0010  00 01 00 01 00 00 02 19 00 00 00 00 21 09 08 02   ............!...
0020  01 00 11 00 08 03 00 00 00 00 00 00 00 00 00 00   ................
0030  00 00 00 00 4a                                    ....J
USB Control (24 bytes):
0000  09 08 02 01 00 11 00 08 03 00 00 00 00 00 00 00   ................
0010  00 00 00 00 00 00 00 4a                           .......J

Packet (53 bytes):
0000  1c 00 60 34 f7 80 03 ad ff ff 00 00 00 00 1b 00   ..`4............
0010  00 01 00 01 00 00 02 19 00 00 00 00 21 09 08 02   ............!...
0020  01 00 11 00 08 04 00 00 00 00 00 00 00 00 00 00   ................
0030  00 00 00 00 49                                    ....I
USB Control (24 bytes):
0000  09 08 02 01 00 11 00 08 04 00 00 00 00 00 00 00   ................
0010  00 00 00 00 00 00 00 49                           .......I

Packet (53 bytes):
0000  1c 00 10 90 32 81 03 ad ff ff 00 00 00 00 1b 00   ....2...........
0010  00 01 00 01 00 00 02 19 00 00 00 00 21 09 08 02   ............!...
0020  01 00 11 00 08 03 00 00 00 00 00 00 00 00 00 00   ................
0030  00 00 00 00 4a                                    ....J
USB Control (24 bytes):
0000  09 08 02 01 00 11 00 08 03 00 00 00 00 00 00 00   ................
0010  00 00 00 00 00 00 00 4a                           .......J

Packet (53 bytes):
0000  1c 00 20 0b 67 81 03 ad ff ff 00 00 00 00 1b 00   .. .g...........
0010  00 01 00 01 00 00 02 19 00 00 00 00 21 09 08 02   ............!...
0020  01 00 11 00 08 07 00 00 0c 04 f2 f2 44 2d 00 00   ............D-..
0030  00 00 00 00 e1                                    .....
USB Control (24 bytes):
0000  09 08 02 01 00 11 00 08 07 00 00 0c 04 f2 f2 44   ...............D
0010  2d 00 00 00 00 00 00 e1                           -.......

Packet (53 bytes):
0000  1c 00 b0 d9 9e 85 03 ad ff ff 00 00 00 00 1b 00   ................
0010  00 01 00 01 00 00 02 19 00 00 00 00 21 09 08 02   ............!...
0020  01 00 11 00 08 03 00 00 00 00 00 00 00 00 00 00   ................
0030  00 00 00 00 4a                                    ....J
USB Control (24 bytes):
0000  09 08 02 01 00 11 00 08 03 00 00 00 00 00 00 00   ................
0010  00 00 00 00 00 00 00 4a                           .......J

Packet (53 bytes):
0000  1c 00 20 ea b5 85 03 ad ff ff 00 00 00 00 1b 00   .. .............
0010  00 01 00 01 00 00 02 19 00 00 00 00 21 09 08 02   ............!...
0020  01 00 11 00 08 07 00 00 0c 04 f3 f3 44 2b 00 00   ............D+..
0030  00 00 00 00 e1                                    .....
USB Control (24 bytes):
0000  09 08 02 01 00 11 00 08 07 00 00 0c 04 f3 f3 44   ...............D
0010  2b 00 00 00 00 00 00 e1                           +.......

Packet (53 bytes):
0000  1c 00 20 0b 67 81 03 ad ff ff 00 00 00 00 1b 00   .. .g...........
0010  00 01 00 01 00 00 02 19 00 00 00 00 21 09 08 02   ............!...
0020  01 00 11 00 08 03 00 00 00 00 00 00 00 00 00 00   ................
0030  00 00 00 00 4a                                    ....J
USB Control (24 bytes):
0000  09 08 02 01 00 11 00 08 03 00 00 00 00 00 00 00   ................
0010  00 00 00 00 00 00 00 4a                           .......J

Packet (53 bytes):
0000  1c 00 20 ea b5 85 03 ad ff ff 00 00 00 00 1b 00   .. .............
0010  00 01 00 01 00 00 02 19 00 00 00 00 21 09 08 02   ............!...
0020  01 00 11 00 08 07 00 00 0c 04 f4 f4 44 29 00 00   ............D)..
0030  00 00 00 00 e1                                    .....
USB Control (24 bytes):
0000  09 08 02 01 00 11 00 08 07 00 00 0c 04 f4 f4 44   ...............D
0010  29 00 00 00 00 00 00 e1                           ).......

Packet (53 bytes):
0000  1c 00 20 0b 67 81 03 ad ff ff 00 00 00 00 1b 00   .. .g...........
0010  00 01 00 01 00 00 02 19 00 00 00 00 21 09 08 02   ............!...
0020  01 00 11 00 08 03 00 00 00 00 00 00 00 00 00 00   ................
0030  00 00 00 00 4a                                    ....J
USB Control (24 bytes):
0000  09 08 02 01 00 11 00 08 03 00 00 00 00 00 00 00   ................
0010  00 00 00 00 00 00 00 4a                           .......J

Packet (53 bytes):
0000  1c 00 20 ea b5 85 03 ad ff ff 00 00 00 00 1b 00   .. .............
0010  00 01 00 01 00 00 02 19 00 00 00 00 21 09 08 02   ............!...
0020  01 00 11 00 08 07 00 00 0c 04 f5 f5 44 27 00 00   ............D'..
0030  00 00 00 00 e1                                    .....
USB Control (24 bytes):
0000  09 08 02 01 00 11 00 08 07 00 00 0c 04 f5 f5 44   ...............D
0010  27 00 00 00 00 00 00 e1                           '.......

Packet (53 bytes):
0000  1c 00 10 90 32 81 03 ad ff ff 00 00 00 00 1b 00   ....2...........
0010  00 01 00 01 00 00 02 19 00 00 00 00 21 09 08 02   ............!...
0020  01 00 11 00 08 03 00 00 00 00 00 00 00 00 00 00   ................
0030  00 00 00 00 4a                                    ....J
USB Control (24 bytes):
0000  09 08 02 01 00 11 00 08 03 00 00 00 00 00 00 00   ................
0010  00 00 00 00 00 00 00 4a                           .......J

Packet (53 bytes):
0000  1c 00 20 ea b5 85 03 ad ff ff 00 00 00 00 1b 00   .. .............
0010  00 01 00 01 00 00 02 19 00 00 00 00 21 09 08 02   ............!...
0020  01 00 11 00 08 07 00 00 0c 04 f6 f6 44 25 00 00   ............D%..
0030  00 00 00 00 e1                                    .....
USB Control (24 bytes):
0000  09 08 02 01 00 11 00 08 07 00 00 0c 04 f6 f6 44   ...............D
0010  25 00 00 00 00 00 00 e1                           %.......

Packet (53 bytes):
0000  1c 00 10 e0 76 85 03 ad ff ff 00 00 00 00 1b 00   ....v...........
0010  00 01 00 01 00 00 02 19 00 00 00 00 21 09 08 02   ............!...
0020  01 00 11 00 08 03 00 00 00 00 00 00 00 00 00 00   ................
0030  00 00 00 00 4a                                    ....J
USB Control (24 bytes):
0000  09 08 02 01 00 11 00 08 03 00 00 00 00 00 00 00   ................
0010  00 00 00 00 00 00 00 4a                           .......J

Packet (53 bytes):
0000  1c 00 10 20 23 7f 03 ad ff ff 00 00 00 00 1b 00   ... #...........
0010  00 01 00 01 00 00 02 19 00 00 00 00 21 09 08 02   ............!...
0020  01 00 11 00 08 07 00 00 0c 04 f7 f7 44 23 00 00   ............D#..
0030  00 00 00 00 e1                                    .....
USB Control (24 bytes):
0000  09 08 02 01 00 11 00 08 07 00 00 0c 04 f7 f7 44   ...............D
0010  23 00 00 00 00 00 00 e1                           #.......

Packet (53 bytes):
0000  1c 00 e0 c4 9e 85 03 ad ff ff 00 00 00 00 1b 00   ................
0010  00 01 00 01 00 00 02 19 00 00 00 00 21 09 08 02   ............!...
0020  01 00 11 00 08 03 00 00 00 00 00 00 00 00 00 00   ................
0030  00 00 00 00 4a                                    ....J
USB Control (24 bytes):
0000  09 08 02 01 00 11 00 08 03 00 00 00 00 00 00 00   ................
0010  00 00 00 00 00 00 00 4a                           .......J

Packet (53 bytes):
0000  1c 00 10 e0 76 85 03 ad ff ff 00 00 00 00 1b 00   ....v...........
0010  00 01 00 01 00 00 02 19 00 00 00 00 21 09 08 02   ............!...
0020  01 00 11 00 08 07 00 00 0c 04 f8 f8 44 21 00 00   ............D!..
0030  00 00 00 00 e1                                    .....
USB Control (24 bytes):
0000  09 08 02 01 00 11 00 08 07 00 00 0c 04 f8 f8 44   ...............D
0010  21 00 00 00 00 00 00 e1                           !.......

Packet (53 bytes):
0000  1c 00 10 20 23 7f 03 ad ff ff 00 00 00 00 1b 00   ... #...........
0010  00 01 00 01 00 00 02 19 00 00 00 00 21 09 08 02   ............!...
0020  01 00 11 00 08 03 00 00 00 00 00 00 00 00 00 00   ................
0030  00 00 00 00 4a                                    ....J
USB Control (24 bytes):
0000  09 08 02 01 00 11 00 08 03 00 00 00 00 00 00 00   ................
0010  00 00 00 00 00 00 00 4a                           .......J

Packet (53 bytes):
0000  1c 00 10 10 9e 86 03 ad ff ff 00 00 00 00 1b 00   ................
0010  00 01 00 01 00 00 02 19 00 00 00 00 21 09 08 02   ............!...
0020  01 00 11 00 08 07 00 00 0c 04 f9 f9 44 1f 00 00   ............D...
0030  00 00 00 00 e1                                    .....
USB Control (24 bytes):
0000  09 08 02 01 00 11 00 08 07 00 00 0c 04 f9 f9 44   ...............D
0010  1f 00 00 00 00 00 00 e1                           ........

Packet (53 bytes):
0000  1c 00 b0 d9 9e 85 03 ad ff ff 00 00 00 00 1b 00   ................
0010  00 01 00 01 00 00 02 19 00 00 00 00 21 09 08 02   ............!...
0020  01 00 11 00 08 03 00 00 00 00 00 00 00 00 00 00   ................
0030  00 00 00 00 4a                                    ....J
USB Control (24 bytes):
0000  09 08 02 01 00 11 00 08 03 00 00 00 00 00 00 00   ................
0010  00 00 00 00 00 00 00 4a                           .......J

Packet (53 bytes):
0000  1c 00 20 0b 67 81 03 ad ff ff 00 00 00 00 1b 00   .. .g...........
0010  00 01 00 01 00 00 02 19 00 00 00 00 21 09 08 02   ............!...
0020  01 00 11 00 08 07 00 00 0c 04 fa fa 44 1d 00 00   ............D...
0030  00 00 00 00 e1                                    .....
USB Control (24 bytes):
0000  09 08 02 01 00 11 00 08 07 00 00 0c 04 fa fa 44   ...............D
0010  1d 00 00 00 00 00 00 e1                           ........

Packet (53 bytes):
0000  1c 00 10 20 23 7f 03 ad ff ff 00 00 00 00 1b 00   ... #...........
0010  00 01 00 01 00 00 02 19 00 00 00 00 21 09 08 02   ............!...
0020  01 00 11 00 08 03 00 00 00 00 00 00 00 00 00 00   ................
0030  00 00 00 00 4a                                    ....J
USB Control (24 bytes):
0000  09 08 02 01 00 11 00 08 03 00 00 00 00 00 00 00   ................
0010  00 00 00 00 00 00 00 4a                           .......J

Packet (53 bytes):
0000  1c 00 20 ea b5 85 03 ad ff ff 00 00 00 00 1b 00   .. .............
0010  00 01 00 01 00 00 02 19 00 00 00 00 21 09 08 02   ............!...
0020  01 00 11 00 08 07 00 00 0c 04 fb fb 44 1b 00 00   ............D...
0030  00 00 00 00 e1                                    .....
USB Control (24 bytes):
0000  09 08 02 01 00 11 00 08 07 00 00 0c 04 fb fb 44   ...............D
0010  1b 00 00 00 00 00 00 e1                           ........

Packet (53 bytes):
0000  1c 00 20 ea b5 85 03 ad ff ff 00 00 00 00 1b 00   .. .............
0010  00 01 00 01 00 00 02 19 00 00 00 00 21 09 08 02   ............!...
0020  01 00 11 00 08 03 00 00 00 00 00 00 00 00 00 00   ................
0030  00 00 00 00 4a                                    ....J
USB Control (24 bytes):
0000  09 08 02 01 00 11 00 08 03 00 00 00 00 00 00 00   ................
0010  00 00 00 00 00 00 00 4a                           .......J

Packet (53 bytes):
0000  1c 00 20 0b 67 81 03 ad ff ff 00 00 00 00 1b 00   .. .g...........
0010  00 01 00 01 00 00 02 19 00 00 00 00 21 09 08 02   ............!...
0020  01 00 11 00 08 07 00 00 0c 04 fc fc 44 19 00 00   ............D...
0030  00 00 00 00 e1                                    .....
USB Control (24 bytes):
0000  09 08 02 01 00 11 00 08 07 00 00 0c 04 fc fc 44   ...............D
0010  19 00 00 00 00 00 00 e1                           ........

Packet (53 bytes):
0000  1c 00 20 ea b5 85 03 ad ff ff 00 00 00 00 1b 00   .. .............
0010  00 01 00 01 00 00 02 19 00 00 00 00 21 09 08 02   ............!...
0020  01 00 11 00 08 03 00 00 00 00 00 00 00 00 00 00   ................
0030  00 00 00 00 4a                                    ....J
USB Control (24 bytes):
0000  09 08 02 01 00 11 00 08 03 00 00 00 00 00 00 00   ................
0010  00 00 00 00 00 00 00 4a                           .......J

Packet (53 bytes):
0000  1c 00 b0 d9 9e 85 03 ad ff ff 00 00 00 00 1b 00   ................
0010  00 01 00 01 00 00 02 19 00 00 00 00 21 09 08 02   ............!...
0020  01 00 11 00 08 04 00 00 00 00 00 00 00 00 00 00   ................
0030  00 00 00 00 49                                    ....I
USB Control (24 bytes):
0000  09 08 02 01 00 11 00 08 04 00 00 00 00 00 00 00   ................
0010  00 00 00 00 00 00 00 49                           .......I

Packet (53 bytes):
0000  1c 00 20 0b 67 81 03 ad ff ff 00 00 00 00 1b 00   .. .g...........
0010  00 01 00 01 00 00 02 19 00 00 00 00 21 09 08 02   ............!...
0020  01 00 11 00 08 03 00 00 00 00 00 00 00 00 00 00   ................
0030  00 00 00 00 4a                                    ....J
USB Control (24 bytes):
0000  09 08 02 01 00 11 00 08 03 00 00 00 00 00 00 00   ................
0010  00 00 00 00 00 00 00 4a                           .......J

Packet (53 bytes):
0000  1c 00 20 ea b5 85 03 ad ff ff 00 00 00 00 1b 00   .. .............
0010  00 01 00 01 00 00 02 19 00 00 00 00 21 09 08 02   ............!...
0020  01 00 11 00 08 07 00 00 0c 04 fd fd 44 17 00 00   ............D...
0030  00 00 00 00 e1                                    .....
USB Control (24 bytes):
0000  09 08 02 01 00 11 00 08 07 00 00 0c 04 fd fd 44   ...............D
0010  17 00 00 00 00 00 00 e1                           ........

Packet (53 bytes):
0000  1c 00 10 90 32 81 03 ad ff ff 00 00 00 00 1b 00   ....2...........
0010  00 01 00 01 00 00 02 19 00 00 00 00 21 09 08 02   ............!...
0020  01 00 11 00 08 03 00 00 00 00 00 00 00 00 00 00   ................
0030  00 00 00 00 4a                                    ....J
USB Control (24 bytes):
0000  09 08 02 01 00 11 00 08 03 00 00 00 00 00 00 00   ................
0010  00 00 00 00 00 00 00 4a                           .......J

Packet (53 bytes):
0000  1c 00 20 ea b5 85 03 ad ff ff 00 00 00 00 1b 00   .. .............
0010  00 01 00 01 00 00 02 19 00 00 00 00 21 09 08 02   ............!...
0020  01 00 11 00 08 07 00 00 0c 04 fe fe 44 15 00 00   ............D...
0030  00 00 00 00 e1                                    .....
USB Control (24 bytes):
0000  09 08 02 01 00 11 00 08 07 00 00 0c 04 fe fe 44   ...............D
0010  15 00 00 00 00 00 00 e1                           ........

Packet (53 bytes):
0000  1c 00 e0 d4 9e 85 03 ad ff ff 00 00 00 00 1b 00   ................
0010  00 01 00 01 00 00 02 19 00 00 00 00 21 09 08 02   ............!...
0020  01 00 11 00 08 03 00 00 00 00 00 00 00 00 00 00   ................
0030  00 00 00 00 4a                                    ....J
USB Control (24 bytes):
0000  09 08 02 01 00 11 00 08 03 00 00 00 00 00 00 00   ................
0010  00 00 00 00 00 00 00 4a                           .......J

Packet (53 bytes):
0000  1c 00 20 0b 67 81 03 ad ff ff 00 00 00 00 1b 00   .. .g...........
0010  00 01 00 01 00 00 02 19 00 00 00 00 21 09 08 02   ............!...
0020  01 00 11 00 08 07 00 00 0c 04 ff ff 44 13 00 00   ............D...
0030  00 00 00 00 e1                                    .....
USB Control (24 bytes):
0000  09 08 02 01 00 11 00 08 07 00 00 0c 04 ff ff 44   ...............D
0010  13 00 00 00 00 00 00 e1                           ........

Packet (53 bytes):
0000  1c 00 60 34 f7 80 03 ad ff ff 00 00 00 00 1b 00   ..`4............
0010  00 01 00 01 00 00 02 19 00 00 00 00 21 09 08 02   ............!...
0020  01 00 11 00 08 03 00 00 00 00 00 00 00 00 00 00   ................
0030  00 00 00 00 4a                                    ....J
USB Control (24 bytes):
0000  09 08 02 01 00 11 00 08 03 00 00 00 00 00 00 00   ................
0010  00 00 00 00 00 00 00 4a                           .......J

Packet (53 bytes):
0000  1c 00 20 ea b5 85 03 ad ff ff 00 00 00 00 1b 00   .. .............
0010  00 01 00 01 00 00 02 19 00 00 00 00 21 09 08 02   ............!...
0020  01 00 11 00 08 07 00 00 0c 04 00 00 88 cd 00 00   ................
0030  00 00 00 00 e1                                    .....
USB Control (24 bytes):
0000  09 08 02 01 00 11 00 08 07 00 00 0c 04 00 00 88   ................
0010  cd 00 00 00 00 00 00 e1                           ........

Packet (53 bytes):
0000  1c 00 e0 d4 9e 85 03 ad ff ff 00 00 00 00 1b 00   ................
0010  00 01 00 01 00 00 02 19 00 00 00 00 21 09 08 02   ............!...
0020  01 00 11 00 08 03 00 00 00 00 00 00 00 00 00 00   ................
0030  00 00 00 00 4a                                    ....J
USB Control (24 bytes):
0000  09 08 02 01 00 11 00 08 03 00 00 00 00 00 00 00   ................
0010  00 00 00 00 00 00 00 4a                           .......J

Packet (53 bytes):
0000  1c 00 10 20 23 7f 03 ad ff ff 00 00 00 00 1b 00   ... #...........
0010  00 01 00 01 00 00 02 19 00 00 00 00 21 09 08 02   ............!...
0020  01 00 11 00 08 07 00 00 0c 04 01 01 88 cb 00 00   ................
0030  00 00 00 00 e1                                    .....
USB Control (24 bytes):
0000  09 08 02 01 00 11 00 08 07 00 00 0c 04 01 01 88   ................
0010  cb 00 00 00 00 00 00 e1                           ........

Packet (53 bytes):
0000  1c 00 50 50 46 83 03 ad ff ff 00 00 00 00 1b 00   ..PPF...........
0010  00 01 00 01 00 00 02 19 00 00 00 00 21 09 08 02   ............!...
0020  01 00 11 00 08 03 00 00 00 00 00 00 00 00 00 00   ................
0030  00 00 00 00 4a                                    ....J
USB Control (24 bytes):
0000  09 08 02 01 00 11 00 08 03 00 00 00 00 00 00 00   ................
0010  00 00 00 00 00 00 00 4a                           .......J

Packet (53 bytes):
0000  1c 00 20 0b 67 81 03 ad ff ff 00 00 00 00 1b 00   .. .g...........
0010  00 01 00 01 00 00 02 19 00 00 00 00 21 09 08 02   ............!...
0020  01 00 11 00 08 07 00 00 0c 04 02 02 88 c9 00 00   ................
0030  00 00 00 00 e1                                    .....
USB Control (24 bytes):
0000  09 08 02 01 00 11 00 08 07 00 00 0c 04 02 02 88   ................
0010  c9 00 00 00 00 00 00 e1                           ........

Packet (53 bytes):
0000  1c 00 10 20 23 7f 03 ad ff ff 00 00 00 00 1b 00   ... #...........
0010  00 01 00 01 00 00 02 19 00 00 00 00 21 09 08 02   ............!...
0020  01 00 11 00 08 03 00 00 00 00 00 00 00 00 00 00   ................
0030  00 00 00 00 4a                                    ....J
USB Control (24 bytes):
0000  09 08 02 01 00 11 00 08 03 00 00 00 00 00 00 00   ................
0010  00 00 00 00 00 00 00 4a                           .......J

Packet (53 bytes):
0000  1c 00 b0 d9 9e 85 03 ad ff ff 00 00 00 00 1b 00   ................
0010  00 01 00 01 00 00 02 19 00 00 00 00 21 09 08 02   ............!...
0020  01 00 11 00 08 07 00 00 0c 04 03 03 88 c7 00 00   ................
0030  00 00 00 00 e1                                    .....
USB Control (24 bytes):
0000  09 08 02 01 00 11 00 08 07 00 00 0c 04 03 03 88   ................
0010  c7 00 00 00 00 00 00 e1                           ........

Packet (53 bytes):
0000  1c 00 10 10 9e 86 03 ad ff ff 00 00 00 00 1b 00   ................
0010  00 01 00 01 00 00 02 19 00 00 00 00 21 09 08 02   ............!...
0020  01 00 11 00 08 03 00 00 00 00 00 00 00 00 00 00   ................
0030  00 00 00 00 4a                                    ....J
USB Control (24 bytes):
0000  09 08 02 01 00 11 00 08 03 00 00 00 00 00 00 00   ................
0010  00 00 00 00 00 00 00 4a                           .......J

Packet (53 bytes):
0000  1c 00 20 0b 67 81 03 ad ff ff 00 00 00 00 1b 00   .. .g...........
0010  00 01 00 01 00 00 02 19 00 00 00 00 21 09 08 02   ............!...
0020  01 00 11 00 08 07 00 00 0c 04 04 04 88 c5 00 00   ................
0030  00 00 00 00 e1                                    .....
USB Control (24 bytes):
0000  09 08 02 01 00 11 00 08 07 00 00 0c 04 04 04 88   ................
0010  c5 00 00 00 00 00 00 e1                           ........

Packet (53 bytes):
0000  1c 00 e0 d4 9e 85 03 ad ff ff 00 00 00 00 1b 00   ................
0010  00 01 00 01 00 00 02 19 00 00 00 00 21 09 08 02   ............!...
0020  01 00 11 00 08 03 00 00 00 00 00 00 00 00 00 00   ................
0030  00 00 00 00 4a                                    ....J
USB Control (24 bytes):
0000  09 08 02 01 00 11 00 08 03 00 00 00 00 00 00 00   ................
0010  00 00 00 00 00 00 00 4a                           .......J

Packet (53 bytes):
0000  1c 00 10 20 23 7f 03 ad ff ff 00 00 00 00 1b 00   ... #...........
0010  00 01 00 01 00 00 02 19 00 00 00 00 21 09 08 02   ............!...
0020  01 00 11 00 08 07 00 00 0c 04 05 05 88 c3 00 00   ................
0030  00 00 00 00 e1                                    .....
USB Control (24 bytes):
0000  09 08 02 01 00 11 00 08 07 00 00 0c 04 05 05 88   ................
0010  c3 00 00 00 00 00 00 e1                           ........

Packet (53 bytes):
0000  1c 00 20 0b 67 81 03 ad ff ff 00 00 00 00 1b 00   .. .g...........
0010  00 01 00 01 00 00 02 19 00 00 00 00 21 09 08 02   ............!...
0020  01 00 11 00 08 03 00 00 00 00 00 00 00 00 00 00   ................
0030  00 00 00 00 4a                                    ....J
USB Control (24 bytes):
0000  09 08 02 01 00 11 00 08 03 00 00 00 00 00 00 00   ................
0010  00 00 00 00 00 00 00 4a                           .......J

Packet (53 bytes):
0000  1c 00 10 20 23 7f 03 ad ff ff 00 00 00 00 1b 00   ... #...........
0010  00 01 00 01 00 00 02 19 00 00 00 00 21 09 08 02   ............!...
0020  01 00 11 00 08 07 00 00 0c 04 06 06 88 c1 00 00   ................
0030  00 00 00 00 e1                                    .....
USB Control (24 bytes):
0000  09 08 02 01 00 11 00 08 07 00 00 0c 04 06 06 88   ................
0010  c1 00 00 00 00 00 00 e1                           ........

Packet (53 bytes):
0000  1c 00 60 34 f7 80 03 ad ff ff 00 00 00 00 1b 00   ..`4............
0010  00 01 00 01 00 00 02 19 00 00 00 00 21 09 08 02   ............!...
0020  01 00 11 00 08 03 00 00 00 00 00 00 00 00 00 00   ................
0030  00 00 00 00 4a                                    ....J
USB Control (24 bytes):
0000  09 08 02 01 00 11 00 08 03 00 00 00 00 00 00 00   ................
0010  00 00 00 00 00 00 00 4a                           .......J

Packet (53 bytes):
0000  1c 00 20 ea b5 85 03 ad ff ff 00 00 00 00 1b 00   .. .............
0010  00 01 00 01 00 00 02 19 00 00 00 00 21 09 08 02   ............!...
0020  01 00 11 00 08 07 00 00 0c 04 07 07 88 bf 00 00   ................
0030  00 00 00 00 e1                                    .....
USB Control (24 bytes):
0000  09 08 02 01 00 11 00 08 07 00 00 0c 04 07 07 88   ................
0010  bf 00 00 00 00 00 00 e1                           ........

Packet (53 bytes):
0000  1c 00 20 ea b5 85 03 ad ff ff 00 00 00 00 1b 00   .. .............
0010  00 01 00 01 00 00 02 19 00 00 00 00 21 09 08 02   ............!...
0020  01 00 11 00 08 03 00 00 00 00 00 00 00 00 00 00   ................
0030  00 00 00 00 4a                                    ....J
USB Control (24 bytes):
0000  09 08 02 01 00 11 00 08 03 00 00 00 00 00 00 00   ................
0010  00 00 00 00 00 00 00 4a                           .......J

Packet (53 bytes):
0000  1c 00 a0 18 b9 7e 03 ad ff ff 00 00 00 00 1b 00   .....~..........
0010  00 01 00 01 00 00 02 19 00 00 00 00 21 09 08 02   ............!...
0020  01 00 11 00 08 04 00 00 00 00 00 00 00 00 00 00   ................
0030  00 00 00 00 49                                    ....I
USB Control (24 bytes):
0000  09 08 02 01 00 11 00 08 04 00 00 00 00 00 00 00   ................
0010  00 00 00 00 00 00 00 49                           .......I

